food,Caloric Value,Fat,Saturated Fats,Monounsaturated Fats,Polyunsaturated Fats,Carbohydrates,Sugars,food_category,Protein,Dietary Fiber,Sodium,Cholesterol,Water,Vitamin A,Vitamin B1,Vitamin B11,Vitamin B12,Vitamin B2,Vitamin B3,Vitamin B5,Vitamin B6,Vitamin C,Vitamin D,Vitamin E,Vitamin K,Calcium,Copper,Iron,Magnesium,Manganese,Phosphorus,Potassium,Selenium,Zinc,Nutrition Density,is_vegan,is_vegetarian,is_eggetarian,is_non_veg,is_high_protein,is_low_carb,is_high_fiber,protein_per_cal,fiber_per_cal,sugar_per_cal,fat_per_cal
cream cheese,51,5.0,2.9,1.3,0.2,0.8,0.5,Dairy & Cheese,18.0,0.0,0.05,30.0,,,,,,,,,,,,,,,,,,,,,,,,False,True,True,False,True,True,False,1.411764705882353,0.0,0.0392156862745098,0.8823529411764706
neufchatel cheese,215,19.4,10.9,4.9,0.8,3.1,2.7,Dairy & Cheese,18.0,0.0,0.05,30.0,,,,,,,,,,,,,,,,,,,,,,,,False,True,True,False,True,True,False,0.33488372093023255,0.0,0.05023255813953489,0.8120930232558139
requeijao cremoso light catupiry,49,3.6,2.3,0.9,0.0,0.9,3.4,Dairy & Cheese,7.0,0.0,0.05,0.0,,,,,,,,,,,,,,,,,,,,,,,,False,True,True,False,True,True,False,0.5714285714285714,0.0,0.27755102040816326,0.6612244897959183
ricotta cheese,30,2.0,1.3,0.5,0.002,1.5,0.091,Dairy & Cheese,18.0,0.0,0.05,30.0,,,,,,,,,,,,,,,,,,,,,,,,False,True,True,False,True,True,False,2.4,0.0,0.012133333333333333,0.6
cream cheese low fat,30,2.3,1.4,0.6,0.042,1.2,0.9,Dairy & Cheese,18.0,0.0,0.05,30.0,,,,,,,,,,,,,,,,,,,,,,,,False,True,True,False,True,True,False,2.4,0.0,0.12000000000000001,0.69
cream cheese fat free,19,0.2,0.1,0.091,0.075,1.4,1.0,Dairy & Cheese,18.0,0.0,0.05,30.0,,,,,,,,,,,,,,,,,,,,,,,,False,True,True,False,True,True,False,3.789473684210526,0.0,0.21052631578947367,0.09473684210526316
gruyere cheese,116,9.1,5.3,2.8,0.5,0.1,0.1,Dairy & Cheese,18.0,0.0,0.05,30.0,,,,,,,,,,,,,,,,,,,,,,,,False,True,True,False,True,True,False,0.6206896551724138,0.0,0.003448275862068966,0.7060344827586206
cheddar cheese,113,9.3,5.3,2.6,0.3,0.9,0.1,Dairy & Cheese,18.0,0.0,0.05,30.0,,,,,,,,,,,,,,,,,,,,,,,,False,True,True,False,True,True,False,0.6371681415929203,0.0,0.003539823008849558,0.7407079646017699
parmesan cheese,71,4.5,2.7,1.4,0.1,0.6,0.046,Dairy & Cheese,18.0,0.0,0.05,30.0,,,,,,,,,,,,,,,,,,,,,,,,False,True,True,False,True,True,False,1.0140845070422535,0.0,0.0025915492957746477,0.5704225352112676
romano cheese,19,1.3,0.9,0.4,0.035,0.2,0.088,Dairy & Cheese,18.0,0.0,0.05,30.0,,,,,,,,,,,,,,,,,,,,,,,,False,True,True,False,True,True,False,3.789473684210526,0.0,0.018526315789473682,0.6157894736842106
parmesan cheese grated,21,1.4,0.8,0.4,0.036,0.7,0.075,Dairy & Cheese,18.0,0.0,0.05,30.0,,,,,,,,,,,,,,,,,,,,,,,,False,True,True,False,True,True,False,3.4285714285714284,0.0,0.014285714285714285,0.6
port salut cheese,465,37.2,22.0,12.3,1.0,0.8,0.8,Dairy & Cheese,18.0,0.0,0.05,30.0,,,,,,,,,,,,,,,,,,,,,,,,False,True,True,False,True,True,False,0.15483870967741936,0.0,0.006881720430107527,0.72
swiss cheese,98,7.7,4.6,2.0,0.3,0.4,0.0,Dairy & Cheese,18.0,0.0,0.05,30.0,,,,,,,,,,,,,,,,,,,,,,,,False,True,True,False,True,True,False,0.7346938775510204,0.0,0.0,0.7071428571428571
goat cheese hard,128,10.1,7.0,2.3,0.2,0.6,0.6,Dairy & Cheese,18.0,0.0,0.05,30.0,,,,,,,,,,,,,,,,,,,,,,,,False,True,True,False,True,True,False,0.5625,0.0,0.01875,0.7101562499999999
gouda cheese,100,7.7,4.9,2.2,0.2,0.6,0.6,Dairy & Cheese,18.0,0.0,0.05,30.0,,,,,,,,,,,,,,,,,,,,,,,,False,True,True,False,True,True,False,0.72,0.0,0.024,0.693
pepper jack cheese lucerne,75,6.0,4.0,0.0,0.0,0.0,0.0,Dairy & Cheese,18.0,0.0,0.05,30.0,,,,,,,,,,,,,,,,,,,,,,,,False,True,True,False,True,True,False,0.96,0.0,0.0,0.72
caraway cheese,106,8.3,5.3,2.3,0.2,0.9,0.0,Dairy & Cheese,18.0,0.0,0.05,30.0,,,,,,,,,,,,,,,,,,,,,,,,False,True,True,False,True,True,False,0.6792452830188679,0.0,0.0,0.7047169811320755
gjetost cheese,1058,67.0,43.5,17.9,2.1,96.8,0.0,Dairy & Cheese,18.0,0.0,0.05,30.0,,,,,,,,,,,,,,,,,,,,,,,,False,True,True,False,True,False,False,0.06805293005671077,0.0,0.0,0.5699432892249527
tilsit cheese,136,10.4,6.7,2.9,0.3,0.8,0.0,Dairy & Cheese,18.0,0.0,0.05,30.0,,,,,,,,,,,,,,,,,,,,,,,,False,True,True,False,True,True,False,0.5294117647058824,0.0,0.0,0.6882352941176472
goat cheese,103,8.4,5.8,1.9,0.2,0.009,0.031,Dairy & Cheese,18.0,0.0,0.05,30.0,,,,,,,,,,,,,,,,,,,,,,,,False,True,True,False,True,True,False,0.6990291262135923,0.0,0.001203883495145631,0.7339805825242719
brick cheese,111,8.9,5.6,2.6,0.2,0.8,0.2,Dairy & Cheese,18.0,0.0,0.05,30.0,,,,,,,,,,,,,,,,,,,,,,,,False,True,True,False,True,True,False,0.6486486486486487,0.0,0.007207207207207207,0.7216216216216217
asadero cheese,402,31.9,20.3,9.1,1.0,3.2,3.2,Dairy & Cheese,18.0,0.0,0.05,30.0,,,,,,,,,,,,,,,,,,,,,,,,False,True,True,False,True,True,False,0.1791044776119403,0.0,0.0318407960199005,0.7141791044776119
camembert cheese,90,7.3,4.6,2.1,0.2,0.1,0.1,Dairy & Cheese,18.0,0.0,0.05,30.0,,,,,,,,,,,,,,,,,,,,,,,,False,True,True,False,True,True,False,0.8,0.0,0.0044444444444444444,0.73
provolone cheese reduced fat,310,19.9,12.8,5.5,0.6,4.0,0.6,Dairy & Cheese,18.0,0.0,0.05,30.0,,,,,,,,,,,,,,,,,,,,,,,,False,True,True,False,True,True,False,0.23225806451612904,0.0,0.007741935483870968,0.577741935483871
roquefort cheese,314,26.0,16.4,7.2,1.1,1.7,0.0,Dairy & Cheese,18.0,0.0,0.05,30.0,,,,,,,,,,,,,,,,,,,,,,,,False,True,True,False,True,True,False,0.22929936305732485,0.0,0.0,0.7452229299363057
queso blanco cheese,366,28.7,16.1,7.6,1.4,3.0,2.1,Dairy & Cheese,18.0,0.0,0.05,30.0,,,,,,,,,,,,,,,,,,,,,,,,False,True,True,False,True,True,False,0.19672131147540983,0.0,0.02295081967213115,0.7057377049180328
queso seco cheese,315,23.6,13.3,6.2,1.2,2.0,0.5,Dairy & Cheese,18.0,0.0,0.05,30.0,,,,,,,,,,,,,,,,,,,,,,,,False,True,True,False,True,True,False,0.22857142857142856,0.0,0.006349206349206349,0.6742857142857143
goat cheese soft,75,6.0,4.1,1.4,0.1,0.0,0.3,Dairy & Cheese,18.0,0.0,0.05,30.0,,,,,,,,,,,,,,,,,,,,,,,,False,True,True,False,True,True,False,0.96,0.0,0.016,0.72
mozzarella cheese,90,6.6,4.2,2.0,0.2,0.7,0.0,Dairy & Cheese,18.0,0.0,0.05,30.0,,,,,,,,,,,,,,,,,,,,,,,,False,True,True,False,True,True,False,0.8,0.0,0.0,0.66
chihuahua cheese,494,39.2,24.9,11.1,1.2,7.3,7.3,Dairy & Cheese,18.0,0.0,0.05,30.0,,,,,,,,,,,,,,,,,,,,,,,,False,True,True,False,True,True,False,0.145748987854251,0.0,0.05910931174089069,0.71417004048583
limburger cheese,98,8.2,5.0,2.6,0.1,0.1,0.1,Dairy & Cheese,18.0,0.0,0.05,30.0,,,,,,,,,,,,,,,,,,,,,,,,False,True,True,False,True,True,False,0.7346938775510204,0.0,0.004081632653061225,0.7530612244897958
muenster cheese,486,39.7,25.2,11.5,0.9,1.5,1.5,Dairy & Cheese,18.0,0.0,0.05,30.0,,,,,,,,,,,,,,,,,,,,,,,,False,True,True,False,True,True,False,0.14814814814814814,0.0,0.012345679012345678,0.7351851851851852
queso fresco cheese,365,29.1,15.8,7.3,1.3,3.6,2.8,Dairy & Cheese,18.0,0.0,0.05,30.0,,,,,,,,,,,,,,,,,,,,,,,,False,True,True,False,True,True,False,0.19726027397260273,0.0,0.030684931506849315,0.7175342465753426
brie cheese,100,8.3,5.2,2.4,0.2,0.1,0.1,Dairy & Cheese,18.0,0.0,0.05,30.0,,,,,,,,,,,,,,,,,,,,,,,,False,True,True,False,True,True,False,0.72,0.0,0.004,0.747
pimento cheese,525,43.7,27.5,12.5,1.4,2.4,0.9,Dairy & Cheese,18.0,0.0,0.05,30.0,,,,,,,,,,,,,,,,,,,,,,,,False,True,True,False,True,True,False,0.13714285714285715,0.0,0.006857142857142858,0.7491428571428571
mexican cheese,316,21.7,13.0,5.6,0.8,3.8,0.6,Dairy & Cheese,18.0,0.0,0.05,30.0,,,,,,,,,,,,,,,,,,,,,,,,False,True,True,False,True,True,False,0.22784810126582278,0.0,0.007594936708860759,0.6180379746835443
feta cheese,80,6.4,4.0,1.4,0.2,1.2,0.0,Dairy & Cheese,18.0,0.0,0.05,30.0,,,,,,,,,,,,,,,,,,,,,,,,False,True,True,False,True,True,False,0.9,0.0,0.0,0.72
mozzarella cheese fat free,159,0.0,0.0,0.0,0.0,4.0,1.7,Dairy & Cheese,18.0,0.0,0.05,30.0,,,,,,,,,,,,,,,,,,,,,,,,False,True,True,False,True,True,False,0.4528301886792453,0.0,0.042767295597484274,0.0
provolone cheese,463,35.1,22.5,9.8,1.0,2.8,0.7,Dairy & Cheese,18.0,0.0,0.05,30.0,,,,,,,,,,,,,,,,,,,,,,,,False,True,True,False,True,True,False,0.15550755939524838,0.0,0.006047516198704104,0.6822894168466523
anejo cheese,492,39.6,25.1,11.3,1.2,6.1,6.1,Dairy & Cheese,18.0,0.0,0.05,30.0,,,,,,,,,,,,,,,,,,,,,,,,False,True,True,False,True,True,False,0.14634146341463414,0.0,0.04959349593495935,0.7243902439024391
honey,64,0.0,0.0,0.0,0.0,17.3,17.2,Dairy & Cheese,7.0,0.0,0.05,0.0,,,,,,,,,,,,,,,,,,,,,,,,True,True,True,False,True,False,False,0.4375,0.0,1.075,0.0
apple butter,35,0.063,0.038,0.066,0.064,8.5,7.1,Dairy & Cheese,7.0,0.0,0.05,30.0,,,,,,,,,,,,,,,,,,,,,,,,False,True,True,False,True,False,False,0.8,0.0,0.8114285714285714,0.0162
fruit jam,56,0.095,0.021,0.065,0.0,13.8,9.7,Dairy & Cheese,7.0,0.0,0.05,0.0,,,,,,,,,,,,,,,,,,,,,,,,True,True,True,False,True,False,False,0.5,0.0,0.6928571428571428,0.015267857142857142
chocolate hazelnut spread,100,5.5,5.3,0.0,0.0,11.5,10.0,Dairy & Cheese,7.0,0.0,0.05,0.0,,,,,,,,,,,,,,,,,,,,,,,,True,True,True,False,True,False,False,0.28,0.0,0.4,0.495
peanut butter,88,7.4,1.4,3.1,1.7,3.6,1.0,Dairy & Cheese,7.0,0.0,0.05,30.0,,,,,,,,,,,,,,,,,,,,,,,,False,True,True,False,True,True,False,0.3181818181818182,0.0,0.045454545454545456,0.756818181818182
peanut spread,101,8.5,1.6,4.2,2.5,2.2,0.5,Dairy & Cheese,7.0,0.0,0.05,0.0,,,,,,,,,,,,,,,,,,,,,,,,True,True,True,False,True,True,False,0.27722772277227725,0.0,0.019801980198019802,0.7574257425742574
chicken spread,88,9.8,1.8,2.7,1.3,2.3,0.3,Dairy & Cheese,7.0,0.0,0.05,0.0,,,,,,,,,,,,,,,,,,,,,,,,False,False,False,True,True,True,False,0.3181818181818182,0.0,0.013636363636363636,1.0022727272727272
cheese spread,708,68.6,43.2,19.4,2.5,8.4,8.4,Dairy & Cheese,18.0,0.0,0.05,30.0,,,,,,,,,,,,,,,,,,,,,,,,False,True,True,False,True,True,False,0.1016949152542373,0.0,0.04745762711864407,0.8720338983050847
tahini,86,7.2,1.0,2.7,3.2,3.9,0.0,Dairy & Cheese,7.0,0.0,0.05,0.0,,,,,,,,,,,,,,,,,,,,,,,,True,True,True,False,True,True,False,0.32558139534883723,0.0,0.0,0.7534883720930232
orange marmalade,49,0.0,0.0,0.0,0.0,13.3,12.0,Dairy & Cheese,7.0,0.0,0.05,0.0,,,,,,,,,,,,,,,,,,,,,,,,True,True,True,False,True,False,False,0.5714285714285714,0.0,0.9795918367346939,0.0
american cheese spread,46,3.4,2.1,1.0,0.062,1.4,1.2,Dairy & Cheese,18.0,0.0,0.05,30.0,,,,,,,,,,,,,,,,,,,,,,,,False,True,True,False,True,True,False,1.565217391304348,0.0,0.10434782608695652,0.6652173913043478
apricot jam,48,0.01,0.042,0.0,0.0,12.9,8.7,Dairy & Cheese,7.0,0.0,0.05,0.0,,,,,,,,,,,,,,,,,,,,,,,,True,True,True,False,True,False,False,0.5833333333333334,0.0,0.725,0.001875
chunky peanut butter,94,8.0,1.2,3.7,2.2,3.5,1.3,Dairy & Cheese,7.0,0.0,0.05,30.0,,,,,,,,,,,,,,,,,,,,,,,,False,True,True,False,True,True,False,0.2978723404255319,0.0,0.055319148936170216,0.7659574468085106
ham and cheese spread,37,2.8,1.3,1.1,0.2,0.3,0.0,Dairy & Cheese,18.0,0.0,0.05,30.0,,,,,,,,,,,,,,,,,,,,,,,,False,False,False,True,True,True,False,1.945945945945946,0.0,0.0,0.681081081081081
chicken and rice casserole homade,27,1.0,0.0,0.0,0.0,2.4,0.0,Dairy & Cheese,7.0,0.0,0.05,0.0,,,,,,,,,,,,,,,,,,,,,,,,False,False,False,True,True,True,False,1.037037037037037,0.0,0.0,0.3333333333333333
picnic loaf,65,4.7,1.7,2.2,0.5,1.3,0.0,Dairy & Cheese,7.0,0.0,0.05,0.0,,,,,,,,,,,,,,,,,,,,,,,,True,True,True,False,True,True,False,0.4307692307692308,0.0,0.0,0.6507692307692309
corn tamale,309,12.0,4.4,4.0,2.6,44.3,12.3,Dairy & Cheese,7.0,0.0,0.05,0.0,,,,,,,,,,,,,,,,,,,,,,,,True,True,True,False,False,False,False,0.09061488673139159,0.0,0.15922330097087378,0.34951456310679613
baked potato with cheese sauce bacon,451,25.9,10.1,9.7,4.8,44.4,0.0,Dairy & Cheese,18.0,0.0,0.05,30.0,,,,,,,,,,,,,,,,,,,,,,,,False,False,False,True,True,False,False,0.15964523281596452,0.0,0.0,0.5168514412416851
chinese egg roll,223,10.6,1.9,2.7,5.0,24.3,0.0,Dairy & Cheese,7.0,0.0,0.05,0.0,,,,,,,,,,,,,,,,,,,,,,,,False,False,True,False,False,False,False,0.12556053811659193,0.0,0.0,0.4278026905829596
butter croissant,231,12.0,6.6,3.1,0.6,26.1,6.4,Dairy & Cheese,7.0,0.0,0.05,30.0,,,,,,,,,,,,,,,,,,,,,,,,False,True,True,False,False,False,False,0.12121212121212122,0.0,0.11082251082251082,0.4675324675324675
enchilada with cheese beef,323,17.6,9.0,6.1,1.4,30.5,0.0,Dairy & Cheese,18.0,0.0,0.05,30.0,,,,,,,,,,,,,,,,,,,,,,,,False,False,False,True,True,False,False,0.22291021671826625,0.0,0.0,0.4904024767801858
corned beef hash with potatoes,387,24.2,10.2,12.4,0.7,21.9,0.8,Dairy & Cheese,7.0,0.0,0.05,0.0,,,,,,,,,,,,,,,,,,,,,,,,False,False,False,True,False,True,False,0.07235142118863049,0.0,0.0082687338501292,0.5627906976744186
biscuit with egg cheese bacon,436,25.3,8.5,11.7,2.8,35.4,2.5,Dairy & Cheese,18.0,0.0,0.05,30.0,,,,,,,,,,,,,,,,,,,,,,,,False,False,False,True,True,False,False,0.1651376146788991,0.0,0.022935779816513763,0.5222477064220183
bagel with ham egg cheese,483,18.5,7.9,5.7,3.3,52.4,7.0,Dairy & Cheese,18.0,0.0,0.05,30.0,,,,,,,,,,,,,,,,,,,,,,,,False,False,False,True,True,False,False,0.14906832298136646,0.0,0.057971014492753624,0.3447204968944099
quesadilla with chicken,529,27.5,11.1,6.8,7.4,43.3,3.4,Dairy & Cheese,7.0,0.0,0.05,0.0,,,,,,,,,,,,,,,,,,,,,,,,False,False,False,True,False,False,False,0.052930056710775046,0.0,0.025708884688090735,0.4678638941398866
corn rice,110,0.3,0.02,0.0,0.1,25.2,3.0,Dairy & Cheese,7.0,0.0,0.05,0.0,,,,,,,,,,,,,,,,,,,,,,,,True,True,True,False,True,False,False,0.2545454545454545,0.0,0.10909090909090909,0.024545454545454544
kung pao chicken,779,42.2,8.2,13.1,18.2,41.5,18.3,Dairy & Cheese,7.0,0.0,0.05,0.0,,,,,,,,,,,,,,,,,,,,,,,,False,False,False,True,False,True,False,0.03594351732991014,0.0,0.09396662387676509,0.48754813863928115
beef empanada,298,16.3,4.6,6.3,3.8,27.8,1.6,Dairy & Cheese,7.0,0.0,0.05,0.0,,,,,,,,,,,,,,,,,,,,,,,,False,False,False,True,False,False,False,0.09395973154362416,0.0,0.021476510067114096,0.49228187919463096
frijoles with cheese,225,7.8,4.1,2.6,0.7,28.7,0.0,Dairy & Cheese,18.0,0.0,0.05,30.0,,,,,,,,,,,,,,,,,,,,,,,,False,True,True,False,True,False,False,0.32,0.0,0.0,0.312
burrito with beef,285,8.1,1.7,1.7,4.0,43.9,4.1,Dairy & Cheese,7.0,0.0,0.05,0.0,,,,,,,,,,,,,,,,,,,,,,,,False,False,False,True,False,False,False,0.09824561403508772,0.0,0.0575438596491228,0.2557894736842105
crispy chicken sandwich,350,17.6,3.3,4.0,8.4,33.2,3.9,Dairy & Cheese,7.0,0.0,0.05,0.0,,,,,,,,,,,,,,,,,,,,,,,,False,False,False,True,False,False,False,0.08,0.0,0.04457142857142857,0.45257142857142857
enchilada with cheese,374,25.3,11.5,6.4,3.8,21.2,3.6,Dairy & Cheese,18.0,0.0,0.05,30.0,,,,,,,,,,,,,,,,,,,,,,,,False,True,True,False,True,True,False,0.1925133689839572,0.0,0.038502673796791446,0.6088235294117648
pork egg roll,189,6.1,1.3,2.0,2.1,25.1,4.5,Dairy & Cheese,7.0,0.0,0.05,0.0,,,,,,,,,,,,,,,,,,,,,,,,False,False,False,True,False,False,False,0.14814814814814814,0.0,0.09523809523809523,0.29047619047619044
corn on the cob with butter,155,3.4,1.6,1.0,0.6,31.9,0.0,Dairy & Cheese,7.0,0.0,0.05,30.0,,,,,,,,,,,,,,,,,,,,,,,,False,True,True,False,False,False,False,0.18064516129032257,0.0,0.0,0.19741935483870968
pancakes with butter syrup,260,7.0,2.9,2.6,1.0,45.4,0.0,Dairy & Cheese,7.0,0.0,0.05,30.0,,,,,,,,,,,,,,,,,,,,,,,,False,True,True,False,False,False,False,0.1076923076923077,0.0,0.0,0.2423076923076923
burrito with beans,224,6.7,3.4,2.4,0.6,35.7,0.0,Dairy & Cheese,7.0,0.0,0.05,0.0,,,,,,,,,,,,,,,,,,,,,,,,True,True,True,False,False,False,False,0.125,0.0,0.0,0.2691964285714286
scrambled eggs,100,7.6,2.9,2.8,0.9,1.0,0.8,Dairy & Cheese,7.0,0.0,0.05,0.0,,,,,,,,,,,,,,,,,,,,,,,,False,False,True,False,True,True,False,0.28,0.0,0.032,0.6839999999999999
baked potato with sour cream,393,22.3,10.0,7.9,3.3,50.0,0.0,Dairy & Cheese,7.0,0.0,0.05,30.0,,,,,,,,,,,,,,,,,,,,,,,,False,True,True,False,False,False,False,0.07124681933842239,0.0,0.0,0.5106870229007634
turkey and gravy,161,6.3,2.0,2.3,1.1,11.1,0.0,Dairy & Cheese,7.0,0.0,0.05,0.0,,,,,,,,,,,,,,,,,,,,,,,,False,False,False,True,False,False,False,0.17391304347826086,0.0,0.0,0.3521739130434782
chicken egg roll,158,3.6,0.8,1.1,1.5,22.8,4.5,Dairy & Cheese,7.0,0.0,0.05,0.0,,,,,,,,,,,,,,,,,,,,,,,,False,False,False,True,False,False,False,0.17721518987341772,0.0,0.11392405063291139,0.2050632911392405
vegetable egg roll,153,3.6,0.6,1.0,1.7,25.0,5.3,Dairy & Cheese,7.0,0.0,0.05,0.0,,,,,,,,,,,,,,,,,,,,,,,,False,False,True,False,False,False,False,0.1830065359477124,0.0,0.13856209150326798,0.21176470588235294
ham cheese roll,67,5.2,2.0,2.4,0.6,1.1,0.0,Dairy & Cheese,18.0,0.0,0.05,30.0,,,,,,,,,,,,,,,,,,,,,,,,False,False,False,True,True,True,False,1.0746268656716418,0.0,0.0,0.6985074626865673
biscuit with ham,386,18.4,11.4,4.8,1.0,43.8,2.2,Dairy & Cheese,7.0,0.0,0.05,0.0,,,,,,,,,,,,,,,,,,,,,,,,False,False,False,True,False,False,False,0.07253886010362694,0.0,0.0227979274611399,0.42901554404145076
lemon chicken,1440,74.9,12.2,16.4,36.7,122.0,55.2,Dairy & Cheese,7.0,0.0,0.05,0.0,,,,,,,,,,,,,,,,,,,,,,,,False,False,False,True,False,False,False,0.019444444444444445,0.0,0.15333333333333335,0.468125
hummus,435,21.1,2.8,12.0,5.2,49.5,0.7,Dairy & Cheese,7.0,0.0,0.05,0.0,,,,,,,,,,,,,,,,,,,,,,,,True,True,True,False,False,False,False,0.06436781609195402,0.0,0.0064367816091954015,0.43655172413793103
croissant with egg cheese,368,24.7,14.1,7.5,1.4,24.3,0.0,Dairy & Cheese,18.0,0.0,0.05,30.0,,,,,,,,,,,,,,,,,,,,,,,,False,False,True,False,True,False,False,0.1956521739130435,0.0,0.0,0.6040760869565217
enchirito with cheese beef beans,344,16.1,7.9,6.5,0.3,33.8,0.0,Dairy & Cheese,18.0,0.0,0.05,30.0,,,,,,,,,,,,,,,,,,,,,,,,False,False,False,True,True,False,False,0.20930232558139536,0.0,0.0,0.42122093023255813
sweet sour pork,38,2.2,0.4,0.5,1.0,3.3,1.4,Dairy & Cheese,7.0,0.0,0.05,0.0,,,,,,,,,,,,,,,,,,,,,,,,False,False,False,True,True,True,False,0.7368421052631579,0.0,0.14736842105263157,0.5210526315789474
crab cake,160,10.4,2.2,4.3,3.1,5.1,0.0,Dairy & Cheese,7.0,0.0,0.05,0.0,,,,,,,,,,,,,,,,,,,,,,,,True,True,True,False,False,True,False,0.175,0.0,0.0,0.5850000000000001
egg dinner roll,107,2.2,0.6,1.0,0.4,18.2,1.5,Dairy & Cheese,7.0,0.0,0.05,0.0,,,,,,,,,,,,,,,,,,,,,,,,False,False,True,False,True,False,False,0.2616822429906542,0.0,0.056074766355140186,0.18504672897196262
english muffin with egg cheese sausage,472,29.9,11.4,11.2,4.6,28.8,2.5,Dairy & Cheese,18.0,0.0,0.05,30.0,,,,,,,,,,,,,,,,,,,,,,,,False,False,False,True,True,True,False,0.15254237288135594,0.0,0.0211864406779661,0.5701271186440677
buttermilk pancakes,86,3.5,0.7,0.9,1.7,10.9,0.0,Dairy & Cheese,7.0,0.0,0.05,30.0,,,,,,,,,,,,,,,,,,,,,,,,False,True,True,False,True,False,False,0.32558139534883723,0.0,0.0,0.36627906976744184
omelet,94,7.1,2.0,3.0,1.7,0.4,0.2,Dairy & Cheese,7.0,0.0,0.05,0.0,,,,,,,,,,,,,,,,,,,,,,,,True,True,True,False,True,True,False,0.2978723404255319,0.0,0.00851063829787234,0.6797872340425531
taco with chicken cheese lettuce,185,6.2,2.5,1.6,1.6,19.3,1.3,Dairy & Cheese,18.0,0.0,0.05,30.0,,,,,,,,,,,,,,,,,,,,,,,,False,False,False,True,True,False,False,0.3891891891891892,0.0,0.02810810810810811,0.30162162162162165
spinach souffle,230,17.6,10.1,5.0,1.0,8.0,2.5,Dairy & Cheese,7.0,0.0,0.05,0.0,,,,,,,,,,,,,,,,,,,,,,,,True,True,True,False,False,True,False,0.12173913043478261,0.0,0.043478260869565216,0.688695652173913
english muffin with cheese sausage,365,22.3,8.8,8.5,3.4,27.3,2.1,Dairy & Cheese,18.0,0.0,0.05,30.0,,,,,,,,,,,,,,,,,,,,,,,,False,False,False,True,True,False,False,0.19726027397260273,0.0,0.023013698630136987,0.5498630136986302
potato gratin,328,18.6,11.6,5.3,0.7,27.6,0.0,Dairy & Cheese,7.0,0.0,0.05,0.0,,,,,,,,,,,,,,,,,,,,,,,,True,True,True,False,False,False,False,0.08536585365853659,0.0,0.0,0.5103658536585366
biscuit with egg,436,25.3,8.5,11.7,2.8,35.4,2.5,Dairy & Cheese,7.0,0.0,0.05,0.0,,,,,,,,,,,,,,,,,,,,,,,,False,False,True,False,False,False,False,0.06422018348623854,0.0,0.022935779816513763,0.5222477064220183
french fries deep fried,222,10.5,1.7,4.2,3.8,29.4,0.2,Dairy & Cheese,7.0,0.0,0.05,0.0,,,,,,,,,,,,,,,,,,,,,,,,True,True,True,False,False,False,False,0.12612612612612611,0.0,0.0036036036036036037,0.42567567567567566
sweet sour chicken,46,2.3,0.4,0.5,1.2,4.4,2.1,Dairy & Cheese,7.0,0.0,0.05,0.0,,,,,,,,,,,,,,,,,,,,,,,,False,False,False,True,True,True,False,0.6086956521739131,0.0,0.1826086956521739,0.45
burrito with beans beef,460,18.0,7.0,7.8,1.4,47.0,5.3,Dairy & Cheese,7.0,0.0,0.05,0.0,,,,,,,,,,,,,,,,,,,,,,,,False,False,False,True,False,False,False,0.06086956521739131,0.0,0.04608695652173913,0.3521739130434783
nachos with cinnamon sugar,592,36.0,18.2,11.8,4.1,63.4,0.0,Dairy & Cheese,7.0,0.0,0.05,0.0,,,,,,,,,,,,,,,,,,,,,,,,True,True,True,False,False,False,False,0.0472972972972973,0.0,0.0,0.5472972972972973
arroz con grandules,209,5.7,0.9,1.2,2.7,35.4,0.0,Dairy & Cheese,7.0,0.0,0.05,0.0,,,,,,,,,,,,,,,,,,,,,,,,True,True,True,False,False,False,False,0.1339712918660287,0.0,0.0,0.24545454545454548
chili con carne,271,8.8,3.2,3.6,1.0,33.1,4.7,Dairy & Cheese,7.0,0.0,0.05,0.0,,,,,,,,,,,,,,,,,,,,,,,,True,True,True,False,False,False,False,0.1033210332103321,0.0,0.06937269372693727,0.2922509225092251
arroz con abichuelas,223,5.4,0.8,1.1,2.5,37.3,0.2,Dairy & Cheese,7.0,0.0,0.05,0.0,,,,,,,,,,,,,,,,,,,,,,,,True,True,True,False,False,False,False,0.12556053811659193,0.0,0.003587443946188341,0.2179372197309417
biscuit with sausage,412,27.1,8.2,13.5,3.4,33.3,1.8,Dairy & Cheese,7.0,0.0,0.05,0.0,,,,,,,,,,,,,,,,,,,,,,,,False,False,False,True,False,False,False,0.06796116504854369,0.0,0.017475728155339806,0.591990291262136
vegetarian stew,304,7.4,1.2,1.8,3.8,17.3,3.1,Dairy & Cheese,7.0,0.0,0.05,0.0,,,,,,,,,,,,,,,,,,,,,,,,True,True,True,False,False,True,False,0.09210526315789473,0.0,0.04078947368421053,0.21907894736842107
chicken sandwich with cheese,632,38.8,12.4,13.7,9.9,41.6,0.0,Dairy & Cheese,18.0,0.0,0.05,30.0,,,,,,,,,,,,,,,,,,,,,,,,False,False,False,True,True,False,False,0.11392405063291139,0.0,0.0,0.5525316455696202
biscuit with egg steak,410,28.4,8.6,11.7,5.8,21.3,0.0,Dairy & Cheese,7.0,0.0,0.05,0.0,,,,,,,,,,,,,,,,,,,,,,,,False,False,True,False,False,True,False,0.06829268292682927,0.0,0.0,0.6234146341463415
taco salad,212,11.2,5.2,3.9,1.3,17.9,0.0,Dairy & Cheese,7.0,0.0,0.05,0.0,,,,,,,,,,,,,,,,,,,,,,,,True,True,True,False,False,False,False,0.1320754716981132,0.0,0.0,0.47547169811320755
succotash,213,1.5,0.3,0.3,0.7,46.8,0.0,Dairy & Cheese,7.0,0.0,0.05,0.0,,,,,,,,,,,,,,,,,,,,,,,,True,True,True,False,False,False,False,0.13145539906103287,0.0,0.0,0.06338028169014084
nachos with cheese jalapeno peppers,608,34.1,14.0,14.4,4.0,60.1,0.0,Dairy & Cheese,18.0,0.0,0.05,30.0,,,,,,,,,,,,,,,,,,,,,,,,False,True,True,False,True,False,False,0.11842105263157894,0.0,0.0,0.5047697368421054
biscuit with egg ham,442,27.0,5.9,11.0,7.7,31.4,4.2,Dairy & Cheese,7.0,0.0,0.05,0.0,,,,,,,,,,,,,,,,,,,,,,,,False,False,False,True,False,False,False,0.06334841628959276,0.0,0.03800904977375566,0.5497737556561086
ladyfingers,103,2.6,0.9,1.1,0.4,16.9,7.2,Dairy & Cheese,7.0,0.0,0.05,0.0,,,,,,,,,,,,,,,,,,,,,,,,True,True,True,False,True,False,False,0.27184466019417475,0.0,0.2796116504854369,0.2271844660194175
mozzarella steak fried,102,5.9,2.2,1.5,1.6,7.7,0.7,Dairy & Cheese,7.0,0.0,0.05,0.0,,,,,,,,,,,,,,,,,,,,,,,,True,True,True,False,True,False,False,0.27450980392156865,0.0,0.027450980392156862,0.5205882352941177
tamale navajo,285,11.4,4.5,5.1,1.3,33.7,1.8,Dairy & Cheese,7.0,0.0,0.05,0.0,,,,,,,,,,,,,,,,,,,,,,,,True,True,True,False,False,False,False,0.09824561403508772,0.0,0.02526315789473684,0.36000000000000004
blueberry pancakes,84,3.5,0.8,0.9,1.6,11.0,0.0,Dairy & Cheese,7.0,0.0,0.05,0.0,,,,,,,,,,,,,,,,,,,,,,,,True,True,True,False,True,False,False,0.3333333333333333,0.0,0.0,0.375
chimichanga with beef cheese,443,23.4,11.2,9.4,0.7,39.3,0.0,Dairy & Cheese,18.0,0.0,0.05,30.0,,,,,,,,,,,,,,,,,,,,,,,,False,False,False,True,True,False,False,0.16252821670428894,0.0,0.0,0.4753950338600451
egg cheese sandwich,340,19.4,6.6,8.3,2.6,25.9,0.0,Dairy & Cheese,18.0,0.0,0.05,30.0,,,,,,,,,,,,,,,,,,,,,,,,False,False,True,False,True,False,False,0.21176470588235294,0.0,0.0,0.5135294117647059
biscuit with egg bacon,458,31.1,8.0,13.4,7.5,28.6,3.3,Dairy & Cheese,7.0,0.0,0.05,0.0,,,,,,,,,,,,,,,,,,,,,,,,False,False,False,True,False,True,False,0.0611353711790393,0.0,0.028820960698689956,0.6111353711790394
pupusas con queso,300,15.5,7.6,4.0,1.8,26.2,1.4,Dairy & Cheese,7.0,0.0,0.05,0.0,,,,,,,,,,,,,,,,,,,,,,,,True,True,True,False,False,False,False,0.09333333333333334,0.0,0.018666666666666665,0.465
apple croissant,145,5.0,2.8,1.4,0.4,21.1,0.0,Dairy & Cheese,7.0,0.0,0.05,0.0,,,,,,,,,,,,,,,,,,,,,,,,True,True,True,False,False,False,False,0.19310344827586207,0.0,0.0,0.3103448275862069
refried red beans,336,16.1,2.2,3.9,10.2,36.0,0.0,Dairy & Cheese,7.0,0.0,0.05,0.0,,,,,,,,,,,,,,,,,,,,,,,,True,True,True,False,False,False,False,0.08333333333333333,0.0,0.0,0.43125
tostada with guacamole,180,11.6,4.9,4.2,1.5,16.0,0.0,Dairy & Cheese,7.0,0.0,0.05,0.0,,,,,,,,,,,,,,,,,,,,,,,,True,True,True,False,False,False,False,0.15555555555555556,0.0,0.0,0.58
chicken sandwich,468,20.9,4.0,8.4,5.9,39.1,6.8,Dairy & Cheese,7.0,0.0,0.05,0.0,,,,,,,,,,,,,,,,,,,,,,,,False,False,False,True,False,False,False,0.05982905982905983,0.0,0.05811965811965812,0.40192307692307694
fried rice,228,3.2,0.7,0.8,1.3,43.4,0.6,Dairy & Cheese,7.0,0.0,0.05,0.0,,,,,,,,,,,,,,,,,,,,,,,,True,True,True,False,False,False,False,0.12280701754385964,0.0,0.010526315789473684,0.12631578947368421
pupusas del cerdo,283,12.7,3.9,4.8,2.7,28.1,1.8,Dairy & Cheese,7.0,0.0,0.05,0.0,,,,,,,,,,,,,,,,,,,,,,,,True,True,True,False,False,False,False,0.0989399293286219,0.0,0.025441696113074206,0.403886925795053
turkey pot pie,699,34.9,11.4,13.7,5.5,70.3,0.0,Dairy & Cheese,7.0,0.0,0.05,0.0,,,,,,,,,,,,,,,,,,,,,,,,False,False,False,True,False,False,False,0.04005722460658083,0.0,0.0,0.44935622317596563
cheese croissant,331,16.7,8.5,5.2,1.9,37.6,9.1,Dairy & Cheese,18.0,0.0,0.05,30.0,,,,,,,,,,,,,,,,,,,,,,,,False,True,True,False,True,False,False,0.2175226586102719,0.0,0.10996978851963746,0.4540785498489425
chimichanga with beef,425,19.7,8.5,8.1,1.1,42.8,0.0,Dairy & Cheese,7.0,0.0,0.05,0.0,,,,,,,,,,,,,,,,,,,,,,,,False,False,False,True,False,False,False,0.06588235294117648,0.0,0.0,0.41717647058823526
french toast with butter,178,9.4,3.9,3.5,1.2,18.0,0.0,Dairy & Cheese,7.0,0.0,0.05,30.0,,,,,,,,,,,,,,,,,,,,,,,,False,True,True,False,False,False,False,0.15730337078651685,0.0,0.0,0.47528089887640457
ham egg cheese sandwich,347,16.3,7.4,5.7,1.7,30.9,0.0,Dairy & Cheese,18.0,0.0,0.05,30.0,,,,,,,,,,,,,,,,,,,,,,,,False,False,False,True,True,False,False,0.207492795389049,0.0,0.0,0.42276657060518735
english muffin with butter,189,5.8,2.4,1.5,1.3,30.4,0.0,Dairy & Cheese,7.0,0.0,0.05,30.0,,,,,,,,,,,,,,,,,,,,,,,,False,True,True,False,False,False,False,0.14814814814814814,0.0,0.0,0.27619047619047615
savoury noodle one pan dinner tandaco,172,1.2,0.5,32.9,3.6,5.5,0.0,Dairy & Cheese,7.0,0.0,0.05,0.0,,,,,,,,,,,,,,,,,,,,,,,,True,True,True,False,False,True,False,0.16279069767441862,0.0,0.0,0.0627906976744186
ham cheese sandwich,352,15.5,6.4,6.7,1.4,33.3,0.0,Dairy & Cheese,18.0,0.0,0.05,30.0,,,,,,,,,,,,,,,,,,,,,,,,False,False,False,True,True,False,False,0.20454545454545456,0.0,0.0,0.3963068181818182
sweet gefilte fish,35,0.7,0.2,0.3,0.1,3.1,0.0,Dairy & Cheese,7.0,0.0,0.05,0.0,,,,,,,,,,,,,,,,,,,,,,,,False,False,False,True,True,True,False,0.8,0.0,0.0,0.18
poached egg,72,4.7,1.6,1.8,1.0,0.4,0.2,Dairy & Cheese,7.0,0.0,0.05,0.0,,,,,,,,,,,,,,,,,,,,,,,,False,False,True,False,True,True,False,0.3888888888888889,0.0,0.011111111111111112,0.5875
tostada with beef cheese,315,16.3,10.4,3.3,1.0,22.8,0.0,Dairy & Cheese,18.0,0.0,0.05,30.0,,,,,,,,,,,,,,,,,,,,,,,,False,False,False,True,True,False,False,0.22857142857142856,0.0,0.0,0.46571428571428575
tostada with beans cheese,223,9.9,5.4,3.1,0.7,26.5,0.0,Dairy & Cheese,18.0,0.0,0.05,30.0,,,,,,,,,,,,,,,,,,,,,,,,False,True,True,False,True,False,False,0.32286995515695066,0.0,0.0,0.3995515695067265
pork tamale,247,12.8,3.8,4.6,2.9,22.4,0.7,Dairy & Cheese,7.0,0.0,0.05,0.0,,,,,,,,,,,,,,,,,,,,,,,,False,False,False,True,False,False,False,0.11336032388663968,0.0,0.011336032388663967,0.46639676113360323
nachos with cheese,274,17.2,1.7,11.2,4.0,27.9,1.7,Dairy & Cheese,18.0,0.0,0.05,30.0,,,,,,,,,,,,,,,,,,,,,,,,False,True,True,False,True,False,False,0.26277372262773724,0.0,0.024817518248175182,0.564963503649635
pulled pork in barbecue sauce,418,11.0,3.5,4.5,1.9,46.7,37.8,Dairy & Cheese,7.0,0.0,0.05,0.0,,,,,,,,,,,,,,,,,,,,,,,,False,False,False,True,False,False,False,0.06698564593301436,0.0,0.3617224880382775,0.23684210526315788
baked potato with cheese sauce,474,28.7,10.6,10.7,6.0,46.5,0.0,Dairy & Cheese,18.0,0.0,0.05,30.0,,,,,,,,,,,,,,,,,,,,,,,,False,True,True,False,True,False,False,0.1518987341772152,0.0,0.0,0.5449367088607595
baked beans,310,10.3,3.9,4.3,1.5,43.3,0.0,Dairy & Cheese,7.0,0.0,0.05,0.0,,,,,,,,,,,,,,,,,,,,,,,,True,True,True,False,False,False,False,0.09032258064516129,0.0,0.0,0.29903225806451617
arroz con frijoles,220,5.6,1.1,1.3,2.3,35.6,1.3,Dairy & Cheese,7.0,0.0,0.05,0.0,,,,,,,,,,,,,,,,,,,,,,,,True,True,True,False,False,False,False,0.12727272727272726,0.0,0.023636363636363636,0.2290909090909091
taco with beef cheese lettuce,156,8.8,3.0,3.0,2.1,13.7,0.6,Dairy & Cheese,18.0,0.0,0.05,30.0,,,,,,,,,,,,,,,,,,,,,,,,False,False,False,True,True,False,False,0.46153846153846156,0.0,0.015384615384615384,0.5076923076923077
burrito with beans cheese beef,165,6.6,3.6,2.2,0.5,19.8,0.0,Dairy & Cheese,18.0,0.0,0.05,30.0,,,,,,,,,,,,,,,,,,,,,,,,False,False,False,True,True,False,False,0.43636363636363634,0.0,0.0,0.36
egg mix,30,2.2,0.8,0.8,0.4,0.098,0.091,Dairy & Cheese,7.0,0.0,0.05,0.0,,,,,,,,,,,,,,,,,,,,,,,,False,False,True,False,True,True,False,0.9333333333333333,0.0,0.012133333333333333,0.66
falafel,57,3.0,0.4,1.7,0.7,5.4,0.0,Dairy & Cheese,7.0,0.0,0.05,0.0,,,,,,,,,,,,,,,,,,,,,,,,True,True,True,False,True,True,False,0.49122807017543857,0.0,0.0,0.47368421052631576
taco salad with chili con carne,193,8.8,4.0,3.0,1.0,17.7,0.0,Dairy & Cheese,7.0,0.0,0.05,0.0,,,,,,,,,,,,,,,,,,,,,,,,True,True,True,False,False,False,False,0.14507772020725387,0.0,0.0,0.41036269430051814
wonton wrappers,93,0.5,0.022,0.033,0.2,18.5,0.0,Dairy & Cheese,7.0,0.0,0.05,0.0,,,,,,,,,,,,,,,,,,,,,,,,True,True,True,False,True,False,False,0.3010752688172043,0.0,0.0,0.04838709677419355
hushpuppies,512,20.5,3.2,5.0,11.0,69.9,3.1,Dairy & Cheese,7.0,0.0,0.05,0.0,,,,,,,,,,,,,,,,,,,,,,,,True,True,True,False,False,False,False,0.0546875,0.0,0.02421875,0.3603515625
chicken pot pie,598,34.6,12.6,11.9,8.3,57.3,7.2,Dairy & Cheese,7.0,0.0,0.05,0.0,,,,,,,,,,,,,,,,,,,,,,,,False,False,False,True,False,False,False,0.046822742474916385,0.0,0.048160535117056855,0.5207357859531773
general tsos chicken,1578,87.5,14.8,20.8,40.1,128.3,62.1,Dairy & Cheese,7.0,0.0,0.05,0.0,,,,,,,,,,,,,,,,,,,,,,,,False,False,False,True,False,False,False,0.017743979721166033,0.0,0.1574144486692015,0.4990494296577947
burrito with beans cheese,379,11.2,4.3,2.3,4.1,57.8,3.2,Dairy & Cheese,18.0,0.0,0.05,30.0,,,,,,,,,,,,,,,,,,,,,,,,False,True,True,False,True,False,False,0.18997361477572558,0.0,0.033773087071240104,0.26596306068601583
vegetarian fillets,247,15.3,2.4,3.7,7.9,7.7,0.7,Dairy & Cheese,7.0,0.0,0.05,0.0,,,,,,,,,,,,,,,,,,,,,,,,True,True,True,False,False,True,False,0.11336032388663968,0.0,0.011336032388663967,0.5574898785425102
biscuit with egg sausage,505,33.6,10.4,16.2,4.8,34.1,1.5,Dairy & Cheese,7.0,0.0,0.05,0.0,,,,,,,,,,,,,,,,,,,,,,,,False,False,False,True,False,False,False,0.055445544554455446,0.0,0.011881188118811881,0.5988118811881189
chicken chow mein,513,16.9,3.0,3.7,7.4,50.1,10.5,Dairy & Cheese,7.0,0.0,0.05,0.0,,,,,,,,,,,,,,,,,,,,,,,,False,False,False,True,False,False,False,0.05458089668615984,0.0,0.08187134502923976,0.2964912280701754
fruit burrito,231,9.5,4.6,3.4,1.1,35.0,0.0,Dairy & Cheese,7.0,0.0,0.05,0.0,,,,,,,,,,,,,,,,,,,,,,,,True,True,True,False,False,False,False,0.12121212121212122,0.0,0.0,0.37012987012987014
arroz con leche,369,9.3,4.8,2.6,1.1,63.0,38.6,Dairy & Cheese,7.0,0.0,0.05,0.0,,,,,,,,,,,,,,,,,,,,,,,,True,True,True,False,False,False,False,0.07588075880758807,0.0,0.4184281842818428,0.22682926829268293
caramel custard flan,444,12.3,5.5,3.9,1.2,69.7,70.8,Dairy & Cheese,7.0,0.0,0.05,0.0,,,,,,,,,,,,,,,,,,,,,,,,False,False,True,False,False,False,False,0.06306306306306306,0.0,0.6378378378378378,0.24932432432432433
gelatin dessert,167,0.0,0.0,0.0,0.0,38.3,36.4,Dairy & Cheese,7.0,0.0,0.05,0.0,,,,,,,,,,,,,,,,,,,,,,,,False,False,False,True,False,False,False,0.16766467065868262,0.0,0.8718562874251496,0.0
chocolate milk dessert,229,1.4,0.8,0.5,0.084,51.6,51.6,Dairy & Cheese,7.0,0.0,0.05,0.0,,,,,,,,,,,,,,,,,,,,,,,,False,True,True,False,False,False,False,0.1222707423580786,0.0,0.9013100436681223,0.055021834061135366
chocolate mousse,338,24.0,13.7,7.5,1.3,24.1,22.2,Dairy & Cheese,7.0,0.0,0.05,0.0,,,,,,,,,,,,,,,,,,,,,,,,True,True,True,False,False,False,False,0.08284023668639054,0.0,0.26272189349112424,0.6390532544378699
dulce de leche,60,1.4,0.9,0.4,0.063,10.5,9.5,Dairy & Cheese,7.0,0.0,0.05,0.0,,,,,,,,,,,,,,,,,,,,,,,,True,True,True,False,True,False,False,0.4666666666666667,0.0,0.6333333333333333,0.21
apple crisp,454,9.7,1.9,3.8,3.2,87.0,55.5,Dairy & Cheese,7.0,0.0,0.05,0.0,,,,,,,,,,,,,,,,,,,,,,,,True,True,True,False,False,False,False,0.06167400881057269,0.0,0.4889867841409692,0.19229074889867842
spinach spaghetti cooked,182,0.9,0.1,0.1,0.4,36.6,0.0,Dairy & Cheese,7.0,0.0,0.05,0.0,,,,,,,,,,,,,,,,,,,,,,,,True,True,True,False,False,False,False,0.15384615384615385,0.0,0.0,0.04450549450549451
corn pasta cooked,176,1.0,0.1,0.3,0.5,39.1,0.0,Dairy & Cheese,7.0,0.0,0.05,0.0,,,,,,,,,,,,,,,,,,,,,,,,True,True,True,False,False,False,False,0.1590909090909091,0.0,0.0,0.05113636363636364
spaghetti with meat sauce,255,2.9,1.0,0.9,0.9,43.1,7.4,Dairy & Cheese,7.0,0.0,0.05,0.0,,,,,,,,,,,,,,,,,,,,,,,,False,False,False,True,False,False,False,0.10980392156862745,0.0,0.11607843137254903,0.10235294117647058
pasta with meatballs in tomato sauce,273,13.0,5.0,5.7,0.9,28.3,7.2,Dairy & Cheese,7.0,0.0,0.05,0.0,,,,,,,,,,,,,,,,,,,,,,,,False,False,False,True,False,False,False,0.10256410256410256,0.0,0.1054945054945055,0.42857142857142855
cheese tortellini,332,7.8,3.9,2.2,0.5,50.8,1.0,Dairy & Cheese,18.0,0.0,0.05,30.0,,,,,,,,,,,,,,,,,,,,,,,,False,True,True,False,True,False,False,0.21686746987951808,0.0,0.012048192771084338,0.21144578313253012
pasta with sliced franks in tomato sauce,227,6.0,2.5,2.5,1.0,32.0,8.0,Dairy & Cheese,7.0,0.0,0.05,0.0,,,,,,,,,,,,,,,,,,,,,,,,True,True,True,False,False,False,False,0.12334801762114538,0.0,0.14096916299559473,0.23788546255506607
lasagna,166,6.1,2.9,2.2,0.5,18.9,3.8,Dairy & Cheese,7.0,0.0,0.05,0.0,,,,,,,,,,,,,,,,,,,,,,,,True,True,True,False,False,False,False,0.1686746987951807,0.0,0.09156626506024096,0.33072289156626505
macaroni cheese,310,9.4,3.1,4.2,2.0,43.7,3.0,Dairy & Cheese,18.0,0.0,0.05,30.0,,,,,,,,,,,,,,,,,,,,,,,,False,True,True,False,True,False,False,0.23225806451612904,0.0,0.03870967741935484,0.27290322580645165
vegetable lasagna,316,13.7,5.5,3.3,2.6,32.2,5.8,Dairy & Cheese,7.0,0.0,0.05,0.0,,,,,,,,,,,,,,,,,,,,,,,,True,True,True,False,False,False,False,0.08860759493670886,0.0,0.07341772151898734,0.3901898734177215
spinach egg noodles cooked,211,2.5,0.6,0.8,0.6,38.8,1.1,Dairy & Cheese,7.0,0.0,0.05,0.0,,,,,,,,,,,,,,,,,,,,,,,,False,False,True,False,False,False,False,0.13270142180094788,0.0,0.02085308056872038,0.1066350710900474
cheese lasagna,316,13.0,5.1,3.8,2.5,33.6,10.3,Dairy & Cheese,18.0,0.0,0.05,30.0,,,,,,,,,,,,,,,,,,,,,,,,False,True,True,False,True,False,False,0.22784810126582278,0.0,0.13037974683544304,0.370253164556962
pasta with tomato sauce,176,1.8,0.4,0.3,0.5,35.1,10.1,Dairy & Cheese,7.0,0.0,0.05,0.0,,,,,,,,,,,,,,,,,,,,,,,,True,True,True,False,False,False,False,0.1590909090909091,0.0,0.22954545454545452,0.09204545454545454
spinach pasta cooked,37,0.3,0.078,0.073,0.043,7.1,0.0,Dairy & Cheese,7.0,0.0,0.05,0.0,,,,,,,,,,,,,,,,,,,,,,,,True,True,True,False,True,False,False,0.7567567567567568,0.0,0.0,0.07297297297297296
vegetable chicken soup,166,4.8,1.4,2.2,1.0,21.1,3.4,Dairy & Cheese,7.0,0.0,0.05,0.0,,,,,,,,,,,,,,,,,,,,,,,,False,False,False,True,False,False,False,0.1686746987951807,0.0,0.0819277108433735,0.26024096385542167
bean ham soup,198,2.5,0.6,1.0,0.7,33.5,7.8,Dairy & Cheese,7.0,0.0,0.05,0.0,,,,,,,,,,,,,,,,,,,,,,,,False,False,False,True,False,False,False,0.1414141414141414,0.0,0.15757575757575756,0.11363636363636363
cream of chicken soup,227,14.5,4.3,5.2,2.7,18.0,1.4,Dairy & Cheese,7.0,0.0,0.05,30.0,,,,,,,,,,,,,,,,,,,,,,,,False,False,False,True,False,False,False,0.12334801762114538,0.0,0.02466960352422907,0.5748898678414097
tomato soup canned,139,3.3,1.8,0.8,0.3,22.6,16.5,Dairy & Cheese,7.0,0.0,0.05,0.0,,,,,,,,,,,,,,,,,,,,,,,,True,True,True,False,False,False,False,0.2014388489208633,0.0,0.4748201438848921,0.21366906474820144
egg drop soup,65,1.5,0.4,0.5,0.3,10.3,0.2,Dairy & Cheese,7.0,0.0,0.05,0.0,,,,,,,,,,,,,,,,,,,,,,,,False,False,True,False,True,False,False,0.4307692307692308,0.0,0.012307692307692308,0.2076923076923077
scotch broth,197,6.4,2.7,1.9,1.3,23.0,0.0,Dairy & Cheese,7.0,0.0,0.05,0.0,,,,,,,,,,,,,,,,,,,,,,,,True,True,True,False,False,False,False,0.14213197969543148,0.0,0.0,0.2923857868020305
cream of onion soup,268,12.8,3.6,5.1,3.5,31.7,11.1,Dairy & Cheese,7.0,0.0,0.05,30.0,,,,,,,,,,,,,,,,,,,,,,,,False,True,True,False,False,False,False,0.1044776119402985,0.0,0.16567164179104477,0.4298507462686567
chicken broth dry,10,0.2,0.055,0.013,0.069,1.1,0.0,Dairy & Cheese,7.0,0.0,0.05,0.0,,,,,,,,,,,,,,,,,,,,,,,,False,False,False,True,True,True,False,2.8,0.0,0.0,0.18
vegetable soup with beef broth,162,3.8,0.9,1.1,1.6,26.3,4.0,Dairy & Cheese,7.0,0.0,0.05,0.0,,,,,,,,,,,,,,,,,,,,,,,,False,False,False,True,False,False,False,0.1728395061728395,0.0,0.09876543209876543,0.21111111111111108
chili with beans canned,287,14.1,6.0,6.0,0.9,30.5,3.0,Dairy & Cheese,7.0,0.0,0.05,0.0,,,,,,,,,,,,,,,,,,,,,,,,True,True,True,False,False,False,False,0.0975609756097561,0.0,0.041811846689895474,0.44216027874564456
beef noodle soup,168,6.2,2.3,2.5,1.0,17.9,5.2,Dairy & Cheese,7.0,0.0,0.05,0.0,,,,,,,,,,,,,,,,,,,,,,,,False,False,False,True,False,False,False,0.16666666666666666,0.0,0.12380952380952381,0.3321428571428572
consomme dry,17,0.2,0.0,0.0,0.0,1.9,1.1,Dairy & Cheese,7.0,0.0,0.05,0.0,,,,,,,,,,,,,,,,,,,,,,,,True,True,True,False,True,True,False,1.6470588235294117,0.0,0.25882352941176473,0.10588235294117647
chicken mushroom soup,126,6.1,1.6,2.7,1.5,15.1,1.0,Dairy & Cheese,7.0,0.0,0.05,0.0,,,,,,,,,,,,,,,,,,,,,,,,False,False,False,True,True,False,False,0.2222222222222222,0.0,0.031746031746031744,0.4357142857142857
beef vegetable soup,120,2.9,1.0,0.7,0.9,15.4,3.1,Dairy & Cheese,7.0,0.0,0.05,0.0,,,,,,,,,,,,,,,,,,,,,,,,False,False,False,True,True,False,False,0.23333333333333334,0.0,0.10333333333333333,0.21749999999999997
black bean soup,234,3.4,0.9,1.2,1.1,39.6,6.4,Dairy & Cheese,7.0,0.0,0.05,0.0,,,,,,,,,,,,,,,,,,,,,,,,True,True,True,False,False,False,False,0.11965811965811966,0.0,0.1094017094017094,0.13076923076923075
split pea soup with ham bacon,189,3.1,0.9,1.2,0.6,28.6,0.0,Dairy & Cheese,7.0,0.0,0.05,0.0,,,,,,,,,,,,,,,,,,,,,,,,False,False,False,True,False,False,False,0.14814814814814814,0.0,0.0,0.14761904761904762
cream of mushroom soup,199,13.4,2.4,3.1,7.3,17.1,1.0,Dairy & Cheese,7.0,0.0,0.05,30.0,,,,,,,,,,,,,,,,,,,,,,,,False,True,True,False,False,False,False,0.1407035175879397,0.0,0.020100502512562814,0.6060301507537689
green pea soup,320,5.7,2.7,1.9,0.7,51.7,16.7,Dairy & Cheese,7.0,0.0,0.05,0.0,,,,,,,,,,,,,,,,,,,,,,,,True,True,True,False,False,False,False,0.0875,0.0,0.20875,0.16031250000000002
chicken broth soup,78,2.6,0.8,1.2,0.6,1.9,0.9,Dairy & Cheese,7.0,0.0,0.05,0.0,,,,,,,,,,,,,,,,,,,,,,,,False,False,False,True,True,True,False,0.358974358974359,0.0,0.046153846153846156,0.30000000000000004
chicken mushroom chowder soup,431,23.7,6.2,4.5,9.4,38.3,0.0,Dairy & Cheese,7.0,0.0,0.05,0.0,,,,,,,,,,,,,,,,,,,,,,,,False,False,False,True,False,False,False,0.06496519721577726,0.0,0.0,0.49489559164733177
chicken dumplings soup,235,13.4,3.2,6.1,3.2,14.7,1.4,Dairy & Cheese,7.0,0.0,0.05,0.0,,,,,,,,,,,,,,,,,,,,,,,,False,False,False,True,False,False,False,0.11914893617021277,0.0,0.02382978723404255,0.5131914893617021
chicken vegetable soup,148,5.6,1.7,2.5,1.2,17.0,3.0,Dairy & Cheese,7.0,0.0,0.05,0.0,,,,,,,,,,,,,,,,,,,,,,,,False,False,False,True,False,False,False,0.1891891891891892,0.0,0.08108108108108109,0.3405405405405405
turkey vegetable soup,72,3.0,0.9,1.3,0.7,8.6,2.6,Dairy & Cheese,7.0,0.0,0.05,0.0,,,,,,,,,,,,,,,,,,,,,,,,False,False,False,True,True,False,False,0.3888888888888889,0.0,0.14444444444444446,0.375
wonton soup,71,0.6,0.1,0.2,0.2,11.7,0.8,Dairy & Cheese,7.0,0.0,0.05,0.0,,,,,,,,,,,,,,,,,,,,,,,,True,True,True,False,True,False,False,0.39436619718309857,0.0,0.04507042253521127,0.07605633802816901
beef stock,31,0.2,0.003,0.1,0.005,2.9,1.3,Dairy & Cheese,7.0,0.0,0.05,0.0,,,,,,,,,,,,,,,,,,,,,,,,False,False,False,True,True,True,False,0.9032258064516129,0.0,0.16774193548387098,0.05806451612903226
mushroom barley soup,186,5.5,1.1,2.4,1.7,29.3,0.0,Dairy & Cheese,7.0,0.0,0.05,0.0,,,,,,,,,,,,,,,,,,,,,,,,True,True,True,False,False,False,False,0.15053763440860216,0.0,0.0,0.2661290322580645
gazpacho soup,70,0.4,0.008,0.059,0.1,6.6,2.2,Dairy & Cheese,7.0,0.0,0.05,0.0,,,,,,,,,,,,,,,,,,,,,,,,True,True,True,False,True,False,False,0.4,0.0,0.12571428571428572,0.05142857142857143
beef mushroom soup,186,7.3,3.7,3.1,0.3,15.9,0.0,Dairy & Cheese,7.0,0.0,0.05,0.0,,,,,,,,,,,,,,,,,,,,,,,,False,False,False,True,False,False,False,0.15053763440860216,0.0,0.0,0.35322580645161294
chicken rice soup,127,3.2,1.0,1.4,0.7,13.0,1.4,Dairy & Cheese,7.0,0.0,0.05,0.0,,,,,,,,,,,,,,,,,,,,,,,,False,False,False,True,True,False,False,0.2204724409448819,0.0,0.04409448818897638,0.22677165354330708
pepperpot soup,100,4.5,2.0,2.0,0.3,9.1,0.0,Dairy & Cheese,7.0,0.0,0.05,0.0,,,,,,,,,,,,,,,,,,,,,,,,True,True,True,False,True,False,False,0.28,0.0,0.0,0.405
vegetable soup,149,4.0,0.6,1.7,1.5,24.6,7.9,Dairy & Cheese,7.0,0.0,0.05,0.0,,,,,,,,,,,,,,,,,,,,,,,,True,True,True,False,False,False,False,0.18791946308724833,0.0,0.2120805369127517,0.24161073825503357
chili beef soup,308,6.7,3.3,2.7,0.2,49.6,13.4,Dairy & Cheese,7.0,0.0,0.05,0.0,,,,,,,,,,,,,,,,,,,,,,,,False,False,False,True,False,False,False,0.09090909090909091,0.0,0.17402597402597403,0.1957792207792208
chicken soup,174,6.5,1.9,2.9,1.3,16.9,2.1,Dairy & Cheese,7.0,0.0,0.05,0.0,,,,,,,,,,,,,,,,,,,,,,,,False,False,False,True,False,False,False,0.16091954022988506,0.0,0.04827586206896552,0.33620689655172414
bean with frankfurters soup,188,7.0,2.1,2.7,1.7,22.0,0.0,Dairy & Cheese,7.0,0.0,0.05,0.0,,,,,,,,,,,,,,,,,,,,,,,,True,True,True,False,False,False,False,0.14893617021276595,0.0,0.0,0.3351063829787234
pea soup,161,2.8,1.4,1.0,0.4,25.6,8.3,Dairy & Cheese,7.0,0.0,0.05,0.0,,,,,,,,,,,,,,,,,,,,,,,,True,True,True,False,False,False,False,0.17391304347826086,0.0,0.20621118012422363,0.15652173913043477
turkey soup,135,4.4,1.2,1.8,1.1,14.1,0.0,Dairy & Cheese,7.0,0.0,0.05,0.0,,,,,,,,,,,,,,,,,,,,,,,,False,False,False,True,False,False,False,0.2074074074074074,0.0,0.0,0.29333333333333333
stockpot soup,201,7.8,1.7,2.0,3.5,23.1,0.0,Dairy & Cheese,7.0,0.0,0.05,0.0,,,,,,,,,,,,,,,,,,,,,,,,True,True,True,False,False,False,False,0.13930348258706468,0.0,0.0,0.3492537313432836
hot sour soup,91,2.8,0.5,0.7,0.7,10.1,1.0,Dairy & Cheese,7.0,0.0,0.05,0.0,,,,,,,,,,,,,,,,,,,,,,,,True,True,True,False,True,False,False,0.3076923076923077,0.0,0.04395604395604396,0.27692307692307694
cheese soup,203,9.7,6.1,2.7,0.3,28.0,9.3,Dairy & Cheese,18.0,0.0,0.05,30.0,,,,,,,,,,,,,,,,,,,,,,,,False,True,True,False,True,False,False,0.35467980295566504,0.0,0.1832512315270936,0.4300492610837438
cream of potato soup,186,4.7,2.4,1.1,0.8,32.2,3.6,Dairy & Cheese,7.0,0.0,0.05,30.0,,,,,,,,,,,,,,,,,,,,,,,,False,True,True,False,False,False,False,0.15053763440860216,0.0,0.07741935483870968,0.2274193548387097
bean with bacon soup,106,2.1,1.0,0.9,0.2,16.4,0.6,Dairy & Cheese,7.0,0.0,0.05,0.0,,,,,,,,,,,,,,,,,,,,,,,,False,False,False,True,True,False,False,0.2641509433962264,0.0,0.022641509433962263,0.17830188679245285
fish stock,40,1.9,0.5,0.5,0.3,0.0,0.0,Dairy & Cheese,7.0,0.0,0.05,0.0,,,,,,,,,,,,,,,,,,,,,,,,False,False,False,True,True,True,False,0.7,0.0,0.0,0.42749999999999994
split pea soup with ham,381,8.9,3.5,3.6,1.3,56.2,0.0,Dairy & Cheese,7.0,0.0,0.05,0.0,,,,,,,,,,,,,,,,,,,,,,,,False,False,False,True,False,False,False,0.07349081364829396,0.0,0.0,0.21023622047244098
beef broth soup,17,0.5,0.3,0.2,0.049,0.01,0.0,Dairy & Cheese,7.0,0.0,0.05,0.0,,,,,,,,,,,,,,,,,,,,,,,,False,False,False,True,True,True,False,1.6470588235294117,0.0,0.0,0.2647058823529412
lentil soup with ham,139,2.8,1.1,1.3,0.3,20.2,0.0,Dairy & Cheese,7.0,0.0,0.05,0.0,,,,,,,,,,,,,,,,,,,,,,,,False,False,False,True,False,False,False,0.2014388489208633,0.0,0.0,0.18129496402877698
tomato soup,98,0.7,0.2,0.2,0.2,22.5,12.2,Dairy & Cheese,7.0,0.0,0.05,0.0,,,,,,,,,,,,,,,,,,,,,,,,True,True,True,False,True,False,False,0.2857142857142857,0.0,0.49795918367346936,0.06428571428571428
fish broth,39,1.5,0.3,0.3,0.6,1.0,0.2,Dairy & Cheese,7.0,0.0,0.05,0.0,,,,,,,,,,,,,,,,,,,,,,,,False,False,False,True,True,True,False,0.717948717948718,0.0,0.020512820512820513,0.34615384615384615
chili without beans canned,283,17.0,5.4,5.9,1.1,14.6,0.0,Dairy & Cheese,7.0,0.0,0.05,0.0,,,,,,,,,,,,,,,,,,,,,,,,True,True,True,False,False,True,False,0.0989399293286219,0.0,0.0,0.5406360424028268
minestrone soup,167,5.0,1.1,1.4,2.2,22.6,3.7,Dairy & Cheese,7.0,0.0,0.05,0.0,,,,,,,,,,,,,,,,,,,,,,,,True,True,True,False,False,False,False,0.16766467065868262,0.0,0.08862275449101797,0.2694610778443114
clam chowder soup,154,4.4,0.8,0.8,2.6,24.5,6.8,Dairy & Cheese,7.0,0.0,0.05,0.0,,,,,,,,,,,,,,,,,,,,,,,,True,True,True,False,False,False,False,0.18181818181818182,0.0,0.17662337662337663,0.2571428571428572
tomato vegetable soup,54,0.8,0.4,0.3,0.054,9.9,2.4,Dairy & Cheese,7.0,0.0,0.05,0.0,,,,,,,,,,,,,,,,,,,,,,,,True,True,True,False,True,False,False,0.5185185185185185,0.0,0.17777777777777778,0.13333333333333333
cream of rice coup,127,0.2,0.07,0.071,0.032,28.1,0.022,Dairy & Cheese,7.0,0.0,0.05,30.0,,,,,,,,,,,,,,,,,,,,,,,,False,True,True,False,True,False,False,0.2204724409448819,0.0,0.0006929133858267717,0.014173228346456693
cream of celery soup,181,11.2,2.8,2.6,5.0,17.7,3.4,Dairy & Cheese,7.0,0.0,0.05,30.0,,,,,,,,,,,,,,,,,,,,,,,,False,True,True,False,False,False,False,0.15469613259668508,0.0,0.07513812154696133,0.5569060773480663
chicken gravy,188,13.6,3.4,6.1,3.6,12.9,1.9,Dairy & Cheese,7.0,0.0,0.05,0.0,,,,,,,,,,,,,,,,,,,,,,,,False,False,False,True,False,False,False,0.14893617021276595,0.0,0.04042553191489361,0.651063829787234
tomato rice soup,240,5.5,1.0,1.2,2.7,44.1,15.2,Dairy & Cheese,7.0,0.0,0.05,0.0,,,,,,,,,,,,,,,,,,,,,,,,True,True,True,False,False,False,False,0.11666666666666667,0.0,0.2533333333333333,0.20625
vegetable beef soup,128,2.0,0.6,0.7,0.3,9.6,0.0,Dairy & Cheese,7.0,0.0,0.05,0.0,,,,,,,,,,,,,,,,,,,,,,,,False,False,False,True,False,False,False,0.21875,0.0,0.0,0.140625
tomato beef noodle soup,281,8.6,3.2,3.5,1.4,42.3,0.0,Dairy & Cheese,7.0,0.0,0.05,0.0,,,,,,,,,,,,,,,,,,,,,,,,False,False,False,True,False,False,False,0.099644128113879,0.0,0.0,0.2754448398576512
oyster stew soup,118,7.7,5.0,1.8,0.3,8.2,0.0,Dairy & Cheese,7.0,0.0,0.05,0.0,,,,,,,,,,,,,,,,,,,,,,,,True,True,True,False,True,False,False,0.23728813559322035,0.0,0.0,0.5872881355932204
ramen noodle soup dry,371,13.3,6.4,5.6,1.2,53.9,1.3,Dairy & Cheese,7.0,0.0,0.05,0.0,,,,,,,,,,,,,,,,,,,,,,,,True,True,True,False,False,False,False,0.07547169811320754,0.0,0.014016172506738546,0.32264150943396225
chicken noodle soup,145,4.7,1.2,1.6,1.0,18.4,0.0,Dairy & Cheese,7.0,0.0,0.05,0.0,,,,,,,,,,,,,,,,,,,,,,,,False,False,False,True,False,False,False,0.19310344827586207,0.0,0.0,0.2917241379310345
chicken bouillon dry,11,0.6,0.1,0.2,0.2,0.7,0.7,Dairy & Cheese,7.0,0.0,0.05,0.0,,,,,,,,,,,,,,,,,,,,,,,,False,False,False,True,True,True,False,2.5454545454545454,0.0,0.2545454545454545,0.49090909090909085
cream of asparagus soup,174,8.2,2.1,1.9,3.7,21.5,1.8,Dairy & Cheese,7.0,0.0,0.05,30.0,,,,,,,,,,,,,,,,,,,,,,,,False,True,True,False,False,False,False,0.16091954022988506,0.0,0.041379310344827586,0.4241379310344827
turkey noodle soup,139,4.0,1.1,1.6,1.0,17.3,1.0,Dairy & Cheese,7.0,0.0,0.05,0.0,,,,,,,,,,,,,,,,,,,,,,,,False,False,False,True,False,False,False,0.2014388489208633,0.0,0.02877697841726619,0.2589928057553957
cream of shrimp soup,181,10.4,6.5,3.0,0.4,16.5,0.0,Dairy & Cheese,7.0,0.0,0.05,30.0,,,,,,,,,,,,,,,,,,,,,,,,False,False,False,True,False,False,False,0.15469613259668508,0.0,0.0,0.5171270718232045
bean with pork soup,335,11.5,3.0,4.2,3.5,44.1,7.8,Dairy & Cheese,7.0,0.0,0.05,0.0,,,,,,,,,,,,,,,,,,,,,,,,False,False,False,True,False,False,False,0.08358208955223881,0.0,0.09313432835820895,0.30895522388059704
chicken broth,12,0.5,0.008,0.1,0.042,1.0,0.0,Dairy & Cheese,7.0,0.0,0.05,0.0,,,,,,,,,,,,,,,,,,,,,,,,False,False,False,True,True,True,False,2.3333333333333335,0.0,0.0,0.375
beef broth powder,8,0.3,0.2,0.1,0.04,0.6,0.6,Dairy & Cheese,7.0,0.0,0.05,0.0,,,,,,,,,,,,,,,,,,,,,,,,False,False,False,True,True,True,False,3.5,0.0,0.3,0.33749999999999997
split pea soup,180,2.3,0.8,0.9,0.4,29.9,12.8,Dairy & Cheese,7.0,0.0,0.05,0.0,,,,,,,,,,,,,,,,,,,,,,,,True,True,True,False,False,False,False,0.15555555555555556,0.0,0.28444444444444444,0.11499999999999999
escarole soup,61,4.0,1.2,1.8,0.8,4.0,0.0,Dairy & Cheese,7.0,0.0,0.05,0.0,,,,,,,,,,,,,,,,,,,,,,,,True,True,True,False,True,True,False,0.45901639344262296,0.0,0.0,0.5901639344262295
chicken stock,86,2.9,0.8,1.4,0.5,8.5,3.8,Dairy & Cheese,7.0,0.0,0.05,0.0,,,,,,,,,,,,,,,,,,,,,,,,False,False,False,True,True,False,False,0.32558139534883723,0.0,0.17674418604651163,0.3034883720930232
tomato bisque soup,248,5.0,1.1,1.4,2.2,47.7,0.0,Dairy & Cheese,7.0,0.0,0.05,0.0,,,,,,,,,,,,,,,,,,,,,,,,True,True,True,False,False,False,False,0.11290322580645161,0.0,0.0,0.1814516129032258
shark fin soup,99,4.3,1.1,1.3,0.7,8.2,0.0,Dairy & Cheese,7.0,0.0,0.05,0.0,,,,,,,,,,,,,,,,,,,,,,,,True,True,True,False,True,False,False,0.2828282828282828,0.0,0.0,0.3909090909090909
onion soup,113,3.5,0.5,1.5,1.3,16.4,6.7,Dairy & Cheese,7.0,0.0,0.05,0.0,,,,,,,,,,,,,,,,,,,,,,,,True,True,True,False,True,False,False,0.24778761061946902,0.0,0.23716814159292035,0.27876106194690264
chicken gumbo soup,113,2.9,0.7,1.3,0.7,16.8,4.9,Dairy & Cheese,7.0,0.0,0.05,0.0,,,,,,,,,,,,,,,,,,,,,,,,False,False,False,True,True,False,False,0.24778761061946902,0.0,0.17345132743362834,0.2309734513274336
crab soup,95,0.8,0.2,0.2,0.3,12.5,0.0,Dairy & Cheese,7.0,0.0,0.05,0.0,,,,,,,,,,,,,,,,,,,,,,,,True,True,True,False,True,False,False,0.29473684210526313,0.0,0.0,0.07578947368421053
tripe soup,148,5.2,2.1,2.2,0.6,8.1,0.0,Dairy & Cheese,7.0,0.0,0.05,0.0,,,,,,,,,,,,,,,,,,,,,,,,True,True,True,False,False,True,False,0.1891891891891892,0.0,0.0,0.31621621621621626
little india little lunch,164,10.6,15.6,12.2,1.4,2.0,0.0,Dairy & Cheese,7.0,0.0,0.05,0.0,,,,,,,,,,,,,,,,,,,,,,,,True,True,True,False,False,True,False,0.17073170731707318,0.0,0.0,0.5817073170731707
original chicken sandwich chick fil a,125,5.1,11.6,7.9,0.6,0.0,0.0,Dairy & Cheese,7.0,0.0,0.05,0.0,,,,,,,,,,,,,,,,,,,,,,,,False,False,False,True,True,True,False,0.224,0.0,0.0,0.36719999999999997
sausage mcmuffin mcdonalds,383,24.2,8.3,8.9,3.7,28.2,2.2,Dairy & Cheese,7.0,0.0,0.05,0.0,,,,,,,,,,,,,,,,,,,,,,,,False,False,False,True,False,False,False,0.0731070496083551,0.0,0.02297650130548303,0.5686684073107049
sausage mcgriddles mcdonalds,421,24.0,7.3,10.2,3.5,42.2,15.2,Dairy & Cheese,7.0,0.0,0.05,0.0,,,,,,,,,,,,,,,,,,,,,,,,False,False,False,True,False,False,False,0.0665083135391924,0.0,0.14441805225653206,0.5130641330166271
crispy chicken drumstick kentucky fried chicken,70,3.0,0.8,1.2,0.8,0.0,0.0,Dairy & Cheese,7.0,0.0,0.05,0.0,,,,,,,,,,,,,,,,,,,,,,,,False,False,False,True,True,True,False,0.4,0.0,0.0,0.38571428571428573
chicken crispy drumsticks kentucky fried chicken,156,10.1,2.2,3.4,3.6,4.5,0.0,Dairy & Cheese,7.0,0.0,0.05,0.0,,,,,,,,,,,,,,,,,,,,,,,,False,False,False,True,False,True,False,0.1794871794871795,0.0,0.0,0.5826923076923076
biscuit kentucky fried chicken,185,9.1,2.2,6.1,0.6,22.1,1.7,Dairy & Cheese,7.0,0.0,0.05,0.0,,,,,,,,,,,,,,,,,,,,,,,,False,False,False,True,False,False,False,0.15135135135135136,0.0,0.036756756756756756,0.4427027027027027
english muffin mcdonalds,97,2.3,1.1,15.4,1.1,2.9,1.5,Dairy & Cheese,7.0,0.0,0.05,0.0,,,,,,,,,,,,,,,,,,,,,,,,True,True,True,False,True,True,False,0.28865979381443296,0.0,0.061855670103092786,0.2134020618556701
french fries mcdonalds,378,18.1,2.7,8.6,5.5,49.8,0.2,Dairy & Cheese,7.0,0.0,0.05,0.0,,,,,,,,,,,,,,,,,,,,,,,,True,True,True,False,False,False,False,0.07407407407407407,0.0,0.0021164021164021165,0.430952380952381
hotdog,383,23.0,8.1,10.8,2.7,28.5,0.0,Dairy & Cheese,7.0,0.0,0.05,0.0,,,,,,,,,,,,,,,,,,,,,,,,True,True,True,False,False,False,False,0.0731070496083551,0.0,0.0,0.5404699738903395
french fries burger king,207,9.2,1.6,2.4,4.4,28.6,0.4,Dairy & Cheese,7.0,0.0,0.05,0.0,,,,,,,,,,,,,,,,,,,,,,,,True,True,True,False,False,False,False,0.13526570048309178,0.0,0.007729468599033817,0.39999999999999997
original taco with beef cheese lettuce taco bell,158,8.8,3.0,3.0,2.1,13.7,0.6,Dairy & Cheese,18.0,0.0,0.05,30.0,,,,,,,,,,,,,,,,,,,,,,,,False,False,False,True,True,False,False,0.45569620253164556,0.0,0.015189873417721518,0.5012658227848101
hotdog with chili,296,13.4,4.9,6.6,1.2,31.3,0.0,Dairy & Cheese,7.0,0.0,0.05,0.0,,,,,,,,,,,,,,,,,,,,,,,,True,True,True,False,False,False,False,0.0945945945945946,0.0,0.0,0.40743243243243243
chicken crispy wings kentucky fried chicken,148,10.1,2.1,3.3,3.8,5.1,0.0,Dairy & Cheese,7.0,0.0,0.05,0.0,,,,,,,,,,,,,,,,,,,,,,,,False,False,False,True,False,True,False,0.1891891891891892,0.0,0.0,0.6141891891891891
egg white delight mcdonalds,250,16.0,4.0,18.0,4.0,0.0,0.0,Dairy & Cheese,7.0,0.0,0.05,0.0,,,,,,,,,,,,,,,,,,,,,,,,False,False,True,False,False,True,False,0.112,0.0,0.0,0.576
french toast sticks burger king,73,3.7,0.8,2.0,0.5,8.7,2.1,Dairy & Cheese,7.0,0.0,0.05,0.0,,,,,,,,,,,,,,,,,,,,,,,,True,True,True,False,True,False,False,0.3835616438356164,0.0,0.11506849315068493,0.4561643835616439
mcchicken mcdonalds,358,17.3,3.1,5.8,6.5,36.6,4.7,Dairy & Cheese,7.0,0.0,0.05,0.0,,,,,,,,,,,,,,,,,,,,,,,,False,False,False,True,False,False,False,0.0782122905027933,0.0,0.05251396648044693,0.4349162011173185
nachos supreme taco bell,480,26.6,7.8,13.7,2.8,45.0,0.0,Dairy & Cheese,7.0,0.0,0.05,0.0,,,,,,,,,,,,,,,,,,,,,,,,True,True,True,False,False,False,False,0.058333333333333334,0.0,0.0,0.49875
crispy chicken wing kentucky fried chicken,104,5.3,1.1,1.7,1.8,1.3,0.0,Dairy & Cheese,7.0,0.0,0.05,0.0,,,,,,,,,,,,,,,,,,,,,,,,False,False,False,True,True,True,False,0.2692307692307692,0.0,0.0,0.45865384615384613
chicken strips burger king,105,5.5,1.0,1.5,2.7,7.4,0.0,Dairy & Cheese,7.0,0.0,0.05,0.0,,,,,,,,,,,,,,,,,,,,,,,,False,False,False,True,True,False,False,0.26666666666666666,0.0,0.0,0.4714285714285714
crispy chicken breast kentucky fried chicken,214,6.7,1.7,2.4,2.3,0.4,0.0,Dairy & Cheese,7.0,0.0,0.05,0.0,,,,,,,,,,,,,,,,,,,,,,,,False,False,False,True,False,True,False,0.1308411214953271,0.0,0.0,0.28177570093457943
sausage biscuit mcdonalds,440,29.7,12.5,10.3,4.0,31.8,2.3,Dairy & Cheese,7.0,0.0,0.05,0.0,,,,,,,,,,,,,,,,,,,,,,,,False,False,False,True,False,False,False,0.06363636363636363,0.0,0.02090909090909091,0.6075
sausage burrito mcdonalds,339,17.1,6.1,6.5,2.4,24.2,1.4,Dairy & Cheese,7.0,0.0,0.05,0.0,,,,,,,,,,,,,,,,,,,,,,,,False,False,False,True,False,False,False,0.08259587020648967,0.0,0.016519174041297935,0.4539823008849558
onion rings fried,27,1.6,0.3,0.4,0.8,2.8,0.4,Dairy & Cheese,7.0,0.0,0.05,0.0,,,,,,,,,,,,,,,,,,,,,,,,True,True,True,False,True,True,False,1.037037037037037,0.0,0.05925925925925926,0.5333333333333333
onion rings burger king,379,23.0,3.8,6.3,11.1,39.7,4.9,Dairy & Cheese,7.0,0.0,0.05,0.0,,,,,,,,,,,,,,,,,,,,,,,,True,True,True,False,False,False,False,0.07387862796833773,0.0,0.051715039577836415,0.5461741424802111
turkey patty fried,79,5.0,1.3,2.1,1.3,4.4,0.053,Dairy & Cheese,7.0,0.0,0.05,0.0,,,,,,,,,,,,,,,,,,,,,,,,False,False,False,True,True,True,False,0.35443037974683544,0.0,0.0026835443037974685,0.569620253164557
hotcakes with syrup mcdonalds,601,17.8,1.8,1.9,4.6,101.8,45.5,Dairy & Cheese,7.0,0.0,0.05,0.0,,,,,,,,,,,,,,,,,,,,,,,,True,True,True,False,False,False,False,0.04658901830282862,0.0,0.30282861896838603,0.2665557404326123
crispy chicken thigh kentucky fried chicken,163,9.1,2.5,3.8,2.1,0.0,0.0,Dairy & Cheese,7.0,0.0,0.05,0.0,,,,,,,,,,,,,,,,,,,,,,,,False,False,False,True,False,True,False,0.17177914110429449,0.0,0.0,0.5024539877300613
corn dog,195,9.4,2.7,3.7,2.6,21.0,5.9,Dairy & Cheese,7.0,0.0,0.05,0.0,,,,,,,,,,,,,,,,,,,,,,,,True,True,True,False,False,False,False,0.14358974358974358,0.0,0.12102564102564103,0.4338461538461539
chicken box mcdonalds,70,4.0,0.8,2.8,0.011,5.5,0.5,Dairy & Cheese,7.0,0.0,0.05,0.0,,,,,,,,,,,,,,,,,,,,,,,,False,False,False,True,True,True,False,0.4,0.0,0.02857142857142857,0.5142857142857142
potato wedges kentucky fried chicken,379,19.8,4.0,11.9,2.4,45.0,0.0,Dairy & Cheese,7.0,0.0,0.05,0.0,,,,,,,,,,,,,,,,,,,,,,,,False,False,False,True,False,False,False,0.07387862796833773,0.0,0.0,0.4701846965699209
scrambled eggs mcdonalds,98,7.5,2.1,2.7,1.1,0.9,0.1,Dairy & Cheese,7.0,0.0,0.05,0.0,,,,,,,,,,,,,,,,,,,,,,,,False,False,True,False,True,True,False,0.2857142857142857,0.0,0.004081632653061225,0.6887755102040817
egg mcmuffin mcdonalds,287,12.2,4.5,3.4,2.2,27.3,2.7,Dairy & Cheese,7.0,0.0,0.05,0.0,,,,,,,,,,,,,,,,,,,,,,,,False,False,True,False,False,False,False,0.0975609756097561,0.0,0.037630662020905925,0.38257839721254355
nachos taco bell,362,21.9,4.7,12.6,2.6,36.0,0.0,Dairy & Cheese,7.0,0.0,0.05,0.0,,,,,,,,,,,,,,,,,,,,,,,,True,True,True,False,False,False,False,0.07734806629834254,0.0,0.0,0.5444751381215469
biscuit large mcdonalds,310,14.4,8.3,3.4,2.0,39.4,2.7,Dairy & Cheese,7.0,0.0,0.05,0.0,,,,,,,,,,,,,,,,,,,,,,,,True,True,True,False,False,False,False,0.09032258064516129,0.0,0.03483870967741936,0.4180645161290322
crispy chicken strips kentucky fried chicken,129,7.2,1.4,2.0,3.2,6.4,0.0,Dairy & Cheese,7.0,0.0,0.05,0.0,,,,,,,,,,,,,,,,,,,,,,,,False,False,False,True,False,True,False,0.21705426356589147,0.0,0.0,0.5023255813953488
hotcakes mcdonalds,113,2.9,0.6,0.6,1.5,19.0,4.4,Dairy & Cheese,7.0,0.0,0.05,0.0,,,,,,,,,,,,,,,,,,,,,,,,True,True,True,False,True,False,False,0.24778761061946902,0.0,0.15575221238938056,0.2309734513274336
chicken crispy breast kentucky fried chicken,375,23.2,5.0,7.6,8.8,11.9,0.0,Dairy & Cheese,7.0,0.0,0.05,0.0,,,,,,,,,,,,,,,,,,,,,,,,False,False,False,True,False,True,False,0.07466666666666667,0.0,0.0,0.5568
hotcakes sausage mcdonalds,776,34.9,7.3,9.0,6.5,102.4,45.7,Dairy & Cheese,7.0,0.0,0.05,0.0,,,,,,,,,,,,,,,,,,,,,,,,False,False,False,True,False,False,False,0.03608247422680412,0.0,0.23556701030927837,0.40476804123711335
chicken mcnuggets mcdonalds,48,3.2,0.5,1.3,0.9,2.4,0.025,Dairy & Cheese,7.0,0.0,0.05,0.0,,,,,,,,,,,,,,,,,,,,,,,,False,False,False,True,True,True,False,0.5833333333333334,0.0,0.0020833333333333333,0.6
chips chipotle,151,7.1,0.9,19.3,1.1,2.1,2.1,Dairy & Cheese,7.0,0.0,0.05,0.0,,,,,,,,,,,,,,,,,,,,,,,,True,True,True,False,False,True,False,0.18543046357615894,0.0,0.05562913907284769,0.42317880794701984
biscuit mcdonalds,261,12.2,7.0,2.8,1.7,33.3,2.2,Dairy & Cheese,7.0,0.0,0.05,0.0,,,,,,,,,,,,,,,,,,,,,,,,True,True,True,False,False,False,False,0.10727969348659004,0.0,0.033716475095785445,0.4206896551724138
rice bowl with chicken,36,0.4,0.01,0.1,0.1,6.4,1.2,Dairy & Cheese,7.0,0.0,0.05,0.0,,,,,,,,,,,,,,,,,,,,,,,,False,False,False,True,True,False,False,0.7777777777777778,0.0,0.13333333333333333,0.1
spaghetti with meatballs,200,8.2,2.9,3.3,1.1,22.9,5.8,Dairy & Cheese,7.0,0.0,0.05,0.0,,,,,,,,,,,,,,,,,,,,,,,,False,False,False,True,False,False,False,0.14,0.0,0.11599999999999999,0.369
meat ravioli canned,259,8.9,3.7,4.2,0.6,36.0,6.3,Dairy & Cheese,7.0,0.0,0.05,0.0,,,,,,,,,,,,,,,,,,,,,,,,False,False,False,True,False,False,False,0.10810810810810811,0.0,0.09729729729729729,0.3092664092664093
cheese ravioli canned,186,3.5,1.7,1.0,0.4,33.0,9.0,Dairy & Cheese,18.0,0.0,0.05,30.0,,,,,,,,,,,,,,,,,,,,,,,,False,True,True,False,True,False,False,0.3870967741935484,0.0,0.1935483870967742,0.1693548387096774
premium crispy chicken ranch blt sandwich mcdonalds,586,22.9,4.7,9.1,7.8,59.8,13.3,Dairy & Cheese,7.0,0.0,0.05,0.0,,,,,,,,,,,,,,,,,,,,,,,,False,False,False,True,False,False,False,0.04778156996587031,0.0,0.0907849829351536,0.35170648464163823
steak sandwich,459,14.1,3.8,5.3,3.3,52.0,0.0,Dairy & Cheese,7.0,0.0,0.05,0.0,,,,,,,,,,,,,,,,,,,,,,,,True,True,True,False,False,False,False,0.06100217864923747,0.0,0.0,0.2764705882352941
cheeseburger burger king,380,19.7,9.1,7.6,2.0,31.5,6.0,Dairy & Cheese,18.0,0.0,0.05,30.0,,,,,,,,,,,,,,,,,,,,,,,,False,True,True,False,True,False,False,0.18947368421052632,0.0,0.06315789473684211,0.466578947368421
cheeseburger mcdonalds,313,14.0,5.3,4.3,0.4,33.1,7.4,Dairy & Cheese,18.0,0.0,0.05,30.0,,,,,,,,,,,,,,,,,,,,,,,,False,True,True,False,True,False,False,0.23003194888178913,0.0,0.09456869009584665,0.402555910543131
double cheeseburger,643,36.9,15.9,13.7,3.0,41.0,9.5,Dairy & Cheese,18.0,0.0,0.05,30.0,,,,,,,,,,,,,,,,,,,,,,,,False,True,True,False,True,False,False,0.1119751166407465,0.0,0.05909797822706065,0.5164852255054432
double hamburger,942,58.6,21.6,22.9,11.3,51.4,13.2,Dairy & Cheese,7.0,0.0,0.05,0.0,,,,,,,,,,,,,,,,,,,,,,,,False,False,False,True,False,True,False,0.029723991507430998,0.0,0.05605095541401273,0.5598726114649681
premium grilled chicken classic sandwich mcdonalds,366,8.6,1.7,2.3,4.1,44.6,10.0,Dairy & Cheese,7.0,0.0,0.05,0.0,,,,,,,,,,,,,,,,,,,,,,,,False,False,False,True,False,False,False,0.07650273224043716,0.0,0.1092896174863388,0.21147540983606555
big n tasty with cheese mcdonalds,573,36.0,10.8,10.7,7.1,39.7,9.5,Dairy & Cheese,18.0,0.0,0.05,30.0,,,,,,,,,,,,,,,,,,,,,,,,False,True,True,False,True,False,False,0.1256544502617801,0.0,0.06631762652705062,0.5654450261780105
premium grilled chicken club sandwich mcdonalds,493,18.0,6.4,5.6,4.8,44.3,6.4,Dairy & Cheese,7.0,0.0,0.05,0.0,,,,,,,,,,,,,,,,,,,,,,,,False,False,False,True,False,False,False,0.056795131845841784,0.0,0.05192697768762678,0.3286004056795132
quarter pounder mcdonalds,417,19.8,6.9,7.2,0.5,37.9,8.8,Dairy & Cheese,7.0,0.0,0.05,0.0,,,,,,,,,,,,,,,,,,,,,,,,True,True,True,False,False,False,False,0.0671462829736211,0.0,0.08441247002398082,0.42733812949640293
premium crispy chicken classic sandwich mcdonalds,524,20.0,3.2,7.3,8.5,58.6,12.4,Dairy & Cheese,7.0,0.0,0.05,0.0,,,,,,,,,,,,,,,,,,,,,,,,False,False,False,True,False,False,False,0.05343511450381679,0.0,0.09465648854961832,0.3435114503816794
veggie burger,124,4.4,1.0,1.2,1.4,10.0,0.7,Dairy & Cheese,7.0,0.0,0.05,0.0,,,,,,,,,,,,,,,,,,,,,,,,False,False,True,False,True,False,False,0.22580645161290322,0.0,0.02258064516129032,0.31935483870967746
quarter pounder with cheese mcdonalds,513,28.3,11.2,9.2,0.9,39.7,9.8,Dairy & Cheese,18.0,0.0,0.05,30.0,,,,,,,,,,,,,,,,,,,,,,,,False,True,True,False,True,False,False,0.14035087719298245,0.0,0.0764132553606238,0.4964912280701755
beef sandwich steak raw,173,15.1,6.5,6.2,0.3,0.0,0.0,Dairy & Cheese,7.0,0.0,0.05,0.0,,,,,,,,,,,,,,,,,,,,,,,,False,False,False,True,False,True,False,0.16184971098265896,0.0,0.0,0.7855491329479769
cheeseburger,292,13.2,6.0,5.1,1.4,28.7,5.9,Dairy & Cheese,18.0,0.0,0.05,30.0,,,,,,,,,,,,,,,,,,,,,,,,False,True,True,False,True,False,False,0.2465753424657534,0.0,0.08082191780821918,0.40684931506849314
premium grilled chicken ranch blt sandwich mcdonalds,412,10.9,3.0,3.8,3.4,44.3,10.5,Dairy & Cheese,7.0,0.0,0.05,0.0,,,,,,,,,,,,,,,,,,,,,,,,False,False,False,True,False,False,False,0.06796116504854369,0.0,0.10194174757281553,0.23810679611650487
double whopper with cheese burger king,1061,68.1,27.9,25.1,11.9,53.9,14.4,Dairy & Cheese,18.0,0.0,0.05,30.0,,,,,,,,,,,,,,,,,,,,,,,,False,True,True,False,True,True,False,0.06786050895381715,0.0,0.05428840716305373,0.5776625824693685
big mac mcdonalds,563,32.8,8.3,7.6,0.7,44.0,8.7,Dairy & Cheese,7.0,0.0,0.05,0.0,,,,,,,,,,,,,,,,,,,,,,,,True,True,True,False,False,False,False,0.0497335701598579,0.0,0.061811722912966244,0.5243339253996447
sandwich with cold cuts,833,39.3,13.9,14.5,7.5,79.9,12.4,Dairy & Cheese,7.0,0.0,0.05,0.0,,,,,,,,,,,,,,,,,,,,,,,,True,True,True,False,False,False,False,0.03361344537815126,0.0,0.05954381752701081,0.424609843937575
filet o fish mcdonalds,378,19.6,3.8,5.4,8.0,35.4,4.9,Dairy & Cheese,7.0,0.0,0.05,0.0,,,,,,,,,,,,,,,,,,,,,,,,False,False,False,True,False,False,False,0.07407407407407407,0.0,0.05185185185185186,0.4666666666666667
hand breaded chicken tenders carls jr,57,2.9,0.6,2.9,5.5,0.2,0.0,Dairy & Cheese,7.0,0.0,0.05,0.0,,,,,,,,,,,,,,,,,,,,,,,,False,False,False,True,True,True,False,0.49122807017543857,0.0,0.0,0.45789473684210524
grilled chicken sandwich wendys,370,8.0,42.0,34.0,0.0,0.0,0.0,Dairy & Cheese,7.0,0.0,0.05,0.0,,,,,,,,,,,,,,,,,,,,,,,,False,False,False,True,False,True,False,0.07567567567567568,0.0,0.0,0.1945945945945946
sandwich with roast beef,410,13.0,7.1,1.8,2.6,44.3,0.0,Dairy & Cheese,7.0,0.0,0.05,0.0,,,,,,,,,,,,,,,,,,,,,,,,False,False,False,True,False,False,False,0.06829268292682927,0.0,0.0,0.28536585365853656
hamburger burger king,258,10.4,3.8,4.2,1.2,26.5,5.5,Dairy & Cheese,7.0,0.0,0.05,0.0,,,,,,,,,,,,,,,,,,,,,,,,False,False,False,True,False,False,False,0.10852713178294573,0.0,0.08527131782945736,0.3627906976744186
big n tasty mcdonalds,524,31.7,8.6,9.7,6.9,38.5,8.8,Dairy & Cheese,7.0,0.0,0.05,0.0,,,,,,,,,,,,,,,,,,,,,,,,True,True,True,False,False,False,False,0.05343511450381679,0.0,0.06717557251908397,0.5444656488549618
roast beef sandwich,364,15.3,5.1,5.9,2.6,33.1,5.7,Dairy & Cheese,7.0,0.0,0.05,0.0,,,,,,,,,,,,,,,,,,,,,,,,False,False,False,True,False,False,False,0.07692307692307693,0.0,0.06263736263736264,0.37829670329670334
roast beef sandwich with cheese,473,18.0,9.0,3.7,3.5,45.4,0.0,Dairy & Cheese,18.0,0.0,0.05,30.0,,,,,,,,,,,,,,,,,,,,,,,,False,False,False,True,True,False,False,0.1522198731501057,0.0,0.0,0.34249471458773784
hamburger,255,9.9,3.5,3.7,1.3,28.7,5.8,Dairy & Cheese,7.0,0.0,0.05,0.0,,,,,,,,,,,,,,,,,,,,,,,,False,False,False,True,False,False,False,0.10980392156862745,0.0,0.09098039215686274,0.34941176470588237
premium fish sandwich burger king,572,27.4,4.3,5.7,13.8,58.7,7.8,Dairy & Cheese,7.0,0.0,0.05,0.0,,,,,,,,,,,,,,,,,,,,,,,,False,False,False,True,False,False,False,0.04895104895104895,0.0,0.05454545454545454,0.43111888111888114
whopper burger king,790,48.4,18.3,16.0,12.0,52.8,13.0,Dairy & Cheese,7.0,0.0,0.05,0.0,,,,,,,,,,,,,,,,,,,,,,,,True,True,True,False,False,False,False,0.035443037974683546,0.0,0.06582278481012659,0.5513924050632911
sandwich with tuna salad,584,28.0,5.3,13.4,7.3,55.4,0.0,Dairy & Cheese,7.0,0.0,0.05,0.0,,,,,,,,,,,,,,,,,,,,,,,,False,False,False,True,False,False,False,0.04794520547945205,0.0,0.0,0.4315068493150685
original chicken sandwich burger king,569,29.2,5.4,7.4,14.4,52.2,6.0,Dairy & Cheese,7.0,0.0,0.05,0.0,,,,,,,,,,,,,,,,,,,,,,,,False,False,False,True,False,False,False,0.0492091388400703,0.0,0.0421792618629174,0.4618629173989455
double whopper burger king,942,58.6,21.6,22.9,11.3,51.4,13.2,Dairy & Cheese,7.0,0.0,0.05,0.0,,,,,,,,,,,,,,,,,,,,,,,,True,True,True,False,False,True,False,0.029723991507430998,0.0,0.05605095541401273,0.5598726114649681
premium crispy chicken club sandwich mcdonalds,635,29.9,8.5,10.7,9.0,57.4,12.7,Dairy & Cheese,7.0,0.0,0.05,0.0,,,,,,,,,,,,,,,,,,,,,,,,False,False,False,True,False,False,False,0.04409448818897638,0.0,0.08,0.42377952755905507
hamburger mcdonalds,251,9.6,3.3,3.6,1.3,28.8,5.7,Dairy & Cheese,7.0,0.0,0.05,0.0,,,,,,,,,,,,,,,,,,,,,,,,False,False,False,True,False,False,False,0.11155378486055777,0.0,0.09083665338645419,0.3442231075697211
pepperoni pizza dominos,308,12.6,5.4,3.8,2.4,36.0,4.2,Dairy & Cheese,7.0,0.0,0.05,0.0,,,,,,,,,,,,,,,,,,,,,,,,True,True,True,False,False,False,False,0.09090909090909091,0.0,0.05454545454545455,0.36818181818181817
sausage pizza,325,14.3,5.8,4.7,2.7,35.5,3.9,Dairy & Cheese,7.0,0.0,0.05,0.0,,,,,,,,,,,,,,,,,,,,,,,,False,False,False,True,False,False,False,0.08615384615384615,0.0,0.048,0.3960000000000001
pepperoni pizza,313,13.2,5.7,4.3,2.3,35.5,3.6,Dairy & Cheese,7.0,0.0,0.05,0.0,,,,,,,,,,,,,,,,,,,,,,,,True,True,True,False,False,False,False,0.08945686900958466,0.0,0.04600638977635783,0.3795527156549521
pepperoni pizza pizza hut,269,10.9,5.0,3.9,2.0,30.3,3.5,Dairy & Cheese,7.0,0.0,0.05,0.0,,,,,,,,,,,,,,,,,,,,,,,,True,True,True,False,False,False,False,0.10408921933085502,0.0,0.05204460966542751,0.3646840148698885
cheese pizza pizza hut,260,10.5,4.8,2.8,1.8,30.0,3.2,Dairy & Cheese,18.0,0.0,0.05,30.0,,,,,,,,,,,,,,,,,,,,,,,,False,True,True,False,True,False,False,0.27692307692307694,0.0,0.04923076923076923,0.36346153846153845
cheese pizza,285,10.4,4.8,2.8,1.8,35.7,3.8,Dairy & Cheese,18.0,0.0,0.05,30.0,,,,,,,,,,,,,,,,,,,,,,,,False,True,True,False,True,False,False,0.25263157894736843,0.0,0.05333333333333333,0.328421052631579
cheese pizza dominos,278,9.7,4.4,2.3,2.0,35.9,4.3,Dairy & Cheese,18.0,0.0,0.05,30.0,,,,,,,,,,,,,,,,,,,,,,,,False,True,True,False,True,False,False,0.2589928057553957,0.0,0.061870503597122296,0.31402877697841725
meat vegetable pizza,332,14.8,6.0,5.2,2.6,34.5,5.1,Dairy & Cheese,7.0,0.0,0.05,0.0,,,,,,,,,,,,,,,,,,,,,,,,False,False,False,True,False,False,False,0.08433734939759036,0.0,0.061445783132530116,0.4012048192771085
sucker raw,146,3.7,0.7,1.1,1.3,0.0,0.0,Dairy & Cheese,7.0,0.0,0.05,0.0,,,,,,,,,,,,,,,,,,,,,,,,True,True,True,False,False,True,False,0.1917808219178082,0.0,0.0,0.22808219178082195
northern pike raw,348,2.7,0.5,0.6,0.8,0.0,0.0,Dairy & Cheese,7.0,0.0,0.05,0.0,,,,,,,,,,,,,,,,,,,,,,,,True,True,True,False,False,True,False,0.08045977011494253,0.0,0.0,0.06982758620689655
haddock cooked,135,0.8,0.2,0.1,0.3,0.0,0.0,Dairy & Cheese,7.0,0.0,0.05,0.0,,,,,,,,,,,,,,,,,,,,,,,,True,True,True,False,False,True,False,0.2074074074074074,0.0,0.0,0.05333333333333334
burbot cooked,104,0.9,0.2,0.2,0.3,0.0,0.0,Dairy & Cheese,7.0,0.0,0.05,0.0,,,,,,,,,,,,,,,,,,,,,,,,True,True,True,False,True,True,False,0.2692307692307692,0.0,0.0,0.07788461538461539
pollock cooked,356,3.8,0.5,0.4,1.9,0.0,0.0,Dairy & Cheese,7.0,0.0,0.05,0.0,,,,,,,,,,,,,,,,,,,,,,,,True,True,True,False,False,True,False,0.07865168539325842,0.0,0.0,0.09606741573033707
rainbow smelt raw,27,0.7,0.1,0.2,0.3,0.0,0.0,Dairy & Cheese,7.0,0.0,0.05,0.0,,,,,,,,,,,,,,,,,,,,,,,,True,True,True,False,True,True,False,1.037037037037037,0.0,0.0,0.23333333333333334
whitefish cooked,265,11.6,1.8,3.9,4.2,0.0,0.0,Dairy & Cheese,7.0,0.0,0.05,0.0,,,,,,,,,,,,,,,,,,,,,,,,False,False,False,True,False,True,False,0.10566037735849057,0.0,0.0,0.3939622641509434
walleye pike raw,148,1.9,0.4,0.5,0.7,0.0,0.0,Dairy & Cheese,7.0,0.0,0.05,0.0,,,,,,,,,,,,,,,,,,,,,,,,True,True,True,False,False,True,False,0.1891891891891892,0.0,0.0,0.11554054054054053
carp cooked,275,12.2,2.4,5.1,3.1,0.0,0.0,Dairy & Cheese,7.0,0.0,0.05,0.0,,,,,,,,,,,,,,,,,,,,,,,,True,True,True,False,False,True,False,0.10181818181818182,0.0,0.0,0.3992727272727273
wolffish cooked,293,7.3,1.1,2.6,2.6,0.0,0.0,Dairy & Cheese,7.0,0.0,0.05,0.0,,,,,,,,,,,,,,,,,,,,,,,,False,False,False,True,False,True,False,0.09556313993174062,0.0,0.0,0.22423208191126281
snapper cooked,218,2.9,0.6,0.5,1.0,0.0,0.0,Dairy & Cheese,7.0,0.0,0.05,0.0,,,,,,,,,,,,,,,,,,,,,,,,True,True,True,False,False,True,False,0.12844036697247707,0.0,0.0,0.11972477064220183
roe cooked,58,2.3,0.5,0.6,1.0,0.5,0.0,Dairy & Cheese,7.0,0.0,0.05,0.0,,,,,,,,,,,,,,,,,,,,,,,,True,True,True,False,True,True,False,0.4827586206896552,0.0,0.0,0.3568965517241379
anchovy raw,37,1.4,0.4,0.3,0.5,0.0,0.0,Dairy & Cheese,7.0,0.0,0.05,0.0,,,,,,,,,,,,,,,,,,,,,,,,False,False,False,True,True,True,False,0.7567567567567568,0.0,0.0,0.3405405405405405
herring raw,291,16.6,3.8,6.9,3.9,0.0,0.0,Dairy & Cheese,7.0,0.0,0.05,0.0,,,,,,,,,,,,,,,,,,,,,,,,True,True,True,False,False,True,False,0.09621993127147767,0.0,0.0,0.5134020618556702
cod raw,189,1.5,0.3,0.2,0.5,0.0,0.0,Dairy & Cheese,7.0,0.0,0.05,0.0,,,,,,,,,,,,,,,,,,,,,,,,True,True,True,False,False,True,False,0.14814814814814814,0.0,0.0,0.07142857142857142
tilapia raw,111,2.0,0.7,0.6,0.4,0.0,0.0,Dairy & Cheese,7.0,0.0,0.05,0.0,,,,,,,,,,,,,,,,,,,,,,,,True,True,True,False,True,True,False,0.25225225225225223,0.0,0.0,0.16216216216216217
whiting cooked,84,1.2,0.3,0.3,0.4,0.0,0.0,Dairy & Cheese,7.0,0.0,0.05,0.0,,,,,,,,,,,,,,,,,,,,,,,,True,True,True,False,True,True,False,0.3333333333333333,0.0,0.0,0.12857142857142856
skipjack tuna cooked,407,4.0,1.3,0.7,1.2,0.0,0.0,Dairy & Cheese,7.0,0.0,0.05,0.0,,,,,,,,,,,,,,,,,,,,,,,,False,False,False,True,False,True,False,0.0687960687960688,0.0,0.0,0.08845208845208845
salmon cooked,733,44.0,8.5,14.9,16.2,0.0,0.0,Dairy & Cheese,7.0,0.0,0.05,0.0,,,,,,,,,,,,,,,,,,,,,,,,False,False,False,True,False,True,False,0.03819918144611187,0.0,0.0,0.5402455661664393
chum salmon cooked,474,14.9,3.3,6.1,3.5,0.0,0.0,Dairy & Cheese,7.0,0.0,0.05,0.0,,,,,,,,,,,,,,,,,,,,,,,,False,False,False,True,False,True,False,0.05907172995780591,0.0,0.0,0.2829113924050633
american shad cooked,363,25.4,0.0,0.0,0.0,0.0,0.0,Dairy & Cheese,7.0,0.0,0.05,0.0,,,,,,,,,,,,,,,,,,,,,,,,True,True,True,False,False,True,False,0.07713498622589532,0.0,0.0,0.6297520661157024
shark cooked,65,3.9,0.9,1.7,1.0,1.8,0.0,Dairy & Cheese,7.0,0.0,0.05,0.0,,,,,,,,,,,,,,,,,,,,,,,,True,True,True,False,True,True,False,0.4307692307692308,0.0,0.0,0.54
trout cooked,118,5.3,0.9,2.6,1.2,0.0,0.0,Dairy & Cheese,7.0,0.0,0.05,0.0,,,,,,,,,,,,,,,,,,,,,,,,True,True,True,False,True,True,False,0.23728813559322035,0.0,0.0,0.4042372881355932
swordfish raw,196,9.0,2.2,4.0,1.6,0.0,0.0,Dairy & Cheese,7.0,0.0,0.05,0.0,,,,,,,,,,,,,,,,,,,,,,,,False,False,False,True,False,True,False,0.14285714285714285,0.0,0.0,0.413265306122449
rainbow trout cooked,119,5.2,1.2,1.7,1.3,0.0,0.0,Dairy & Cheese,7.0,0.0,0.05,0.0,,,,,,,,,,,,,,,,,,,,,,,,True,True,True,False,True,True,False,0.23529411764705882,0.0,0.0,0.3932773109243698
fish sandwich with cheese,374,19.6,3.8,5.4,8.0,35.4,4.9,Dairy & Cheese,18.0,0.0,0.05,30.0,,,,,,,,,,,,,,,,,,,,,,,,False,False,False,True,True,False,False,0.1925133689839572,0.0,0.05240641711229947,0.4716577540106952
jellyfish dried,21,0.8,0.2,0.1,0.3,0.0,0.0,Dairy & Cheese,7.0,0.0,0.05,0.0,,,,,,,,,,,,,,,,,,,,,,,,False,False,False,True,True,True,False,1.3333333333333333,0.0,0.0,0.34285714285714286
mullet raw,139,4.5,1.3,1.3,0.9,0.0,0.0,Dairy & Cheese,7.0,0.0,0.05,0.0,,,,,,,,,,,,,,,,,,,,,,,,True,True,True,False,False,True,False,0.2014388489208633,0.0,0.0,0.29136690647482016
halibut cooked,353,5.1,1.1,1.8,1.1,0.0,0.0,Dairy & Cheese,7.0,0.0,0.05,0.0,,,,,,,,,,,,,,,,,,,,,,,,True,True,True,False,False,True,False,0.07932011331444759,0.0,0.0,0.130028328611898
lingcod raw,213,2.7,0.5,0.9,0.8,0.0,0.0,Dairy & Cheese,7.0,0.0,0.05,0.0,,,,,,,,,,,,,,,,,,,,,,,,True,True,True,False,False,True,False,0.13145539906103287,0.0,0.0,0.11408450704225352
orange roughy cooked,30,0.3,0.046,0.1,0.076,0.0,0.0,Dairy & Cheese,7.0,0.0,0.05,0.0,,,,,,,,,,,,,,,,,,,,,,,,True,True,True,False,True,True,False,0.9333333333333333,0.0,0.0,0.09
cisco raw,77,1.5,0.3,0.4,0.5,0.0,0.0,Dairy & Cheese,7.0,0.0,0.05,0.0,,,,,,,,,,,,,,,,,,,,,,,,True,True,True,False,True,True,False,0.36363636363636365,0.0,0.0,0.17532467532467533
florida pompano cooked,186,10.7,4.0,2.9,1.3,0.0,0.0,Dairy & Cheese,7.0,0.0,0.05,0.0,,,,,,,,,,,,,,,,,,,,,,,,True,True,True,False,False,True,False,0.15053763440860216,0.0,0.0,0.5177419354838709
snapper raw,218,2.9,0.6,0.5,1.0,0.0,0.0,Dairy & Cheese,7.0,0.0,0.05,0.0,,,,,,,,,,,,,,,,,,,,,,,,True,True,True,False,False,True,False,0.12844036697247707,0.0,0.0,0.11972477064220183
fish sandwich,565,27.4,4.3,5.7,13.8,58.7,7.8,Dairy & Cheese,7.0,0.0,0.05,0.0,,,,,,,,,,,,,,,,,,,,,,,,False,False,False,True,False,False,False,0.049557522123893805,0.0,0.0552212389380531,0.4364601769911504
haddock raw,143,0.9,0.2,0.1,0.3,0.0,0.0,Dairy & Cheese,7.0,0.0,0.05,0.0,,,,,,,,,,,,,,,,,,,,,,,,True,True,True,False,False,True,False,0.1958041958041958,0.0,0.0,0.05664335664335664
ocean perch raw,51,1.0,0.2,0.3,0.2,0.0,0.0,Dairy & Cheese,7.0,0.0,0.05,0.0,,,,,,,,,,,,,,,,,,,,,,,,True,True,True,False,True,True,False,0.5490196078431373,0.0,0.0,0.17647058823529413
cuttlefish cooked,45,0.4,0.08,0.061,0.061,0.5,0.0,Dairy & Cheese,7.0,0.0,0.05,0.0,,,,,,,,,,,,,,,,,,,,,,,,False,False,False,True,True,True,False,0.6222222222222222,0.0,0.0,0.08
cod cooked,189,1.5,0.3,0.2,0.5,0.0,0.0,Dairy & Cheese,7.0,0.0,0.05,0.0,,,,,,,,,,,,,,,,,,,,,,,,True,True,True,False,False,True,False,0.14814814814814814,0.0,0.0,0.07142857142857142
seatrout raw,248,8.6,2.4,2.1,1.7,0.0,0.0,Dairy & Cheese,7.0,0.0,0.05,0.0,,,,,,,,,,,,,,,,,,,,,,,,True,True,True,False,False,True,False,0.11290322580645161,0.0,0.0,0.31209677419354837
flounder raw,114,3.1,0.7,0.9,0.6,0.0,0.0,Dairy & Cheese,7.0,0.0,0.05,0.0,,,,,,,,,,,,,,,,,,,,,,,,True,True,True,False,True,True,False,0.24561403508771928,0.0,0.0,0.24473684210526317
spot cooked,79,3.1,0.9,0.9,0.7,0.0,0.0,Dairy & Cheese,7.0,0.0,0.05,0.0,,,,,,,,,,,,,,,,,,,,,,,,True,True,True,False,True,True,False,0.35443037974683544,0.0,0.0,0.35316455696202537
walleye pike cooked,148,1.9,0.4,0.5,0.7,0.0,0.0,Dairy & Cheese,7.0,0.0,0.05,0.0,,,,,,,,,,,,,,,,,,,,,,,,True,True,True,False,False,True,False,0.1891891891891892,0.0,0.0,0.11554054054054053
perch raw,55,0.6,0.1,0.081,0.2,0.0,0.0,Dairy & Cheese,7.0,0.0,0.05,0.0,,,,,,,,,,,,,,,,,,,,,,,,True,True,True,False,True,True,False,0.509090909090909,0.0,0.0,0.09818181818181818
pumpkin seed sunfish raw,43,0.3,0.051,0.016,0.1,0.0,0.0,Dairy & Cheese,7.0,0.0,0.05,0.0,,,,,,,,,,,,,,,,,,,,,,,,False,False,False,True,True,True,False,0.6511627906976745,0.0,0.0,0.0627906976744186
salt mackerel,415,34.1,9.7,11.3,8.4,0.0,0.0,Dairy & Cheese,7.0,0.0,0.05,0.0,,,,,,,,,,,,,,,,,,,,,,,,True,True,True,False,False,True,False,0.06746987951807229,0.0,0.0,0.7395180722891567
mackerel cooked,231,15.7,3.7,6.2,3.8,0.0,0.0,Dairy & Cheese,7.0,0.0,0.05,0.0,,,,,,,,,,,,,,,,,,,,,,,,True,True,True,False,False,True,False,0.12121212121212122,0.0,0.0,0.6116883116883116
tilapia cooked,111,2.3,0.8,0.8,0.5,0.0,0.0,Dairy & Cheese,7.0,0.0,0.05,0.0,,,,,,,,,,,,,,,,,,,,,,,,True,True,True,False,True,True,False,0.25225225225225223,0.0,0.0,0.18648648648648647
drum raw,236,9.8,2.2,4.3,2.3,0.0,0.0,Dairy & Cheese,7.0,0.0,0.05,0.0,,,,,,,,,,,,,,,,,,,,,,,,True,True,True,False,False,True,False,0.11864406779661017,0.0,0.0,0.373728813559322
atlantic croaker fried,192,11.0,3.0,4.6,2.5,6.6,0.0,Dairy & Cheese,7.0,0.0,0.05,0.0,,,,,,,,,,,,,,,,,,,,,,,,True,True,True,False,False,True,False,0.14583333333333334,0.0,0.0,0.515625
pumpkin seed sunfish cooked,42,0.3,0.025,0.083,0.1,0.0,0.0,Dairy & Cheese,7.0,0.0,0.05,0.0,,,,,,,,,,,,,,,,,,,,,,,,False,False,False,True,True,True,False,0.6666666666666666,0.0,0.0,0.06428571428571428
wolffish raw,294,7.3,1.1,2.6,2.6,0.0,0.0,Dairy & Cheese,7.0,0.0,0.05,0.0,,,,,,,,,,,,,,,,,,,,,,,,False,False,False,True,False,True,False,0.09523809523809523,0.0,0.0,0.22346938775510206
bluefin tuna cooked,276,9.4,2.4,3.1,2.8,0.0,0.0,Dairy & Cheese,7.0,0.0,0.05,0.0,,,,,,,,,,,,,,,,,,,,,,,,False,False,False,True,False,True,False,0.10144927536231885,0.0,0.0,0.3065217391304348
scup cooked,68,1.8,0.0,0.0,0.0,0.0,0.0,Dairy & Cheese,7.0,0.0,0.05,0.0,,,,,,,,,,,,,,,,,,,,,,,,True,True,True,False,True,True,False,0.4117647058823529,0.0,0.0,0.23823529411764705
herring cooked,290,16.6,3.7,6.8,3.9,0.0,0.0,Dairy & Cheese,7.0,0.0,0.05,0.0,,,,,,,,,,,,,,,,,,,,,,,,True,True,True,False,False,True,False,0.09655172413793103,0.0,0.0,0.5151724137931035
bluefish raw,186,6.4,1.4,2.7,1.6,0.0,0.0,Dairy & Cheese,7.0,0.0,0.05,0.0,,,,,,,,,,,,,,,,,,,,,,,,False,False,False,True,False,True,False,0.15053763440860216,0.0,0.0,0.3096774193548387
sheepshead cooked,234,3.0,0.7,0.7,0.7,0.0,0.0,Dairy & Cheese,7.0,0.0,0.05,0.0,,,,,,,,,,,,,,,,,,,,,,,,True,True,True,False,False,True,False,0.11965811965811966,0.0,0.0,0.11538461538461539
bass cooked,91,2.9,0.6,1.1,0.8,0.0,0.0,Dairy & Cheese,7.0,0.0,0.05,0.0,,,,,,,,,,,,,,,,,,,,,,,,True,True,True,False,True,True,False,0.3076923076923077,0.0,0.0,0.2868131868131868
pout cooked,279,3.2,1.1,1.2,0.1,0.0,0.0,Dairy & Cheese,7.0,0.0,0.05,0.0,,,,,,,,,,,,,,,,,,,,,,,,True,True,True,False,False,True,False,0.1003584229390681,0.0,0.0,0.1032258064516129
chinook salmon raw,709,41.3,12.3,17.4,11.1,0.0,0.0,Dairy & Cheese,7.0,0.0,0.05,0.0,,,,,,,,,,,,,,,,,,,,,,,,False,False,False,True,False,True,False,0.039492242595204514,0.0,0.0,0.5242595204513399
rockfish raw,172,2.6,0.7,0.7,0.8,0.0,0.0,Dairy & Cheese,7.0,0.0,0.05,0.0,,,,,,,,,,,,,,,,,,,,,,,,False,False,False,True,False,True,False,0.16279069767441862,0.0,0.0,0.13604651162790699
tilefish raw,371,8.9,1.7,2.2,2.3,0.0,0.0,Dairy & Cheese,7.0,0.0,0.05,0.0,,,,,,,,,,,,,,,,,,,,,,,,False,False,False,True,False,True,False,0.07547169811320754,0.0,0.0,0.21590296495956876
scup raw,174,4.5,1.1,0.9,1.7,0.0,0.0,Dairy & Cheese,7.0,0.0,0.05,0.0,,,,,,,,,,,,,,,,,,,,,,,,True,True,True,False,False,True,False,0.16091954022988506,0.0,0.0,0.23275862068965517
sablefish cooked,755,59.3,12.4,31.2,7.9,0.0,0.0,Dairy & Cheese,7.0,0.0,0.05,0.0,,,,,,,,,,,,,,,,,,,,,,,,False,False,False,True,False,True,False,0.03708609271523179,0.0,0.0,0.706887417218543
tuna salad,383,19.0,3.2,5.9,8.5,19.3,0.0,Dairy & Cheese,7.0,0.0,0.05,0.0,,,,,,,,,,,,,,,,,,,,,,,,False,False,False,True,False,True,False,0.0731070496083551,0.0,0.0,0.4464751958224543
coho salmon cooked,255,11.8,2.8,5.2,2.8,0.0,0.0,Dairy & Cheese,7.0,0.0,0.05,0.0,,,,,,,,,,,,,,,,,,,,,,,,False,False,False,True,False,True,False,0.10980392156862745,0.0,0.0,0.41647058823529415
roe raw,20,0.9,0.2,0.2,0.4,0.2,0.0,Dairy & Cheese,7.0,0.0,0.05,0.0,,,,,,,,,,,,,,,,,,,,,,,,True,True,True,False,True,True,False,1.4,0.0,0.0,0.40499999999999997
sea bass raw,125,2.6,0.7,0.5,1.0,0.0,0.0,Dairy & Cheese,7.0,0.0,0.05,0.0,,,,,,,,,,,,,,,,,,,,,,,,True,True,True,False,True,True,False,0.224,0.0,0.0,0.1872
pink salmon cooked,349,12.0,2.2,3.7,2.2,0.0,0.0,Dairy & Cheese,7.0,0.0,0.05,0.0,,,,,,,,,,,,,,,,,,,,,,,,False,False,False,True,False,True,False,0.08022922636103152,0.0,0.0,0.30945558739255014
sockeye salmon cooked,493,17.3,3.0,5.8,4.1,0.0,0.0,Dairy & Cheese,7.0,0.0,0.05,0.0,,,,,,,,,,,,,,,,,,,,,,,,False,False,False,True,False,True,False,0.056795131845841784,0.0,0.0,0.3158215010141988
whitefish raw,265,11.6,1.8,4.0,4.3,0.0,0.0,Dairy & Cheese,7.0,0.0,0.05,0.0,,,,,,,,,,,,,,,,,,,,,,,,False,False,False,True,False,True,False,0.10566037735849057,0.0,0.0,0.3939622641509434
greenland halibut cooked,760,56.4,9.9,34.2,5.6,0.0,0.0,Dairy & Cheese,7.0,0.0,0.05,0.0,,,,,,,,,,,,,,,,,,,,,,,,True,True,True,False,False,True,False,0.03684210526315789,0.0,0.0,0.6678947368421052
northern pike cooked,350,2.7,0.5,0.6,0.8,0.0,0.0,Dairy & Cheese,7.0,0.0,0.05,0.0,,,,,,,,,,,,,,,,,,,,,,,,True,True,True,False,False,True,False,0.08,0.0,0.0,0.06942857142857144
salmon raw,824,53.1,12.1,14.9,15.4,0.0,0.0,Dairy & Cheese,7.0,0.0,0.05,0.0,,,,,,,,,,,,,,,,,,,,,,,,False,False,False,True,False,True,False,0.03398058252427184,0.0,0.0,0.5799757281553398
turbot cooked,388,12.0,0.0,0.0,0.0,0.0,0.0,Dairy & Cheese,7.0,0.0,0.05,0.0,,,,,,,,,,,,,,,,,,,,,,,,True,True,True,False,False,True,False,0.07216494845360824,0.0,0.0,0.27835051546391754
surimi,28,0.3,0.059,0.043,0.1,1.9,0.0,Dairy & Cheese,7.0,0.0,0.05,0.0,,,,,,,,,,,,,,,,,,,,,,,,True,True,True,False,True,True,False,1.0,0.0,0.0,0.09642857142857142
chinook salmon cooked,711,41.2,9.9,17.7,8.2,0.0,0.0,Dairy & Cheese,7.0,0.0,0.05,0.0,,,,,,,,,,,,,,,,,,,,,,,,False,False,False,True,False,True,False,0.03938115330520394,0.0,0.0,0.5215189873417722
mullet cooked,140,4.5,1.3,1.3,0.9,0.0,0.0,Dairy & Cheese,7.0,0.0,0.05,0.0,,,,,,,,,,,,,,,,,,,,,,,,True,True,True,False,False,True,False,0.2,0.0,0.0,0.2892857142857143
chum salmon raw,3,0.1,0.08,0.035,0.037,0.0,0.0,Dairy & Cheese,7.0,0.0,0.05,0.0,,,,,,,,,,,,,,,,,,,,,,,,False,False,False,True,True,True,False,9.333333333333334,0.0,0.0,0.3
butterfish raw,47,2.6,1.1,1.1,0.2,0.0,0.0,Dairy & Cheese,7.0,0.0,0.05,30.0,,,,,,,,,,,,,,,,,,,,,,,,False,False,False,True,True,True,False,0.5957446808510638,0.0,0.0,0.49787234042553197
sea bass cooked,125,2.6,0.7,0.5,1.0,0.0,0.0,Dairy & Cheese,7.0,0.0,0.05,0.0,,,,,,,,,,,,,,,,,,,,,,,,True,True,True,False,True,True,False,0.224,0.0,0.0,0.1872
greenland halibut raw,759,56.5,9.9,34.2,5.6,0.0,0.0,Dairy & Cheese,7.0,0.0,0.05,0.0,,,,,,,,,,,,,,,,,,,,,,,,True,True,True,False,False,True,False,0.03689064558629776,0.0,0.0,0.6699604743083004
halibut raw,371,5.4,1.2,1.9,1.2,0.0,0.0,Dairy & Cheese,7.0,0.0,0.05,0.0,,,,,,,,,,,,,,,,,,,,,,,,True,True,True,False,False,True,False,0.07547169811320754,0.0,0.0,0.13099730458221023
sturgeon cooked,184,7.0,1.6,3.4,1.2,0.0,0.0,Dairy & Cheese,7.0,0.0,0.05,0.0,,,,,,,,,,,,,,,,,,,,,,,,True,True,True,False,False,True,False,0.15217391304347827,0.0,0.0,0.3423913043478261
fish fillet fried,211,11.2,2.6,2.3,5.7,15.4,0.0,Dairy & Cheese,7.0,0.0,0.05,0.0,,,,,,,,,,,,,,,,,,,,,,,,False,False,False,True,False,False,False,0.13270142180094788,0.0,0.0,0.4777251184834123
rainbow trout raw,111,4.9,1.1,1.6,1.2,0.0,0.0,Dairy & Cheese,7.0,0.0,0.05,0.0,,,,,,,,,,,,,,,,,,,,,,,,True,True,True,False,True,True,False,0.25225225225225223,0.0,0.0,0.3972972972972973
pout raw,278,3.2,1.1,1.2,0.1,0.0,0.0,Dairy & Cheese,7.0,0.0,0.05,0.0,,,,,,,,,,,,,,,,,,,,,,,,True,True,True,False,False,True,False,0.10071942446043165,0.0,0.0,0.10359712230215827
rainbow smelt cooked,35,0.9,0.2,0.2,0.3,0.0,0.0,Dairy & Cheese,7.0,0.0,0.05,0.0,,,,,,,,,,,,,,,,,,,,,,,,True,True,True,False,True,True,False,0.8,0.0,0.0,0.23142857142857143
monkfish raw,22,0.4,0.079,0.074,0.2,0.0,0.0,Dairy & Cheese,7.0,0.0,0.05,0.0,,,,,,,,,,,,,,,,,,,,,,,,False,False,False,True,True,True,False,1.2727272727272727,0.0,0.0,0.16363636363636364
trout raw,117,5.2,0.9,2.6,1.2,0.0,0.0,Dairy & Cheese,7.0,0.0,0.05,0.0,,,,,,,,,,,,,,,,,,,,,,,,True,True,True,False,True,True,False,0.23931623931623933,0.0,0.0,0.4
shark raw,37,1.3,0.3,0.5,0.3,0.0,0.0,Dairy & Cheese,7.0,0.0,0.05,0.0,,,,,,,,,,,,,,,,,,,,,,,,True,True,True,False,True,True,False,0.7567567567567568,0.0,0.0,0.31621621621621626
burbot raw,104,0.9,0.2,0.2,0.3,0.0,0.0,Dairy & Cheese,7.0,0.0,0.05,0.0,,,,,,,,,,,,,,,,,,,,,,,,True,True,True,False,True,True,False,0.2692307692307692,0.0,0.0,0.07788461538461539
dolphinfish cooked,173,1.4,0.4,0.2,0.3,0.0,0.0,Dairy & Cheese,7.0,0.0,0.05,0.0,,,,,,,,,,,,,,,,,,,,,,,,False,False,False,True,False,True,False,0.16184971098265896,0.0,0.0,0.07283236994219652
crayfish cooked,25,0.4,0.089,0.022,0.1,0.0,0.0,Dairy & Cheese,7.0,0.0,0.05,0.0,,,,,,,,,,,,,,,,,,,,,,,,False,False,False,True,True,True,False,1.12,0.0,0.0,0.14400000000000002
dolphinfish raw,173,1.4,0.4,0.2,0.3,0.0,0.0,Dairy & Cheese,7.0,0.0,0.05,0.0,,,,,,,,,,,,,,,,,,,,,,,,False,False,False,True,False,True,False,0.16184971098265896,0.0,0.0,0.07283236994219652
perch cooked,54,0.5,0.1,0.029,0.2,0.0,0.0,Dairy & Cheese,7.0,0.0,0.05,0.0,,,,,,,,,,,,,,,,,,,,,,,,True,True,True,False,True,True,False,0.5185185185185185,0.0,0.0,0.08333333333333333
cusk raw,106,0.8,0.2,0.1,0.3,0.0,0.0,Dairy & Cheese,7.0,0.0,0.05,0.0,,,,,,,,,,,,,,,,,,,,,,,,True,True,True,False,True,True,False,0.2641509433962264,0.0,0.0,0.06792452830188679
bluefin tuna raw,41,1.4,0.4,0.5,0.4,0.0,0.0,Dairy & Cheese,7.0,0.0,0.05,0.0,,,,,,,,,,,,,,,,,,,,,,,,False,False,False,True,True,True,False,0.6829268292682927,0.0,0.0,0.3073170731707317
milkfish cooked,54,2.4,0.0,0.0,0.0,0.0,0.0,Dairy & Cheese,7.0,0.0,0.05,0.0,,,,,,,,,,,,,,,,,,,,,,,,False,False,False,True,True,True,False,0.5185185185185185,0.0,0.0,0.39999999999999997
carp raw,277,12.2,2.4,5.1,3.1,0.0,0.0,Dairy & Cheese,7.0,0.0,0.05,0.0,,,,,,,,,,,,,,,,,,,,,,,,True,True,True,False,False,True,False,0.10108303249097472,0.0,0.0,0.3963898916967509
sturgeon raw,30,1.1,0.3,0.5,0.2,0.0,0.0,Dairy & Cheese,7.0,0.0,0.05,0.0,,,,,,,,,,,,,,,,,,,,,,,,True,True,True,False,True,True,False,0.9333333333333333,0.0,0.0,0.33
orange roughy raw,22,0.2,0.057,0.051,0.086,0.0,0.0,Dairy & Cheese,7.0,0.0,0.05,0.0,,,,,,,,,,,,,,,,,,,,,,,,True,True,True,False,True,True,False,1.2727272727272727,0.0,0.0,0.08181818181818182
catfish fried,199,11.6,2.9,4.9,2.9,7.0,0.0,Dairy & Cheese,7.0,0.0,0.05,0.0,,,,,,,,,,,,,,,,,,,,,,,,False,False,False,True,False,True,False,0.1407035175879397,0.0,0.0,0.5246231155778894
cuttlefish raw,22,0.2,0.002,0.088,0.069,0.2,0.0,Dairy & Cheese,7.0,0.0,0.05,0.0,,,,,,,,,,,,,,,,,,,,,,,,False,False,False,True,True,True,False,1.2727272727272727,0.0,0.0,0.08181818181818182
bass raw,90,2.9,0.6,1.1,0.8,0.0,0.0,Dairy & Cheese,7.0,0.0,0.05,0.0,,,,,,,,,,,,,,,,,,,,,,,,True,True,True,False,True,True,False,0.3111111111111111,0.0,0.0,0.29
flounder cooked,109,3.0,0.7,0.8,0.6,0.0,0.0,Dairy & Cheese,7.0,0.0,0.05,0.0,,,,,,,,,,,,,,,,,,,,,,,,True,True,True,False,True,True,False,0.25688073394495414,0.0,0.0,0.24770642201834864
milkfish raw,42,1.9,0.5,0.7,0.5,0.0,0.0,Dairy & Cheese,7.0,0.0,0.05,0.0,,,,,,,,,,,,,,,,,,,,,,,,False,False,False,True,True,True,False,0.6666666666666666,0.0,0.0,0.4071428571428571
eel raw,375,23.8,4.8,14.7,1.9,0.0,0.0,Dairy & Cheese,7.0,0.0,0.05,0.0,,,,,,,,,,,,,,,,,,,,,,,,True,True,True,False,False,True,False,0.07466666666666667,0.0,0.0,0.5712
catfish raw,189,9.4,2.1,4.1,1.8,0.0,0.0,Dairy & Cheese,7.0,0.0,0.05,0.0,,,,,,,,,,,,,,,,,,,,,,,,False,False,False,True,False,True,False,0.14814814814814814,0.0,0.0,0.44761904761904764
fish sticks,78,4.5,1.0,0.9,2.2,6.1,0.5,Dairy & Cheese,7.0,0.0,0.05,0.0,,,,,,,,,,,,,,,,,,,,,,,,False,False,False,True,True,False,False,0.358974358974359,0.0,0.02564102564102564,0.5192307692307693
coho salmon raw,254,12.2,2.9,5.3,3.0,0.0,0.0,Dairy & Cheese,7.0,0.0,0.05,0.0,,,,,,,,,,,,,,,,,,,,,,,,False,False,False,True,False,True,False,0.11023622047244094,0.0,0.0,0.4322834645669291
monkfish cooked,27,0.6,0.0,0.0,0.0,0.0,0.0,Dairy & Cheese,7.0,0.0,0.05,0.0,,,,,,,,,,,,,,,,,,,,,,,,False,False,False,True,True,True,False,1.037037037037037,0.0,0.0,0.19999999999999998
yellowtail cooked,546,19.6,0.0,0.0,0.0,0.0,0.0,Dairy & Cheese,7.0,0.0,0.05,0.0,,,,,,,,,,,,,,,,,,,,,,,,True,True,True,False,False,True,False,0.05128205128205128,0.0,0.0,0.3230769230769231
yellowfin tuna cooked,37,0.2,0.054,0.095,0.038,0.0,0.0,Dairy & Cheese,7.0,0.0,0.05,0.0,,,,,,,,,,,,,,,,,,,,,,,,False,False,False,True,True,True,False,0.7567567567567568,0.0,0.0,0.04864864864864865
ling cooked,168,1.2,0.0,0.0,0.0,0.0,0.0,Dairy & Cheese,7.0,0.0,0.05,0.0,,,,,,,,,,,,,,,,,,,,,,,,True,True,True,False,False,True,False,0.16666666666666666,0.0,0.0,0.06428571428571428
eel cooked,67,4.2,0.9,2.6,0.3,0.0,0.0,Dairy & Cheese,7.0,0.0,0.05,0.0,,,,,,,,,,,,,,,,,,,,,,,,True,True,True,False,True,True,False,0.417910447761194,0.0,0.0,0.564179104477612
sablefish raw,753,59.1,12.4,31.1,7.9,0.0,0.0,Dairy & Cheese,7.0,0.0,0.05,0.0,,,,,,,,,,,,,,,,,,,,,,,,False,False,False,True,False,True,False,0.03718459495351926,0.0,0.0,0.7063745019920319
salmon nuggets,60,3.3,0.4,1.3,0.9,4.0,0.0,Dairy & Cheese,7.0,0.0,0.05,0.0,,,,,,,,,,,,,,,,,,,,,,,,False,False,False,True,True,True,False,0.4666666666666667,0.0,0.0,0.495
yellowtail raw,546,19.6,4.8,7.4,5.3,0.0,0.0,Dairy & Cheese,7.0,0.0,0.05,0.0,,,,,,,,,,,,,,,,,,,,,,,,True,True,True,False,False,True,False,0.05128205128205128,0.0,0.0,0.3230769230769231
butterfish cooked,47,2.6,0.0,0.0,0.0,0.0,0.0,Dairy & Cheese,7.0,0.0,0.05,30.0,,,,,,,,,,,,,,,,,,,,,,,,False,False,False,True,True,True,False,0.5957446808510638,0.0,0.0,0.49787234042553197
caviar,42,2.9,0.6,0.7,1.2,0.6,0.0,Dairy & Cheese,7.0,0.0,0.05,0.0,,,,,,,,,,,,,,,,,,,,,,,,True,True,True,False,True,True,False,0.6666666666666666,0.0,0.0,0.6214285714285713
pollock raw,355,3.8,0.5,0.4,1.9,0.0,0.0,Dairy & Cheese,7.0,0.0,0.05,0.0,,,,,,,,,,,,,,,,,,,,,,,,True,True,True,False,False,True,False,0.07887323943661972,0.0,0.0,0.09633802816901407
catfish cooked,206,10.3,2.3,4.5,1.9,0.0,0.0,Dairy & Cheese,7.0,0.0,0.05,0.0,,,,,,,,,,,,,,,,,,,,,,,,False,False,False,True,False,True,False,0.13592233009708737,0.0,0.0,0.45
whiting raw,83,1.2,0.2,0.3,0.4,0.0,0.0,Dairy & Cheese,7.0,0.0,0.05,0.0,,,,,,,,,,,,,,,,,,,,,,,,True,True,True,False,True,True,False,0.3373493975903614,0.0,0.0,0.13012048192771083
pink salmon raw,404,14.0,2.6,4.3,2.6,0.0,0.0,Dairy & Cheese,7.0,0.0,0.05,0.0,,,,,,,,,,,,,,,,,,,,,,,,False,False,False,True,False,True,False,0.06930693069306931,0.0,0.0,0.3118811881188119
yellowfin tuna raw,31,0.1,0.073,0.008,0.026,0.0,0.0,Dairy & Cheese,7.0,0.0,0.05,0.0,,,,,,,,,,,,,,,,,,,,,,,,False,False,False,True,True,True,False,0.9032258064516129,0.0,0.0,0.02903225806451613
mackerel raw,230,15.6,3.6,6.1,3.8,0.0,0.0,Dairy & Cheese,7.0,0.0,0.05,0.0,,,,,,,,,,,,,,,,,,,,,,,,True,True,True,False,False,True,False,0.12173913043478261,0.0,0.0,0.6104347826086957
turbot raw,388,12.0,3.1,2.5,3.6,0.0,0.0,Dairy & Cheese,7.0,0.0,0.05,0.0,,,,,,,,,,,,,,,,,,,,,,,,True,True,True,False,False,True,False,0.07216494845360824,0.0,0.0,0.27835051546391754
cusk cooked,106,0.8,0.0,0.0,0.0,0.0,0.0,Dairy & Cheese,7.0,0.0,0.05,0.0,,,,,,,,,,,,,,,,,,,,,,,,True,True,True,False,True,True,False,0.2641509433962264,0.0,0.0,0.06792452830188679
atlantic croaker raw,82,2.5,0.9,0.9,0.4,0.0,0.0,Dairy & Cheese,7.0,0.0,0.05,0.0,,,,,,,,,,,,,,,,,,,,,,,,True,True,True,False,True,True,False,0.34146341463414637,0.0,0.0,0.27439024390243905
sucker cooked,148,3.7,0.7,1.1,1.3,0.0,0.0,Dairy & Cheese,7.0,0.0,0.05,0.0,,,,,,,,,,,,,,,,,,,,,,,,True,True,True,False,False,True,False,0.1891891891891892,0.0,0.0,0.22500000000000003
spot raw,79,3.1,0.9,0.9,0.7,0.0,0.0,Dairy & Cheese,7.0,0.0,0.05,0.0,,,,,,,,,,,,,,,,,,,,,,,,True,True,True,False,True,True,False,0.35443037974683544,0.0,0.0,0.35316455696202537
drum cooked,236,9.7,2.2,4.3,2.3,0.0,0.0,Dairy & Cheese,7.0,0.0,0.05,0.0,,,,,,,,,,,,,,,,,,,,,,,,True,True,True,False,False,True,False,0.11864406779661017,0.0,0.0,0.3699152542372881
crayfish raw,3,0.048,0.01,0.043,0.01,0.0,0.0,Dairy & Cheese,7.0,0.0,0.05,0.0,,,,,,,,,,,,,,,,,,,,,,,,False,False,False,True,True,True,False,9.333333333333334,0.0,0.0,0.144
tilefish cooked,441,14.1,2.6,4.0,3.7,0.0,0.0,Dairy & Cheese,7.0,0.0,0.05,0.0,,,,,,,,,,,,,,,,,,,,,,,,False,False,False,True,False,True,False,0.06349206349206349,0.0,0.0,0.2877551020408163
bluefish cooked,186,6.4,1.4,2.7,1.6,0.0,0.0,Dairy & Cheese,7.0,0.0,0.05,0.0,,,,,,,,,,,,,,,,,,,,,,,,False,False,False,True,False,True,False,0.15053763440860216,0.0,0.0,0.3096774193548387
grouper cooked,238,2.6,0.6,0.5,0.8,0.0,0.0,Dairy & Cheese,7.0,0.0,0.05,0.0,,,,,,,,,,,,,,,,,,,,,,,,True,True,True,False,False,True,False,0.11764705882352941,0.0,0.0,0.09831932773109245
sheepshead raw,257,5.7,1.4,1.7,1.2,0.0,0.0,Dairy & Cheese,7.0,0.0,0.05,0.0,,,,,,,,,,,,,,,,,,,,,,,,True,True,True,False,False,True,False,0.10894941634241245,0.0,0.0,0.19961089494163425
herring kippered,87,4.9,1.1,2.0,1.2,0.0,0.0,Dairy & Cheese,7.0,0.0,0.05,0.0,,,,,,,,,,,,,,,,,,,,,,,,True,True,True,False,True,True,False,0.3218390804597701,0.0,0.0,0.506896551724138
grouper raw,238,2.6,0.6,0.5,0.8,0.0,0.0,Dairy & Cheese,7.0,0.0,0.05,0.0,,,,,,,,,,,,,,,,,,,,,,,,True,True,True,False,False,True,False,0.11764705882352941,0.0,0.0,0.09831932773109245
ocean perch cooked,48,0.9,0.2,0.3,0.2,0.0,0.0,Dairy & Cheese,7.0,0.0,0.05,0.0,,,,,,,,,,,,,,,,,,,,,,,,True,True,True,False,True,True,False,0.5833333333333334,0.0,0.0,0.16874999999999998
ling raw,168,1.2,0.2,0.2,0.4,0.0,0.0,Dairy & Cheese,7.0,0.0,0.05,0.0,,,,,,,,,,,,,,,,,,,,,,,,True,True,True,False,False,True,False,0.16666666666666666,0.0,0.0,0.06428571428571428
lingcod cooked,329,4.1,0.8,1.3,1.2,0.0,0.0,Dairy & Cheese,7.0,0.0,0.05,0.0,,,,,,,,,,,,,,,,,,,,,,,,True,True,True,False,False,True,False,0.0851063829787234,0.0,0.0,0.1121580547112462
florida pompano raw,184,10.6,3.9,2.9,1.3,0.0,0.0,Dairy & Cheese,7.0,0.0,0.05,0.0,,,,,,,,,,,,,,,,,,,,,,,,True,True,True,False,False,True,False,0.15217391304347827,0.0,0.0,0.5184782608695652
rockfish cooked,162,2.4,0.6,0.7,0.7,0.0,0.0,Dairy & Cheese,7.0,0.0,0.05,0.0,,,,,,,,,,,,,,,,,,,,,,,,False,False,False,True,False,True,False,0.1728395061728395,0.0,0.0,0.13333333333333333
seatrout cooked,247,8.6,2.4,2.1,1.7,0.0,0.0,Dairy & Cheese,7.0,0.0,0.05,0.0,,,,,,,,,,,,,,,,,,,,,,,,True,True,True,False,False,True,False,0.11336032388663968,0.0,0.0,0.31336032388663965
sockeye salmon raw,562,22.2,4.7,7.4,7.7,0.0,0.0,Dairy & Cheese,7.0,0.0,0.05,0.0,,,,,,,,,,,,,,,,,,,,,,,,False,False,False,True,False,True,False,0.0498220640569395,0.0,0.0,0.3555160142348754
swordfish cooked,182,8.4,2.0,3.8,1.5,0.0,0.0,Dairy & Cheese,7.0,0.0,0.05,0.0,,,,,,,,,,,,,,,,,,,,,,,,False,False,False,True,False,True,False,0.15384615384615385,0.0,0.0,0.4153846153846154
american shad raw,362,25.3,5.8,10.5,6.0,0.0,0.0,Dairy & Cheese,7.0,0.0,0.05,0.0,,,,,,,,,,,,,,,,,,,,,,,,True,True,True,False,False,True,False,0.07734806629834254,0.0,0.0,0.6290055248618786
sardine canned in oil,310,17.1,2.3,5.8,7.7,0.0,0.0,Dairy & Cheese,7.0,0.0,0.05,0.0,,,,,,,,,,,,,,,,,,,,,,,,True,True,True,False,False,True,False,0.09032258064516129,0.0,0.0,0.4964516129032258
anchovy canned in oil,8,0.4,0.001,0.2,0.1,0.0,0.0,Dairy & Cheese,7.0,0.0,0.05,0.0,,,,,,,,,,,,,,,,,,,,,,,,False,False,False,True,True,True,False,3.5,0.0,0.0,0.45
salmon canned,520,20.3,5.5,7.1,5.6,0.0,0.0,Dairy & Cheese,7.0,0.0,0.05,0.0,,,,,,,,,,,,,,,,,,,,,,,,False,False,False,True,False,True,False,0.05384615384615385,0.0,0.0,0.35134615384615386
sardines in tomato sauce canned,165,9.3,2.4,4.3,1.9,0.5,0.4,Dairy & Cheese,7.0,0.0,0.05,0.0,,,,,,,,,,,,,,,,,,,,,,,,True,True,True,False,False,True,False,0.1696969696969697,0.0,0.009696969696969697,0.5072727272727273
sockeye salmon canned,563,24.9,4.9,8.4,6.0,0.0,0.0,Dairy & Cheese,7.0,0.0,0.05,0.0,,,,,,,,,,,,,,,,,,,,,,,,False,False,False,True,False,True,False,0.0497335701598579,0.0,0.0,0.3980461811722913
tuna canned,102,2.4,0.6,0.6,0.9,0.0,0.0,Dairy & Cheese,7.0,0.0,0.05,0.0,,,,,,,,,,,,,,,,,,,,,,,,False,False,False,True,True,True,False,0.27450980392156865,0.0,0.0,0.2117647058823529
pink salmon canned,530,20.4,3.5,5.0,5.8,0.0,0.0,Dairy & Cheese,7.0,0.0,0.05,0.0,,,,,,,,,,,,,,,,,,,,,,,,False,False,False,True,False,True,False,0.052830188679245285,0.0,0.0,0.34641509433962264
cod canned,328,2.7,0.5,0.4,0.9,0.0,0.0,Dairy & Cheese,7.0,0.0,0.05,0.0,,,,,,,,,,,,,,,,,,,,,,,,True,True,True,False,False,True,False,0.08536585365853659,0.0,0.0,0.07408536585365853
eastern oyster canned,110,4.0,1.0,0.4,1.2,6.3,0.0,Dairy & Cheese,7.0,0.0,0.05,0.0,,,,,,,,,,,,,,,,,,,,,,,,True,True,True,False,True,True,False,0.2545454545454545,0.0,0.0,0.32727272727272727
chum salmon canned,520,20.3,5.5,7.1,5.6,0.0,0.0,Dairy & Cheese,7.0,0.0,0.05,0.0,,,,,,,,,,,,,,,,,,,,,,,,False,False,False,True,False,True,False,0.05384615384615385,0.0,0.0,0.35134615384615386
tuna canned in oil,331,14.4,2.3,5.8,5.3,0.0,0.0,Dairy & Cheese,7.0,0.0,0.05,0.0,,,,,,,,,,,,,,,,,,,,,,,,False,False,False,True,False,True,False,0.08459214501510574,0.0,0.0,0.3915407854984894
wild pink salmon oceans,320,16.0,0.0,48.0,0.0,0.0,0.0,Dairy & Cheese,7.0,0.0,0.05,0.0,,,,,,,,,,,,,,,,,,,,,,,,False,False,False,True,False,True,False,0.0875,0.0,0.0,0.45
shrimp canned,128,1.7,0.2,0.1,0.9,0.0,0.0,Dairy & Cheese,7.0,0.0,0.05,0.0,,,,,,,,,,,,,,,,,,,,,,,,False,False,False,True,False,True,False,0.21875,0.0,0.0,0.11953124999999999
alaska king crab raw,144,1.0,0.2,0.1,0.2,0.0,0.0,Dairy & Cheese,7.0,0.0,0.05,0.0,,,,,,,,,,,,,,,,,,,,,,,,True,True,True,False,False,True,False,0.19444444444444445,0.0,0.0,0.0625
scallops fried,64,3.2,0.8,2.1,0.1,6.4,0.0,Dairy & Cheese,7.0,0.0,0.05,0.0,,,,,,,,,,,,,,,,,,,,,,,,True,True,True,False,True,False,False,0.4375,0.0,0.0,0.45
shrimp cooked,7,0.092,0.023,0.003,0.0,0.013,0.0,Dairy & Cheese,7.0,0.0,0.05,0.0,,,,,,,,,,,,,,,,,,,,,,,,False,False,False,True,True,True,False,4.0,0.0,0.0,0.11828571428571429
clams fried,19,1.0,0.3,0.4,0.3,1.0,0.0,Dairy & Cheese,7.0,0.0,0.05,0.0,,,,,,,,,,,,,,,,,,,,,,,,True,True,True,False,True,True,False,1.4736842105263157,0.0,0.0,0.47368421052631576
alaska king crab cooked,130,2.1,0.2,0.2,0.7,0.0,0.0,Dairy & Cheese,7.0,0.0,0.05,0.0,,,,,,,,,,,,,,,,,,,,,,,,True,True,True,False,False,True,False,0.2153846153846154,0.0,0.0,0.1453846153846154
scallops cooked,11,0.058,0.092,0.096,0.086,0.5,0.0,Dairy & Cheese,7.0,0.0,0.05,0.0,,,,,,,,,,,,,,,,,,,,,,,,True,True,True,False,True,True,False,2.5454545454545454,0.0,0.0,0.04745454545454546
squid fried,140,6.0,1.5,2.2,1.7,6.2,0.0,Dairy & Cheese,7.0,0.0,0.05,0.0,,,,,,,,,,,,,,,,,,,,,,,,True,True,True,False,False,True,False,0.2,0.0,0.0,0.38571428571428573
oyster raw,41,1.2,0.3,0.2,0.4,2.5,0.0,Dairy & Cheese,7.0,0.0,0.05,0.0,,,,,,,,,,,,,,,,,,,,,,,,True,True,True,False,True,True,False,0.6829268292682927,0.0,0.0,0.2634146341463414
abalone,89,0.6,0.1,0.02,0.091,5.1,0.0,Dairy & Cheese,7.0,0.0,0.05,0.0,,,,,,,,,,,,,,,,,,,,,,,,True,True,True,False,True,True,False,0.3146067415730337,0.0,0.0,0.06067415730337078
queen crab raw,25,0.3,0.096,0.027,0.1,0.0,0.0,Dairy & Cheese,7.0,0.0,0.05,0.0,,,,,,,,,,,,,,,,,,,,,,,,True,True,True,False,True,True,False,1.12,0.0,0.0,0.10799999999999998
whelk cooked,78,0.2,0.003,0.068,0.037,4.4,0.0,Dairy & Cheese,7.0,0.0,0.05,0.0,,,,,,,,,,,,,,,,,,,,,,,,True,True,True,False,True,True,False,0.358974358974359,0.0,0.0,0.023076923076923078
oyster cooked,41,1.2,0.3,0.2,0.4,2.5,0.0,Dairy & Cheese,7.0,0.0,0.05,0.0,,,,,,,,,,,,,,,,,,,,,,,,True,True,True,False,True,True,False,0.6829268292682927,0.0,0.0,0.2634146341463414
eastern oyster cooked,8,0.2,0.073,0.004,0.018,0.7,0.0,Dairy & Cheese,7.0,0.0,0.05,0.0,,,,,,,,,,,,,,,,,,,,,,,,True,True,True,False,True,True,False,3.5,0.0,0.0,0.225
blue mussels cooked,344,9.0,1.7,2.0,2.4,14.8,0.0,Dairy & Cheese,7.0,0.0,0.05,0.0,,,,,,,,,,,,,,,,,,,,,,,,True,True,True,False,False,True,False,0.08139534883720931,0.0,0.0,0.23546511627906977
octopus raw,23,0.3,0.002,0.042,0.038,0.6,0.0,Dairy & Cheese,7.0,0.0,0.05,0.0,,,,,,,,,,,,,,,,,,,,,,,,True,True,True,False,True,True,False,1.2173913043478262,0.0,0.0,0.11739130434782608
spiny lobster cooked,233,3.2,0.5,0.6,1.2,5.1,0.0,Dairy & Cheese,7.0,0.0,0.05,0.0,,,,,,,,,,,,,,,,,,,,,,,,True,True,True,False,False,True,False,0.12017167381974249,0.0,0.0,0.12360515021459227
blue mussels raw,129,3.4,0.6,0.8,0.9,5.5,0.0,Dairy & Cheese,7.0,0.0,0.05,0.0,,,,,,,,,,,,,,,,,,,,,,,,True,True,True,False,False,True,False,0.21705426356589147,0.0,0.0,0.23720930232558138
queen crab cooked,98,1.3,0.2,0.3,0.5,0.0,0.0,Dairy & Cheese,7.0,0.0,0.05,0.0,,,,,,,,,,,,,,,,,,,,,,,,True,True,True,False,True,True,False,0.2857142857142857,0.0,0.0,0.11938775510204083
dungeness crab cooked,140,1.6,0.2,0.3,0.5,1.2,0.0,Dairy & Cheese,7.0,0.0,0.05,0.0,,,,,,,,,,,,,,,,,,,,,,,,True,True,True,False,False,True,False,0.2,0.0,0.0,0.10285714285714286
dungeness crab raw,140,1.6,0.2,0.3,0.5,1.2,0.0,Dairy & Cheese,7.0,0.0,0.05,0.0,,,,,,,,,,,,,,,,,,,,,,,,True,True,True,False,False,True,False,0.2,0.0,0.0,0.10285714285714286
shrimp fried,52,3.2,0.7,2.0,0.3,4.8,0.086,Dairy & Cheese,7.0,0.0,0.05,0.0,,,,,,,,,,,,,,,,,,,,,,,,False,False,False,True,True,True,False,0.5384615384615384,0.0,0.006615384615384615,0.5538461538461539
shrimp raw,4,0.023,0.061,0.075,0.009,0.041,0.0,Dairy & Cheese,7.0,0.0,0.05,0.0,,,,,,,,,,,,,,,,,,,,,,,,False,False,False,True,True,True,False,7.0,0.0,0.0,0.05175
blue crab cooked,71,0.6,0.2,0.1,0.2,0.0,0.0,Dairy & Cheese,7.0,0.0,0.05,0.0,,,,,,,,,,,,,,,,,,,,,,,,True,True,True,False,True,True,False,0.39436619718309857,0.0,0.0,0.07605633802816901
shrimp imitation,29,0.4,0.019,0.014,0.2,2.6,0.0,Dairy & Cheese,7.0,0.0,0.05,0.0,,,,,,,,,,,,,,,,,,,,,,,,False,False,False,True,True,True,False,0.9655172413793104,0.0,0.0,0.12413793103448276
conch baked,165,1.5,0.5,0.4,0.3,2.2,0.0,Dairy & Cheese,7.0,0.0,0.05,0.0,,,,,,,,,,,,,,,,,,,,,,,,True,True,True,False,False,True,False,0.1696969696969697,0.0,0.0,0.08181818181818182
squid raw,26,0.4,0.1,0.094,0.1,0.9,0.0,Dairy & Cheese,7.0,0.0,0.05,0.0,,,,,,,,,,,,,,,,,,,,,,,,True,True,True,False,True,True,False,1.0769230769230769,0.0,0.0,0.13846153846153847
scallop raw,10,0.091,0.089,0.026,0.005,0.5,0.0,Dairy & Cheese,7.0,0.0,0.05,0.0,,,,,,,,,,,,,,,,,,,,,,,,True,True,True,False,True,True,False,2.8,0.0,0.0,0.0819
lobster raw,116,1.1,0.3,0.3,0.4,0.0,0.0,Dairy & Cheese,7.0,0.0,0.05,0.0,,,,,,,,,,,,,,,,,,,,,,,,True,True,True,False,True,True,False,0.2413793103448276,0.0,0.0,0.0853448275862069
scallop imitation,28,0.1,0.065,0.085,0.098,3.0,0.0,Dairy & Cheese,7.0,0.0,0.05,0.0,,,,,,,,,,,,,,,,,,,,,,,,True,True,True,False,True,True,False,1.0,0.0,0.0,0.03214285714285715
blue crab raw,18,0.2,0.067,0.048,0.063,0.018,0.0,Dairy & Cheese,7.0,0.0,0.05,0.0,,,,,,,,,,,,,,,,,,,,,,,,True,True,True,False,True,True,False,1.5555555555555556,0.0,0.0,0.1
whelk raw,39,0.1,0.096,0.067,0.005,2.2,0.0,Dairy & Cheese,7.0,0.0,0.05,0.0,,,,,,,,,,,,,,,,,,,,,,,,True,True,True,False,True,True,False,0.717948717948718,0.0,0.0,0.023076923076923078
spiny lobster raw,234,3.2,0.5,0.6,1.2,5.1,0.0,Dairy & Cheese,7.0,0.0,0.05,0.0,,,,,,,,,,,,,,,,,,,,,,,,True,True,True,False,False,True,False,0.11965811965811966,0.0,0.0,0.12307692307692308
clams canned,227,2.5,0.5,0.3,0.5,9.4,0.0,Dairy & Cheese,7.0,0.0,0.05,0.0,,,,,,,,,,,,,,,,,,,,,,,,True,True,True,False,False,True,False,0.12334801762114538,0.0,0.0,0.09911894273127753
lobster cooked,134,1.3,0.3,0.4,0.5,0.0,0.0,Dairy & Cheese,7.0,0.0,0.05,0.0,,,,,,,,,,,,,,,,,,,,,,,,True,True,True,False,False,True,False,0.208955223880597,0.0,0.0,0.08731343283582091
eastern oyster fried,29,1.8,0.5,0.7,0.5,1.7,0.0,Dairy & Cheese,7.0,0.0,0.05,0.0,,,,,,,,,,,,,,,,,,,,,,,,True,True,True,False,True,True,False,0.9655172413793104,0.0,0.0,0.5586206896551724
clams raw,195,2.2,0.4,0.3,0.4,8.1,0.0,Dairy & Cheese,7.0,0.0,0.05,0.0,,,,,,,,,,,,,,,,,,,,,,,,True,True,True,False,False,True,False,0.14358974358974358,0.0,0.0,0.10153846153846154
octopus cooked,139,1.8,0.4,0.3,0.4,3.7,0.0,Dairy & Cheese,7.0,0.0,0.05,0.0,,,,,,,,,,,,,,,,,,,,,,,,True,True,True,False,False,True,False,0.2014388489208633,0.0,0.0,0.11654676258992805
eastern oyster raw,8,0.2,0.0,0.087,0.091,0.8,0.0,Dairy & Cheese,7.0,0.0,0.05,0.0,,,,,,,,,,,,,,,,,,,,,,,,True,True,True,False,True,True,False,3.5,0.0,0.0,0.225
oyster fried,61,3.0,0.8,1.2,0.8,6.7,0.0,Dairy & Cheese,7.0,0.0,0.05,0.0,,,,,,,,,,,,,,,,,,,,,,,,True,True,True,False,True,False,False,0.45901639344262296,0.0,0.0,0.4426229508196721
sturgeon smoked,49,1.2,0.3,0.7,0.1,0.0,0.0,Dairy & Cheese,7.0,0.0,0.05,0.0,,,,,,,,,,,,,,,,,,,,,,,,True,True,True,False,True,True,False,0.5714285714285714,0.0,0.0,0.2204081632653061
chinook salmon smoked,159,5.9,1.3,2.8,1.4,0.0,0.0,Dairy & Cheese,7.0,0.0,0.05,0.0,,,,,,,,,,,,,,,,,,,,,,,,False,False,False,True,False,True,False,0.1761006289308176,0.0,0.0,0.3339622641509434
cisco smoked,50,3.4,0.5,1.6,0.6,0.0,0.0,Dairy & Cheese,7.0,0.0,0.05,0.0,,,,,,,,,,,,,,,,,,,,,,,,True,True,True,False,True,True,False,0.56,0.0,0.0,0.612
haddock smoked,33,0.3,0.049,0.006,0.055,0.0,0.0,Dairy & Cheese,7.0,0.0,0.05,0.0,,,,,,,,,,,,,,,,,,,,,,,,True,True,True,False,True,True,False,0.8484848484848485,0.0,0.0,0.0818181818181818
whitefish smoked,147,1.3,0.3,0.4,0.4,0.0,0.0,Dairy & Cheese,7.0,0.0,0.05,0.0,,,,,,,,,,,,,,,,,,,,,,,,False,False,False,True,False,True,False,0.19047619047619047,0.0,0.0,0.07959183673469389
red salmon sockeye filets smoked,373,12.3,2.8,4.3,3.7,0.0,0.0,Dairy & Cheese,7.0,0.0,0.05,0.0,,,,,,,,,,,,,,,,,,,,,,,,False,False,False,True,False,True,False,0.07506702412868632,0.0,0.0,0.2967828418230563
eggnog,224,10.6,6.6,3.3,0.5,20.4,20.4,Beverages,11.6,0.0,0.1,149.9,209.7,0.1,0.074,0.02,0.006,0.5,0.3,1.1,0.1,3.8,0.055,0.5,0.011,330.2,0.051,0.5,48.3,0.024,276.9,419.1,0.094,1.2,377.2,False,False,False,True,True,False,False,0.20714285714285713,0.0,0.36428571428571427,0.42589285714285713
beer light,96,0.0,0.0,0.0,0.0,5.4,0.3,Beverages,0.8,0.0,0.095,0.0,313.1,0.0,0.083,0.079,0.0,0.069,1.3,0.067,0.1,0.0,0.0,0.0,0.0,13.2,0.095,0.014,16.5,0.094,39.6,69.3,0.077,0.044,19.456,True,True,True,False,False,True,False,0.03333333333333333,0.0,0.012499999999999999,0.0
beer budweiser,12,0.0,0.0,0.0,0.0,0.9,0.0,Beverages,0.1,0.0,0.095,0.0,27.4,0.0,0.0,0.0,0.0,0.0,0.0,0.0,0.0,0.0,0.0,0.0,0.0,1.2,0.095,0.0,2.1,0.038,3.8,9.7,0.0,0.0,2.2,True,True,True,False,False,True,False,0.03333333333333333,0.0,0.0,0.0
weizenbier erdinger,220,18.0,13.0,1.0,0.0,0.0,0.0,Beverages,0.0,0.0,0.0,0.0,0.0,0.0,0.0,0.0,0.0,0.0,0.0,0.0,0.0,0.0,0.0,0.0,0.0,0.0,0.0,0.0,0.0,0.0,0.0,0.0,0.0,0.0,18.0,True,True,True,False,False,True,False,0.0,0.0,0.0,0.7363636363636363
beer light budweiser,9,0.0,0.0,0.0,0.0,0.4,0.0,Beverages,0.066,0.0,0.016,0.0,28.0,0.0,0.0,0.0,0.0,0.0,0.0,0.0,0.0,0.0,0.0,0.0,0.0,0.9,0.088,0.0,2.1,0.007,3.2,7.7,0.0,0.0,1.32,True,True,True,False,False,True,False,0.029333333333333336,0.0,0.0,0.0
beer,142,0.0,0.0,0.0,0.0,11.7,0.0,Beverages,1.5,0.0,0.067,0.0,303.5,0.0,0.093,0.062,0.0,0.017,1.7,0.1,0.2,0.0,0.0,0.0,0.0,13.2,0.096,0.031,19.8,0.085,46.2,89.1,0.087,0.001,26.436,True,True,True,False,False,False,False,0.04225352112676056,0.0,0.0,0.0
root beer,202,0.0,0.0,0.0,0.0,52.3,52.3,Beverages,0.0,0.0,0.068,0.0,440.2,0.0,0.0,0.0,0.0,0.0,0.0,0.0,0.0,0.0,0.0,0.0,0.0,0.0,24.7,0.037,0.2,4.9,0.059,0.0,4.9,0.095,52.334,True,True,True,False,False,False,False,0.0,0.0,1.0356435643564357,0.0
whiskey sour mix,26,0.072,0.069,0.034,0.012,6.3,6.3,Beverages,0.051,0.0,0.073,0.0,23.1,0.0,0.089,0.0,0.0,0.07,0.0,0.032,0.0,0.8,0.0,0.0,0.0,0.6,0.0,0.047,0.3,0.0,1.8,8.3,0.015,0.08,7.914,True,True,True,False,False,False,False,0.007846153846153846,0.0,0.9692307692307692,0.02492307692307692
whiskey sour,158,0.0,0.018,0.092,0.024,13.9,0.0,Beverages,0.0,0.0,0.067,0.0,77.0,0.0,0.035,0.0,0.0,0.092,0.003,0.05,0.0,1.7,0.0,0.0,0.0,1.1,0.019,0.047,1.1,0.01,6.4,5.3,0.03,0.069,16.717,True,True,True,False,False,False,False,0.0,0.0,0.0,0.0
tequila sunrise,232,0.2,0.0,0.0,0.0,23.8,0.0,Beverages,0.6,0.0,0.1,0.0,166.3,0.0,0.085,0.01,0.0,0.015,0.4,0.2,0.1,40.7,0.0,0.0,0.0,0.0,0.01,0.038,14.8,0.046,21.1,21.1,0.0,1.3,65.357,True,True,True,False,False,False,False,0.010344827586206896,0.0,0.0,0.007758620689655172
daiquiri,112,0.036,0.063,0.038,0.012,4.2,3.3,Beverages,0.035,0.001,0.008,0.0,41.8,0.0,0.021,0.047,0.0,0.065,0.022,0.074,0.003,1.0,0.0,0.092,0.009,1.8,0.098,0.033,1.2,0.04,3.0,12.6,0.04,0.091,7.243,True,True,True,False,False,True,False,0.00125,0.0008928571428571429,0.11785714285714285,0.0028928571428571423
pina colada,245,2.7,2.3,0.1,0.035,32.0,31.5,Beverages,0.6,0.4,0.089,0.0,91.6,0.0,0.0,0.038,0.038,0.0,0.002,0.2,0.01,0.019,6.9,0.0,0.056,0.08,11.3,0.1,0.3,11.3,0.7,9.9,100.1,0.064,35.877,True,True,True,False,False,False,False,0.009795918367346938,0.16326530612244897,0.5142857142857142,0.09918367346938776
whiskey,58,0.0,0.0,0.0,0.0,0.1,0.078,Beverages,0.0,0.0,0.0,0.0,14.7,0.0,0.085,0.0,0.0,0.056,0.073,0.0,0.0,0.0,0.0,0.0,0.0,0.0,0.037,0.072,0.0,0.092,0.7,0.2,0.0,0.02,0.127,True,True,True,False,False,True,False,0.0,0.0,0.005379310344827587,0.0
rum,49,0.0,0.0,0.0,0.0,0.0,0.0,Beverages,0.0,0.0,0.053,0.0,14.0,0.0,0.058,0.0,0.0,0.0,0.0,0.0,0.0,0.0,0.0,0.0,0.0,0.0,0.055,0.045,0.0,0.093,1.1,0.4,0.0,0.05,0.049,True,True,True,False,False,True,False,0.0,0.0,0.0,0.0
vodka smirnoff,13,0.4,0.013,0.077,0.073,2.0,0.082,Beverages,0.0,0.0,0.0,0.0,0.0,0.0,0.0,0.0,0.0,0.0,0.0,0.0,0.0,0.0,0.0,0.0,0.0,0.0,0.0,0.0,0.0,0.0,0.0,0.0,0.0,0.0,2.4,True,True,True,False,False,True,False,0.0,0.0,0.02523076923076923,0.27692307692307694
coffee liqueur,96,0.038,0.096,0.03,0.042,13.8,13.7,Beverages,0.041,0.0,0.093,0.0,9.1,0.0,0.042,0.0,0.0,0.075,0.045,0.0,0.0,0.0,0.0,0.0,0.0,0.3,0.019,0.02,0.9,0.011,1.8,8.9,0.053,0.097,14.241,True,True,True,False,False,False,False,0.0017083333333333334,0.0,0.5708333333333333,0.0035624999999999997
gin,53,0.0,0.0,0.0,0.0,0.0,0.0,Beverages,0.0,0.0,0.029,0.0,12.4,0.0,0.0,0.0,0.0,0.0,0.0,0.0,0.0,0.0,0.0,0.0,0.0,0.0,0.007,0.0,0.0,0.0,0.0,0.0,0.0,0.0,0.0,True,True,True,False,False,True,False,0.0,0.0,0.0,0.0
dessert wine sweet,165,0.0,0.0,0.0,0.0,14.1,8.0,Beverages,0.2,0.0,0.047,0.0,72.6,0.0,0.081,0.0,0.0,0.003,0.2,0.079,0.0,0.0,0.0,0.0,0.0,8.2,0.04,0.2,9.3,0.1,9.3,94.8,0.06,0.074,22.7,True,True,True,False,False,False,False,0.0048484848484848485,0.0,0.19393939393939394,0.0
chenin blanc white wine,118,0.0,0.0,0.0,0.0,4.9,0.0,Beverages,0.1,0.0,0.0,0.0,128.4,0.0,0.0,0.0,0.0,0.0,0.0,0.0,0.0,0.0,0.0,0.0,0.0,0.0,0.0,0.0,0.0,0.0,0.0,0.0,0.0,0.0,5.0,True,True,True,False,False,True,False,0.0033898305084745766,0.0,0.0,0.0
gamay red wine,115,0.0,0.0,0.0,0.0,3.5,0.0,Beverages,0.1,14.4,0.0,0.0,0.0,128.6,0.0,0.0,0.0,0.0,0.0,0.0,0.0,0.0,0.0,0.0,0.0,0.0,0.0,0.0,0.0,0.0,0.0,0.0,0.0,0.0,146.6,True,True,True,False,False,True,True,0.0034782608695652175,12.521739130434783,0.0,0.0
late harvest white wine,172,0.0,0.0,0.0,0.0,20.6,0.0,Beverages,0.1,13.1,0.0,0.0,0.0,119.8,0.0,0.0,0.0,0.0,0.0,0.0,0.0,0.0,0.0,0.0,0.0,0.0,0.0,0.0,0.0,0.0,0.0,0.0,0.0,0.0,153.6,True,True,True,False,False,False,True,0.002325581395348837,7.616279069767442,0.0,0.0
gewurztraminer white wine,119,0.0,0.0,0.0,0.0,3.8,0.0,Beverages,0.1,0.0,0.0,0.0,127.9,0.0,0.0,0.0,0.0,0.0,0.0,0.0,0.0,0.0,0.0,0.0,0.0,0.0,0.0,0.0,0.0,0.0,0.0,0.0,0.0,0.0,3.9,True,True,True,False,False,True,False,0.0033613445378151263,0.0,0.0,0.0
burgundy red wine,172,0.0,0.0,0.0,0.0,7.4,0.0,Beverages,0.1,0.0,0.0,0.0,171.2,0.0,0.0,0.0,0.0,0.0,0.0,0.0,0.0,0.0,0.0,0.0,0.0,0.0,0.0,0.0,0.0,0.0,0.0,0.0,0.0,0.0,7.5,True,True,True,False,False,True,False,0.002325581395348837,0.0,0.0,0.0
zinfandel red wine,129,0.0,0.0,0.0,0.0,4.2,0.0,Beverages,0.1,0.0,0.0,0.0,126.0,0.0,0.0,0.0,0.0,0.0,0.0,0.0,0.0,0.0,0.0,0.0,0.0,0.0,0.0,0.0,0.0,0.0,0.0,0.0,0.0,0.0,4.3,True,True,True,False,False,True,False,0.0031007751937984496,0.0,0.0,0.0
muller thurgau white wine,112,0.0,0.0,0.0,0.0,5.2,0.0,Beverages,0.1,13.3,0.0,0.0,0.0,129.2,0.0,0.0,0.0,0.0,0.0,0.0,0.0,0.0,0.0,0.0,0.0,0.0,0.0,0.0,0.0,0.0,0.0,0.0,0.0,0.0,147.8,True,True,True,False,False,True,True,0.0035714285714285718,11.875,0.0,0.0
mouvedre red wine,129,0.0,0.0,0.0,0.0,3.9,0.0,Beverages,0.1,16.5,0.0,0.0,0.0,126.1,0.0,0.0,0.0,0.0,0.0,0.0,0.0,0.0,0.0,0.0,0.0,0.0,0.0,0.0,0.0,0.0,0.0,0.0,0.0,0.0,146.6,True,True,True,False,False,True,True,0.0031007751937984496,12.790697674418604,0.0,0.0
table wine,123,0.0,0.0,0.0,0.0,4.0,1.2,Beverages,0.1,0.0,0.087,0.0,128.1,0.0,0.051,0.084,0.0,0.014,0.2,0.023,0.022,0.0,0.0,0.0,0.0,11.8,0.049,0.5,16.3,0.2,29.6,146.5,0.012,0.2,16.4,True,True,True,False,False,True,False,0.0032520325203252032,0.0,0.03902439024390244,0.0
wine light,73,0.0,0.0,0.0,0.0,1.7,1.7,Beverages,0.1,0.0,0.046,0.0,136.5,0.0,0.0,0.035,0.0,0.039,0.1,0.0,0.097,0.0,0.0,0.0,0.0,13.3,0.1,0.6,14.8,0.0,22.2,130.2,0.014,0.1,15.7,True,True,True,False,False,True,False,0.005479452054794521,0.0,0.09315068493150684,0.0
white wine,121,0.0,0.0,0.0,0.0,3.8,1.4,Beverages,0.1,0.0,0.098,0.0,127.7,0.0,0.04,0.081,0.0,0.003,0.2,0.094,0.034,0.0,0.0,0.0,0.071,13.2,0.097,0.4,14.7,0.2,26.5,104.4,0.036,0.2,17.5,True,True,True,False,False,True,False,0.0033057851239669425,0.0,0.04628099173553719,0.0
petite sirah red wine,125,0.0,0.0,0.0,0.0,3.9,0.0,Beverages,0.1,15.7,0.0,0.0,0.0,126.7,0.0,0.0,0.0,0.0,0.0,0.0,0.0,0.0,0.0,0.0,0.0,0.0,0.0,0.0,0.0,0.0,0.0,0.0,0.0,0.0,146.4,True,True,True,False,False,True,True,0.0032,12.56,0.0,0.0
non alcoholic wine,2,0.0,0.0,0.0,0.0,0.3,0.3,Beverages,0.1,0.0,0.095,0.0,29.0,0.0,0.0,0.027,0.0,0.019,0.093,0.0,0.064,0.0,0.0,0.0,0.0,2.7,0.035,0.1,3.0,0.0,4.4,26.0,0.052,0.088,3.2,True,True,True,False,False,True,False,0.2,0.0,0.6,0.0
pinot noir red wine,121,0.0,0.0,0.0,0.0,3.4,0.0,Beverages,0.1,0.0,0.0,0.0,127.8,0.0,0.0,0.0,0.0,0.0,0.0,0.0,0.0,0.0,0.0,0.0,0.0,0.0,0.0,0.0,0.0,0.0,0.0,0.0,0.0,0.0,3.5,True,True,True,False,False,True,False,0.0033057851239669425,0.0,0.0,0.0
pinot gris grigio white wine,122,0.0,0.0,0.0,0.0,3.0,0.0,Beverages,0.1,0.0,0.0,0.0,127.9,0.0,0.0,0.0,0.0,0.0,0.0,0.0,0.0,0.0,0.0,0.0,0.0,0.0,0.0,0.0,0.0,0.0,0.0,0.0,0.0,0.0,3.1,True,True,True,False,False,True,False,0.003278688524590164,0.0,0.0,0.0
riesling white wine,118,0.0,0.0,0.0,0.0,5.5,0.0,Beverages,0.1,0.0,0.0,0.0,128.1,0.0,0.0,0.0,0.0,0.0,0.0,0.0,0.0,0.0,0.0,0.0,0.0,0.0,0.0,0.0,0.0,0.0,0.0,0.0,0.0,0.0,5.6,True,True,True,False,False,True,False,0.0033898305084745766,0.0,0.0,0.0
barbera red wine,170,0.0,0.0,0.0,0.0,5.6,0.0,Beverages,0.1,0.0,0.0,0.0,172.6,0.0,0.0,0.0,0.0,0.0,0.0,0.0,0.0,0.0,0.0,0.0,0.0,0.0,0.0,0.0,0.0,0.0,0.0,0.0,0.0,0.0,5.7,True,True,True,False,False,True,False,0.0023529411764705885,0.0,0.0,0.0
lemberger red wine,118,0.0,0.0,0.0,0.0,3.6,0.0,Beverages,0.1,15.0,0.0,0.0,0.0,127.9,0.0,0.0,0.0,0.0,0.0,0.0,0.0,0.0,0.0,0.0,0.0,0.0,0.0,0.0,0.0,0.0,0.0,0.0,0.0,0.0,146.6,True,True,True,False,False,True,True,0.0033898305084745766,12.711864406779661,0.0,0.0
merlot red wine,122,0.0,0.0,0.0,0.0,3.7,0.9,Beverages,0.1,0.0,0.011,0.0,127.3,0.0,0.087,0.064,0.0,0.01,0.3,0.081,0.061,0.0,0.0,0.0,0.0,11.8,0.026,0.7,17.6,0.2,33.8,186.7,0.083,0.2,16.3,True,True,True,False,False,True,False,0.003278688524590164,0.0,0.029508196721311476,0.0
sangiovese red wine,126,0.0,0.0,0.0,0.0,3.9,0.0,Beverages,0.1,0.0,0.0,0.0,126.7,0.0,0.0,0.0,0.0,0.0,0.0,0.0,0.0,0.0,0.0,0.0,0.0,0.0,0.0,0.0,0.0,0.0,0.0,0.0,0.0,0.0,4.0,True,True,True,False,False,True,False,0.0031746031746031746,0.0,0.0,0.0
sauvignon blanc white wine,119,0.0,0.0,0.0,0.0,3.0,0.0,Beverages,0.1,0.0,0.0,0.0,128.1,0.0,0.0,0.0,0.0,0.0,0.0,0.0,0.0,0.0,0.0,0.0,0.0,0.0,0.0,0.0,0.0,0.0,0.0,0.0,0.0,0.0,3.1,True,True,True,False,False,True,False,0.0033613445378151263,0.0,0.0,0.0
syrah red wine,122,0.0,0.0,0.0,0.0,3.8,0.0,Beverages,0.1,0.0,0.0,0.0,127.2,0.0,0.0,0.0,0.0,0.0,0.0,0.0,0.0,0.0,0.0,0.0,0.0,0.0,0.0,0.0,0.0,0.0,0.0,0.0,0.0,0.0,3.9,True,True,True,False,False,True,False,0.003278688524590164,0.0,0.0,0.0
carignane red wine,370,0.0,0.0,0.0,0.0,12.0,0.0,Beverages,0.4,0.0,0.0,0.0,439.4,0.0,0.0,0.0,0.0,0.0,0.0,0.0,0.0,0.0,0.0,0.0,0.0,0.0,0.0,0.0,0.0,0.0,0.0,0.0,0.0,0.0,12.4,True,True,True,False,False,True,False,0.004324324324324324,0.0,0.0,0.0
pinot blanc white wine,119,0.0,0.0,0.0,0.0,2.9,0.0,Beverages,0.1,0.0,0.0,0.0,128.1,0.0,0.0,0.0,0.0,0.0,0.0,0.0,0.0,0.0,0.0,0.0,0.0,0.0,0.0,0.0,0.0,0.0,0.0,0.0,0.0,0.0,3.0,True,True,True,False,False,True,False,0.0033613445378151263,0.0,0.0,0.0
semillon white wine,121,0.0,0.0,0.0,0.0,4.6,0.0,Beverages,0.1,14.9,0.0,0.0,0.0,128.1,0.0,0.0,0.0,0.0,0.0,0.0,0.0,0.0,0.0,0.0,0.0,0.0,0.0,0.0,0.0,0.0,0.0,0.0,0.0,0.0,147.7,True,True,True,False,False,True,True,0.0033057851239669425,12.314049586776859,0.0,0.0
dessert wine dry,760,0.0,0.0,0.0,0.0,58.4,5.5,Beverages,1.0,76.5,0.0,0.0,0.062,362.7,0.0,0.033,0.0,0.0,0.096,1.1,0.2,0.0,0.0,0.0,0.0,0.0,40.0,0.2,1.2,45.0,0.6,45.0,460.0,0.066,498.8,True,True,True,False,False,False,True,0.005263157894736842,10.06578947368421,0.02894736842105263,0.0
red wine,125,0.0,0.0,0.0,0.0,3.8,0.9,Beverages,0.1,0.0,0.027,0.0,127.1,0.0,0.01,0.018,0.0,0.073,0.3,0.049,0.044,0.0,0.0,0.0,0.066,11.8,0.017,0.7,17.6,0.2,33.8,186.7,0.074,0.2,16.4,True,True,True,False,False,True,False,0.0032,0.0,0.0288,0.0
cabernet sauvignon red wine,166,0.0,0.0,0.0,0.0,5.2,0.0,Beverages,0.1,0.0,0.0,0.0,173.1,0.0,0.0,0.0,0.0,0.0,0.0,0.0,0.0,0.0,0.0,0.0,0.0,0.0,0.0,0.0,0.0,0.0,0.0,0.0,0.0,0.0,5.3,True,True,True,False,False,True,False,0.0024096385542168677,0.0,0.0,0.0
muscat white wine,123,0.0,0.0,0.0,0.0,7.8,0.0,Beverages,0.1,0.0,0.0,0.0,128.5,0.0,0.0,0.0,0.0,0.0,0.0,0.0,0.0,0.0,0.0,0.0,0.0,0.0,0.0,0.0,0.0,0.0,0.0,0.0,0.0,0.0,7.9,True,True,True,False,False,False,False,0.0032520325203252032,0.0,0.0,0.0
cooking wine,2,0.0,0.0,0.0,0.0,0.3,0.09,Beverages,0.028,0.0,0.002,0.0,4.4,0.0,0.0,0.077,0.0,0.016,0.094,0.0,0.072,0.0,0.0,0.0,0.0,0.4,0.021,0.1,0.5,0.0,0.7,4.3,0.079,0.085,0.879,True,True,True,False,False,True,False,0.056,0.0,0.18,0.0
chardonnay white wine,168,0.0,0.0,0.0,0.0,4.3,1.9,Beverages,0.1,0.0,0.027,0.0,173.7,0.0,0.092,0.002,0.0,0.039,0.2,0.09,0.1,0.0,0.0,0.0,0.0,18.0,0.054,0.5,20.0,0.2,36.0,142.0,0.017,0.2,22.9,True,True,True,False,False,True,False,0.002380952380952381,0.0,0.04523809523809524,0.0
claret red wine,122,0.0,0.0,0.0,0.0,4.4,0.0,Beverages,0.1,15.0,0.0,0.0,0.0,127.0,0.0,0.0,0.0,0.0,0.0,0.0,0.0,0.0,0.0,0.0,0.0,0.0,0.0,0.0,0.0,0.0,0.0,0.0,0.0,0.0,146.5,True,True,True,False,False,True,True,0.003278688524590164,12.295081967213115,0.0,0.0
rice sake,197,0.0,0.0,0.0,0.0,7.4,0.0,Beverages,0.7,0.0,0.046,0.0,115.2,0.0,0.0,0.0,0.0,0.0,0.0,0.0,0.0,0.0,0.0,0.0,0.0,7.4,0.051,0.1,8.8,0.0,8.8,36.8,0.057,0.092,15.6,True,True,True,False,False,True,False,0.014213197969543146,0.0,0.0,0.0
fume blanc white wine,121,0.0,0.0,0.0,0.0,3.3,0.0,Beverages,0.1,15.4,0.0,0.0,0.0,127.9,0.0,0.0,0.0,0.0,0.0,0.0,0.0,0.0,0.0,0.0,0.0,0.0,0.0,0.0,0.0,0.0,0.0,0.0,0.0,0.0,146.7,True,True,True,False,False,True,True,0.0033057851239669425,12.727272727272727,0.0,0.0
cabarnet franc red wine,122,0.0,0.0,0.0,0.0,3.6,0.0,Beverages,0.1,0.0,0.0,0.0,127.3,0.0,0.0,0.0,0.0,0.0,0.0,0.0,0.0,0.0,0.0,0.0,0.0,0.0,0.0,0.0,0.0,0.0,0.0,0.0,0.0,0.0,3.7,True,True,True,False,False,True,False,0.003278688524590164,0.0,0.0,0.0
chocolate frosting,81,3.6,1.1,1.8,0.5,13.0,11.8,Beverages,0.2,0.2,0.025,0.0,3.5,0.0,0.026,0.069,0.0,0.097,0.024,0.005,0.085,0.0,0.0,0.3,0.0,1.6,0.045,0.3,4.3,0.064,16.2,40.2,0.094,0.062,18.9,True,True,True,False,False,False,False,0.009876543209876543,0.24691358024691357,0.582716049382716,0.39999999999999997
white sugar,19,0.0,0.0,0.0,0.0,5.0,4.9,Beverages,0.0,0.0,0.012,0.0,0.021,0.0,0.0,0.0,0.0,0.099,0.0,0.0,0.0,0.0,0.0,0.0,0.0,0.046,0.078,0.078,0.0,0.081,0.0,0.1,0.026,0.05,5.037,True,True,True,False,False,True,False,0.0,0.0,1.0315789473684212,0.0
egg substitute,115,0.0,0.0,0.0,0.0,4.8,4.8,Beverages,24.0,0.0,0.5,0.0,208.8,0.0,0.3,0.065,0.039,0.9,0.3,4.0,0.3,1.2,0.006,3.8,0.063,175.2,0.07,4.8,36.0,0.002,172.8,511.2,0.017,2.4,210.0,False,False,True,False,True,True,False,0.8347826086956521,0.0,0.16695652173913042,0.0
agave syrup,21,0.081,0.0,0.0,0.0,5.3,4.7,Beverages,0.025,0.01,0.09,0.0,1.6,0.0,0.0,0.0,0.0,0.0,0.0,0.0,0.0,0.0,0.0,0.0,0.0,0.088,0.071,0.042,0.034,0.049,0.009,0.3,0.0,0.008,5.456,True,True,True,False,False,True,False,0.004761904761904762,0.047619047619047616,0.8952380952380953,0.03471428571428571
splenda sweetener,336,0.0,0.0,0.0,0.0,91.2,80.3,Beverages,0.0,0.0,0.0,0.0,8.8,0.0,0.0,0.0,0.0,0.0,0.0,0.0,0.0,0.0,0.0,0.0,0.0,0.0,0.0,0.0,0.0,0.0,0.0,4.0,0.0,0.0,91.2,True,True,True,False,False,False,False,0.0,0.0,0.9559523809523809,0.0
vanilla extract,12,0.069,0.003,0.06,0.001,0.5,0.5,Beverages,0.0,0.0,0.061,0.0,2.2,0.0,0.041,0.0,0.0,0.083,0.002,0.039,0.079,0.0,0.0,0.0,0.0,0.5,0.03,0.019,0.5,0.066,0.3,6.2,0.0,0.065,1.213,True,True,True,False,False,True,False,0.0,0.0,0.16666666666666666,0.05175
egg yolk dried,27,2.3,0.7,0.9,0.4,0.054,0.002,Beverages,1.3,0.0,0.071,92.3,0.1,0.01,0.041,0.036,0.092,0.025,0.065,0.4,0.078,0.0,0.065,0.2,0.074,12.3,0.015,0.4,1.0,0.071,41.6,10.6,0.098,0.3,16.368,False,False,True,False,False,True,False,0.1925925925925926,0.0,0.0002962962962962963,0.7666666666666666
granulated sugar,16,0.0,0.0,0.0,0.0,4.2,4.2,Beverages,0.0,0.0,0.019,0.0,0.055,0.0,0.0,0.0,0.0,0.06,0.0,0.0,0.0,0.0,0.0,0.0,0.0,0.027,0.034,0.01,0.0,0.067,0.0,0.033,0.093,0.05,4.253,True,True,True,False,False,True,False,0.0,0.0,1.05,0.0
baking chocolate,145,15.2,9.4,4.7,0.5,8.7,0.3,Beverages,3.7,4.8,0.049,0.0,0.4,0.0,0.023,0.098,0.0,0.002,0.4,0.088,0.015,0.0,0.0,0.1,0.097,29.3,0.9,5.0,94.8,1.2,116.0,240.7,0.072,2.8,66.7,True,True,True,False,False,True,True,0.10206896551724139,3.310344827586207,0.008275862068965517,0.9434482758620688
bakers yeast,18,0.3,0.089,0.2,0.079,3.1,0.0,Beverages,1.4,1.4,0.066,0.0,11.7,0.0,0.3,0.1,0.0,0.2,2.1,0.8,0.005,0.04,0.0,0.0,0.0,3.2,0.024,0.6,6.8,0.02,57.1,102.2,0.073,1.7,10.078,True,True,True,False,True,True,True,0.3111111111111111,7.777777777777778,0.0,0.15
fondant,106,0.009,0.0,0.0,0.0,26.4,25.2,Beverages,0.0,0.0,0.022,0.0,1.9,0.0,0.062,0.0,0.0,0.062,0.0,0.0,0.0,0.0,0.0,0.0,0.0,0.8,0.095,0.09,0.0,0.0,0.0,1.1,0.045,0.037,27.396,True,True,True,False,False,False,False,0.0,0.0,0.9509433962264151,0.0007641509433962263
brown sugar,16,0.0,0.0,0.0,0.0,4.1,4.1,Beverages,0.024,0.0,0.094,0.0,0.087,0.0,0.0,0.023,0.0,0.0,0.0,0.037,0.008,0.0,0.0,0.0,0.0,3.5,0.03,0.071,0.4,0.047,0.2,5.6,0.023,0.08,7.622,True,True,True,False,False,True,False,0.006,0.0,1.025,0.0
white frosting dry,768,0.0,0.0,0.0,0.0,196.4,0.0,Beverages,4.8,0.0,0.5,0.0,3.9,0.0,0.018,0.077,0.0,0.1,2.1,0.1,0.031,0.0,0.0,0.0,0.0,8.3,0.053,0.2,6.2,0.043,14.5,242.2,0.036,0.01,209.7,True,True,True,False,False,False,False,0.024999999999999998,0.0,0.0,0.0
maple sugar,42,0.061,0.076,0.037,0.09,10.9,10.2,Beverages,0.036,0.0,0.031,0.0,1.0,0.0,0.016,0.0,0.0,0.021,0.015,0.032,0.04,0.0,0.0,0.0,0.0,10.8,0.024,0.2,2.3,0.5,0.4,32.9,0.03,0.7,21.961,True,True,True,False,False,False,False,0.0034285714285714284,0.0,0.9714285714285713,0.01307142857142857
fructose sweetener,15,0.0,0.0,0.0,0.0,4.2,3.9,Beverages,0.0,0.0,0.013,0.0,0.0,0.0,0.0,0.0,0.0,0.0,0.0,0.0,0.0,0.0,0.0,0.0,0.0,0.0,0.013,0.067,0.0,0.0,0.0,0.0,0.082,0.0,4.274,True,True,True,False,False,True,False,0.0,0.0,1.04,0.0
saccharin sweetener,360,0.0,0.0,0.0,0.0,89.1,85.2,Beverages,0.9,0.0,0.4,0.0,8.8,0.0,0.0,0.0,0.0,0.0,0.0,0.0,0.0,0.0,0.0,0.0,0.0,0.0,0.0,0.058,0.0,0.0,0.0,4.0,0.0,0.079,90.082,True,True,True,False,False,False,False,0.01,0.0,0.9466666666666667,0.0
egg white raw,17,0.063,0.0,0.0,0.0,0.2,0.2,Beverages,3.6,0.0,0.038,0.0,28.9,0.0,0.099,0.024,0.041,0.1,0.089,0.055,0.043,0.0,0.0,0.0,0.0,2.3,0.075,0.045,3.6,0.039,5.0,53.8,0.017,0.001,6.196,False,False,True,False,True,True,False,0.8470588235294118,0.0,0.047058823529411764,0.033352941176470585
turbinado sugar,18,0.0,0.0,0.0,0.0,4.6,4.6,Beverages,0.0,0.0,0.008,0.0,0.082,0.0,0.0,0.0,0.0,0.0,0.0,0.0,0.0,0.0,0.0,0.0,0.0,0.6,0.05,0.018,0.016,0.064,0.052,1.3,0.0,0.003,5.24,True,True,True,False,False,True,False,0.0,0.0,1.0222222222222221,0.0
vanilla frosting,1931,75.0,13.7,22.5,36.7,313.7,291.5,Beverages,0.0,0.0,0.9,0.0,69.6,0.0,0.046,0.026,0.0,1.4,1.0,0.3,0.0,0.0,0.0,7.1,0.032,13.9,0.0,0.7,4.6,0.0,83.2,157.1,0.029,0.3,403.3,True,True,True,False,False,False,False,0.0,0.0,0.6038322112894873,0.34955981356809945
aspartame sweetener,365,0.0,0.0,0.0,0.0,89.1,80.7,Beverages,2.2,0.0,0.0,0.0,8.8,0.0,0.0,0.0,0.0,0.0,0.0,0.0,0.0,0.0,0.0,0.0,0.0,0.0,0.0,0.022,0.0,0.0,0.0,4.0,0.079,0.068,91.381,True,True,True,False,False,False,False,0.02410958904109589,0.0,0.8843835616438357,0.0
egg raw,80,5.3,1.8,2.0,1.1,0.4,0.2,Beverages,7.0,0.0,0.08,208.3,42.6,0.066,0.011,0.048,0.013,0.3,0.018,0.9,0.099,0.0,0.038,0.6,0.016,31.4,0.071,1.0,6.7,0.057,110.9,77.3,0.023,0.7,45.156,False,False,False,True,True,True,False,0.35,0.0,0.01,0.59625
pineapple topping,860,0.3,0.066,0.1,0.2,225.8,71.4,Beverages,0.3,1.4,0.1,0.0,112.2,0.0,0.1,0.026,0.0,0.008,0.3,0.059,0.012,10.5,0.0,0.054,0.032,20.4,0.2,0.4,20.4,0.2,10.2,146.2,0.026,0.2,259.1,True,True,True,False,False,False,False,0.0013953488372093023,0.16279069767441862,0.33209302325581397,0.00313953488372093
egg white dried,26,0.087,0.0,0.0,0.0,0.3,0.0,Beverages,5.8,0.0,0.052,0.0,0.6,0.0,0.041,0.06,0.077,0.2,0.049,0.1,0.059,0.0,0.0,0.0,0.0,6.2,0.033,0.028,5.0,0.03,6.2,78.1,0.012,0.0,12.343,False,False,True,False,True,True,False,0.8923076923076922,0.0,0.0,0.030115384615384613
egg yolk raw,55,4.5,1.6,2.0,0.7,0.6,0.08,Beverages,2.7,0.0,0.006,184.5,8.9,0.009,0.014,0.04,0.098,0.064,0.042,0.5,0.061,0.0,0.078,0.4,0.034,21.9,0.069,0.5,0.9,0.013,66.3,18.5,0.039,0.4,30.27,False,False,False,True,False,True,False,0.19636363636363638,0.0,0.005818181818181819,0.7363636363636363
baking soda,0,0.0,0.0,0.0,0.0,0.0,0.0,Beverages,0.0,0.0,1.3,0.0,0.018,0.0,0.0,0.0,0.0,0.0,0.0,0.0,0.0,0.0,0.0,0.0,0.0,0.0,0.0,0.0,0.0,0.0,0.0,0.0,0.018,0.0,0.0,True,True,True,False,False,True,False,0.0,0.0,0.0,0.0
egg dried,30,2.2,0.7,0.9,0.3,0.047,0.05,Beverages,2.4,0.0,0.06,81.5,0.2,0.044,0.026,0.016,0.09,0.02,0.079,0.3,0.075,0.0,0.027,0.1,0.075,11.8,0.017,0.2,1.7,0.063,31.5,27.0,0.017,0.2,16.62,False,False,True,False,True,True,False,0.32,0.0,0.006666666666666667,0.66
strawberry topping,53,0.096,0.071,0.083,0.063,13.9,5.7,Beverages,0.014,0.1,0.099,0.0,6.9,0.0,0.077,0.03,0.0,0.051,0.049,0.063,0.024,2.9,0.0,0.079,0.029,1.3,0.078,0.014,0.8,0.002,1.1,10.7,0.005,0.079,18.34,True,True,True,False,False,False,False,0.0010566037735849057,0.18867924528301888,0.43018867924528303,0.01630188679245283
bakers yeast dry,13,0.3,0.078,0.2,0.069,1.6,0.0,Beverages,1.6,1.1,0.081,0.0,0.2,0.0,0.4,0.002,0.014,0.2,1.6,0.5,0.008,0.038,0.0,0.0,0.088,1.2,0.016,0.051,2.2,0.048,25.5,38.2,0.006,0.3,5.927,True,True,True,False,True,True,True,0.49230769230769234,8.461538461538463,0.0,0.20769230769230768
almond paste,1040,63.0,6.0,40.9,13.2,108.5,82.3,Beverages,20.4,10.9,0.051,0.0,32.0,0.0,0.2,0.2,0.0,0.9,3.2,0.3,0.051,0.2,0.0,30.7,0.0,390.4,1.0,3.6,295.1,1.9,585.7,712.8,0.037,3.4,597.0,True,True,True,False,True,False,True,0.07846153846153846,1.0480769230769231,0.31653846153846155,0.5451923076923076
cream of tartar,8,0.0,0.0,0.0,0.0,1.8,0.0,Beverages,0.0,0.01,0.009,0.0,0.032,0.0,0.0,0.0,0.0,0.0,0.0,0.0,0.0,0.0,0.0,0.0,0.0,0.2,0.094,0.1,0.073,0.062,0.2,495.0,0.031,0.054,2.138,False,True,True,False,False,True,False,0.0,0.125,0.0,0.0
popover dry mix,631,7.3,1.7,3.4,1.4,120.7,0.0,Beverages,17.7,0.0,1.5,0.0,19.9,0.0,0.7,0.2,0.008,0.2,5.7,0.8,0.072,0.2,0.0,0.0,0.0,54.4,0.3,5.0,42.5,1.3,170.0,170.0,0.044,1.5,205.3,True,True,True,False,True,False,False,0.11220285261489699,0.0,0.0,0.10412044374009509
egg substitute powder,126,3.7,1.1,1.5,0.5,6.2,6.2,Beverages,15.7,0.0,0.2,161.9,1.1,0.1,0.006,0.017,0.049,0.5,0.2,1.0,0.074,0.2,0.0,0.4,0.025,92.3,0.017,0.9,18.4,0.045,135.3,210.6,0.032,0.5,119.1,False,False,False,True,True,True,False,0.49841269841269836,0.0,0.19682539682539682,0.26428571428571435
gelatin powder,17,0.086,0.09,0.054,0.063,0.0,0.0,Beverages,4.3,0.0,0.029,0.0,0.7,0.0,0.033,0.015,0.0,0.028,0.063,0.039,0.014,0.0,0.0,0.0,0.0,2.8,0.1,0.099,1.1,0.019,2.0,0.8,0.077,0.004,7.255,False,False,False,True,True,True,False,1.011764705882353,0.0,0.0,0.045529411764705874
tapioca pearls,544,0.093,0.075,0.088,0.057,134.8,5.1,Beverages,0.3,1.4,0.077,0.0,16.7,0.0,0.016,0.001,0.0,0.0,0.0,0.2,0.091,0.0,0.0,0.0,0.0,30.4,0.021,2.4,1.5,0.2,10.6,16.7,0.007,0.2,169.318,True,True,True,False,False,False,False,0.0022058823529411764,0.25735294117647056,0.0375,0.0015386029411764706
baking powder,2,0.0,0.0,0.0,0.0,1.3,0.0,Beverages,0.0,0.03,0.5,0.0,0.2,0.0,0.0,0.0,0.0,0.0,0.0,0.0,0.0,0.0,0.0,0.0,0.0,270.3,0.077,0.5,1.2,0.074,100.8,0.9,0.004,0.091,272.196,True,True,True,False,False,True,True,0.0,1.5,0.0,0.0
egg boiled,93,6.4,2.0,2.4,0.8,0.7,0.7,Beverages,7.5,0.0,0.042,223.8,44.8,0.04,0.069,0.072,0.015,0.3,0.038,0.8,0.056,0.0,0.019,0.6,0.069,30.0,0.009,0.7,6.0,0.004,103.2,75.6,0.062,0.6,45.338,False,False,False,True,True,True,False,0.3225806451612903,0.0,0.03010752688172043,0.6193548387096774
millet flour,444,5.1,0.6,1.1,3.1,86.9,2.0,Beverages,12.8,4.2,0.056,0.0,12.8,0.0,0.5,0.032,0.0,0.01,7.2,1.5,0.4,0.0,0.0,0.1,0.037,16.7,0.6,4.7,141.6,1.2,339.2,266.6,0.028,3.1,130.4,True,True,True,False,True,False,True,0.11531531531531532,0.9459459459459459,0.018018018018018018,0.10337837837837838
triticale flour,439,2.4,0.4,0.2,1.0,95.1,0.0,Beverages,17.1,19.0,0.096,0.0,13.0,0.0,0.5,0.012,0.0,0.2,3.7,2.8,0.5,0.0,0.0,1.2,0.0,45.5,0.7,3.4,198.9,5.4,417.3,605.8,0.0,3.5,182.5,True,True,True,False,True,False,True,0.15580865603644647,4.328018223234624,0.0,0.04920273348519362
corn flour white,414,4.2,0.6,1.1,2.0,87.3,1.8,Beverages,9.6,7.3,0.036,0.0,11.2,0.0,0.3,0.078,0.0,0.1,1.9,0.2,0.5,0.0,0.0,0.1,0.0,157.3,0.2,1.7,106.0,0.5,263.3,298.7,0.072,2.1,267.4,True,True,True,False,False,False,True,0.0927536231884058,1.7632850241545894,0.017391304347826087,0.09130434782608697
rice flour brown,574,4.4,0.9,1.6,1.6,120.8,1.3,Beverages,11.4,7.3,0.039,0.0,18.9,0.0,0.7,0.056,0.0,0.1,10.0,2.5,1.2,0.0,0.0,1.9,0.0,17.4,0.4,3.1,177.0,6.3,532.5,456.6,0.0,3.9,164.4,True,True,True,False,True,False,True,0.0794425087108014,1.2717770034843205,0.009059233449477353,0.06898954703832753
sorghum flour,437,4.0,0.6,1.1,1.7,93.7,2.3,Beverages,9.5,8.0,0.023,0.0,12.2,0.0,0.3,0.058,0.0,0.014,6.3,1.1,0.4,0.0,0.0,0.6,0.079,14.5,0.3,3.6,145.2,1.5,348.5,376.3,0.026,1.7,133.3,True,True,True,False,False,False,True,0.08695652173913043,1.8306636155606408,0.021052631578947368,0.08237986270022883
cornmeal whole grain,442,4.4,0.6,1.2,2.0,93.8,0.8,Beverages,9.9,8.9,0.022,0.0,12.5,0.0,0.5,0.034,0.0,0.2,4.4,0.5,0.4,0.0,0.0,0.5,0.059,7.3,0.2,4.2,154.9,0.6,294.0,350.1,0.004,2.2,128.5,True,True,True,False,False,False,True,0.08959276018099548,2.013574660633484,0.007239819004524887,0.08959276018099548
cornmeal white,581,2.7,0.3,0.5,1.0,124.7,2.5,Beverages,11.2,6.1,0.094,0.0,17.6,0.0,0.2,0.089,0.0,0.016,1.6,0.4,0.3,0.0,0.0,0.2,0.0,4.7,0.1,1.7,50.2,0.3,155.4,222.9,0.03,1.0,151.1,True,True,True,False,True,False,True,0.07710843373493975,1.0499139414802066,0.01721170395869191,0.041824440619621345
barley flour,511,2.4,0.5,0.3,1.1,110.3,1.2,Beverages,15.5,14.9,0.062,0.0,17.9,0.0,0.5,0.021,0.0,0.2,9.3,0.2,0.6,0.0,0.0,0.8,0.069,47.4,0.5,4.0,142.1,1.5,438.1,457.3,0.037,3.0,194.5,True,True,True,False,True,False,True,0.12133072407045009,2.9158512720156557,0.00939334637964775,0.04227005870841487
safflower seed meal,97,0.7,0.029,0.099,0.4,13.8,0.0,Beverages,10.1,0.0,0.006,0.0,1.8,0.0,0.3,0.022,0.0,0.1,0.6,1.1,0.3,0.0,0.0,0.0,0.0,21.8,0.5,1.4,99.1,0.6,180.6,19.2,0.0,1.4,47.8,True,True,True,False,True,False,False,0.4164948453608247,0.0,0.0,0.06494845360824741
sesame flour,658,46.4,6.5,17.5,20.3,33.3,0.0,Beverages,38.5,0.0,0.041,0.0,1.1,0.0,3.4,0.073,0.0,0.4,16.7,3.7,0.2,0.0,0.0,0.0,0.0,198.8,1.9,19.0,451.3,1.9,1008.8,528.8,0.0,13.3,336.0,True,True,True,False,True,True,False,0.23404255319148937,0.0,0.0,0.6346504559270516
whole grain wheat flour,408,3.0,0.5,0.3,1.4,86.4,0.5,Beverages,15.9,12.8,0.027,0.0,12.9,0.0,0.6,0.066,0.0,0.2,5.9,0.7,0.5,0.0,0.0,0.9,0.025,40.8,0.5,4.3,164.4,4.9,428.4,435.6,0.045,3.1,163.2,True,True,True,False,True,False,True,0.15588235294117647,3.1372549019607843,0.004901960784313725,0.0661764705882353
corn flour yellow,422,4.5,0.6,1.2,2.1,89.9,0.7,Beverages,8.1,8.5,0.04,0.0,12.8,0.0,0.3,0.04,0.0,0.036,2.2,0.8,0.4,0.0,0.0,0.5,0.006,8.2,0.3,2.8,108.8,0.5,318.2,368.6,0.012,2.0,122.0,True,True,True,False,False,False,True,0.07677725118483412,2.014218009478673,0.006635071090047393,0.09597156398104266
corn flour whole grain,422,4.5,0.6,1.2,2.1,89.9,0.7,Beverages,8.1,8.5,0.033,0.0,12.8,0.0,0.3,0.021,0.0,0.035,2.2,0.8,0.4,0.0,0.0,0.5,0.071,8.2,0.3,2.8,108.8,0.5,318.2,368.6,0.045,2.0,122.0,True,True,True,False,False,False,True,0.07677725118483412,2.014218009478673,0.006635071090047393,0.09597156398104266
cottonseed flour low fat,94,0.4,0.082,0.046,0.2,10.2,0.0,Beverages,14.1,0.0,0.022,0.0,2.0,0.0,0.6,0.016,0.0,0.1,1.1,0.1,0.2,0.7,0.0,0.0,0.0,134.1,0.3,3.6,202.6,0.6,449.1,498.4,0.0,3.3,163.1,True,True,True,False,True,False,False,0.6,0.0,0.0,0.03829787234042553
sunflower seed flour,13,0.013,0.036,0.059,0.077,1.4,0.0,Beverages,1.9,0.2,0.073,0.0,0.3,0.0,0.1,0.02,0.0,0.006,0.3,0.3,0.022,0.003,0.0,0.0,0.0,4.6,0.081,0.3,13.8,0.011,27.6,2.7,0.047,0.2,8.557,True,True,True,False,True,True,True,0.5846153846153845,1.5384615384615385,0.0,0.009
sesame meal,160,13.6,1.9,5.1,6.0,7.4,0.0,Beverages,4.8,0.0,0.073,0.0,1.4,0.0,0.7,0.01,0.0,0.094,3.6,0.8,0.081,0.0,0.0,0.0,0.0,43.3,0.4,4.1,97.9,0.4,219.0,114.9,0.0,2.9,73.2,True,True,True,False,False,True,False,0.12,0.0,0.0,0.7649999999999999
acorn flour,626,37.7,4.9,23.9,7.3,68.3,0.0,Beverages,9.4,0.0,0.0,0.0,7.5,0.0,0.2,0.1,0.0,0.2,3.0,1.2,0.9,0.0,0.0,0.0,0.0,53.8,0.8,1.5,137.5,2.2,128.8,890.0,0.0,0.8,170.7,True,True,True,False,False,False,False,0.060063897763578275,0.0,0.0,0.5420127795527157
rice flour white,578,2.2,0.6,0.7,0.6,126.6,0.2,Beverages,9.4,3.8,0.0,0.0,18.8,0.0,0.2,0.058,0.0,0.014,4.1,1.3,0.7,0.0,0.0,0.2,0.0,15.8,0.2,0.6,55.3,1.9,154.8,120.1,0.062,1.3,158.4,True,True,True,False,False,False,True,0.06505190311418685,0.657439446366782,0.0013840830449826991,0.034256055363321804
sesame flour low fat,94,0.5,0.011,0.2,0.2,10.0,0.0,Beverages,14.2,0.0,0.072,0.0,2.0,0.0,0.7,0.073,0.0,0.092,3.5,0.8,0.02,0.0,0.0,0.0,0.0,42.2,0.4,4.0,95.7,0.4,214.2,112.4,0.0,2.8,70.9,True,True,True,False,True,False,False,0.6042553191489362,0.0,0.0,0.047872340425531915
potato flour,571,0.5,0.1,0.063,0.2,133.0,5.6,Beverages,11.0,9.4,0.042,0.0,10.4,0.0,0.0,0.4,0.043,0.0,0.06,5.6,0.8,1.2,6.1,0.0,0.4,0.0,104.0,0.3,2.2,104.0,0.5,268.8,1601.6,0.031,155.4,True,True,True,False,True,False,True,0.07705779334500876,1.6462346760070052,0.03922942206654991,0.00788091068301226
cornmeal yellow,581,2.7,0.3,0.5,1.0,124.7,2.5,Beverages,11.2,6.1,0.011,0.0,17.6,0.0,0.2,0.072,0.0,0.085,1.6,0.4,0.3,0.0,0.0,0.2,0.0,4.7,0.1,1.7,50.2,0.3,155.4,222.9,0.069,1.0,151.1,True,True,True,False,True,False,True,0.07710843373493975,1.0499139414802066,0.01721170395869191,0.041824440619621345
rye flour,364,1.4,0.2,0.2,0.6,78.2,0.9,Beverages,10.0,8.2,0.061,0.0,11.6,0.0,0.3,0.047,0.0,0.068,0.8,0.7,0.2,0.0,0.0,0.8,0.079,13.3,0.2,0.9,32.6,1.2,132.6,228.5,0.07,1.4,112.0,True,True,True,False,True,False,True,0.10989010989010989,2.2527472527472523,0.00989010989010989,0.03461538461538462
arrowroot flour,457,0.1,0.019,0.088,0.036,112.8,0.0,Beverages,0.4,4.4,0.002,0.0,14.6,0.0,0.013,0.043,0.0,0.0,0.0,0.2,0.032,0.0,0.0,0.0,0.0,51.2,0.045,0.4,3.8,0.6,6.4,14.1,0.0,0.067,169.3,True,True,True,False,False,False,True,0.00350109409190372,0.9628008752735231,0.0,0.0019693654266958426
chickpea flour,356,6.2,0.6,1.4,2.7,53.2,10.0,Beverages,20.6,9.9,0.05,0.0,9.5,0.0,0.4,0.4,0.0,0.037,1.6,0.6,0.5,0.0,0.0,0.8,0.003,41.4,0.8,4.5,152.7,1.5,292.6,778.3,0.079,2.6,135.8,True,True,True,False,True,False,True,0.2314606741573034,2.7808988764044944,0.11235955056179775,0.15674157303370786
wheat flour,455,1.2,0.2,0.1,0.5,95.4,0.3,Beverages,12.9,3.4,0.061,0.0,14.9,0.0,1.0,0.2,0.0,0.6,7.4,0.5,0.001,0.0,0.0,0.095,0.051,18.8,0.2,5.8,27.5,0.9,135.0,133.8,0.023,0.9,137.5,True,True,True,False,True,False,True,0.11340659340659341,0.7472527472527473,0.0026373626373626374,0.023736263736263735
cornstarch,488,0.03,0.077,0.046,0.012,116.8,0.0,Beverages,0.3,1.2,0.093,0.0,10.6,0.0,0.0,0.0,0.0,0.0,0.0,0.0,0.0,0.0,0.0,0.0,0.0,2.6,0.097,0.6,3.8,0.028,16.6,3.8,0.096,0.081,121.535,True,True,True,False,False,False,False,0.0024590163934426227,0.2459016393442623,0.0,0.0005532786885245902
carob flour,13,0.061,0.041,0.088,0.052,5.3,2.9,Beverages,0.3,2.4,0.033,0.0,0.2,0.0,0.09,0.007,0.0,0.079,0.1,0.038,0.029,0.088,0.0,0.046,0.0,20.9,0.088,0.2,3.2,0.019,4.7,49.6,0.087,0.087,29.18,True,True,True,False,False,True,True,0.0923076923076923,18.46153846153846,0.8923076923076922,0.042230769230769225
buckwheat flour,402,3.7,0.8,1.1,1.1,84.7,3.1,Beverages,15.1,12.0,0.033,0.0,13.4,0.0,0.5,0.035,0.0,0.2,7.4,0.5,0.7,0.0,0.0,0.4,0.044,49.2,0.6,4.9,301.2,2.4,404.4,692.4,0.04,3.7,169.6,True,True,True,False,True,False,True,0.15024875621890546,2.985074626865672,0.030845771144278607,0.0828358208955224
pecan pie,503,27.1,4.9,13.6,7.0,63.7,0.0,Beverages,6.0,0.0,0.3,106.1,23.8,0.046,0.2,0.083,0.061,0.2,1.0,0.6,0.034,0.2,0.0,0.0,0.0,39.0,0.3,1.8,31.7,0.9,114.7,162.3,0.089,1.2,137.891,False,True,True,False,False,False,False,0.04771371769383698,0.0,0.0,0.4848906560636183
apple pie,331,15.6,3.8,6.7,4.2,46.4,0.0,Beverages,3.0,0.0,0.3,0.0,59.1,0.078,0.2,0.02,0.0,0.1,1.5,0.1,0.009,2.1,0.0,0.0,0.0,8.8,0.02,1.4,8.8,0.2,35.0,98.8,0.077,0.2,77.358,True,True,True,False,False,False,False,0.03625377643504532,0.0,0.0,0.42416918429003025
vanilla wafer pie crust,935,63.7,13.1,27.5,18.8,88.4,12.9,Beverages,6.5,0.2,0.9,68.6,15.0,0.4,0.3,0.071,0.081,0.4,3.7,0.5,0.082,0.2,0.059,5.4,0.028,73.9,0.1,2.9,17.6,0.3,137.3,139.0,0.009,0.4,236.2,False,True,True,False,False,False,False,0.027807486631016044,0.0213903743315508,0.05518716577540107,0.6131550802139039
chocolate pie crust,881,40.8,8.6,26.4,3.7,117.4,47.9,Beverages,11.1,4.9,0.9,0.0,9.1,0.0,0.6,0.1,0.0,0.5,5.6,0.3,0.049,0.0,0.0,3.3,0.078,58.2,1.4,7.8,72.8,3.3,218.4,340.3,0.033,3.8,240.2,True,True,True,False,True,False,True,0.05039727582292849,0.5561861520998865,0.21748013620885356,0.41679909194097614
apple strudel,195,8.0,1.5,2.3,3.8,29.2,18.3,Beverages,2.3,1.6,0.02,4.3,30.9,0.011,0.087,0.082,0.009,0.016,0.2,0.2,0.031,1.2,0.0,1.0,0.002,10.7,0.092,0.3,6.4,0.1,23.4,105.8,0.034,0.1,53.359,False,True,True,False,False,False,False,0.047179487179487174,0.8205128205128205,0.37538461538461537,0.36923076923076925
chocolate snack cake,200,8.0,2.4,4.3,0.9,30.2,18.9,Beverages,1.8,1.6,0.2,0.0,9.3,0.001,0.051,0.079,0.011,0.013,0.5,0.067,0.068,1.0,0.0,0.5,0.08,58.0,0.2,1.8,18.0,0.2,43.5,88.0,0.006,0.5,102.459,True,True,True,False,False,False,False,0.036000000000000004,0.8,0.37799999999999995,0.36
fruit fried pie,404,20.6,3.1,9.5,6.9,54.5,27.4,Beverages,3.8,3.3,0.4,0.0,48.1,0.065,0.2,0.046,0.074,0.1,1.8,0.1,0.019,1.7,0.0,2.2,0.035,28.2,0.094,1.6,12.8,0.3,55.0,83.2,0.094,0.3,113.776,True,True,True,False,False,False,True,0.03762376237623762,0.8168316831683168,0.27128712871287125,0.45891089108910893
pumpkin pie,316,14.4,4.9,5.7,2.8,40.9,0.0,Beverages,7.0,0.0,0.3,65.1,90.7,0.1,0.1,0.091,0.086,0.3,1.2,0.7,0.077,2.6,0.0,0.0,0.0,145.7,0.1,2.0,29.5,0.3,151.9,288.3,0.058,0.7,212.686,False,True,True,False,False,False,False,0.08860759493670886,0.0,0.0,0.410126582278481
corn cake,35,0.2,0.019,0.032,0.098,7.5,2.1,Beverages,0.7,0.2,0.01,0.0,0.4,0.013,0.057,0.084,0.0,0.084,0.5,0.023,0.074,0.0,0.0,0.0,0.0,1.7,0.04,0.1,10.3,0.2,14.1,14.1,0.082,0.2,10.437,True,True,True,False,False,False,False,0.08,0.5714285714285714,0.24000000000000002,0.05142857142857143
sponge snack cake,157,4.8,1.7,2.1,0.8,26.9,15.7,Beverages,1.5,0.4,0.2,17.2,8.2,0.095,0.091,0.096,0.034,0.022,0.7,0.06,0.0,0.089,0.098,0.3,0.011,10.1,0.06,0.6,3.4,0.1,77.7,29.8,0.029,0.3,44.404,False,True,True,False,False,False,False,0.03821656050955414,0.25477707006369427,0.39999999999999997,0.2751592356687898
danish pastry with nuts,280,16.4,3.8,8.9,2.8,29.7,16.8,Beverages,4.6,1.3,0.2,29.9,13.3,0.054,0.1,0.091,0.088,0.2,1.5,0.5,0.062,1.1,0.0,0.5,0.018,61.1,0.1,1.2,20.8,0.5,71.5,61.8,0.062,0.6,115.451,False,True,True,False,False,False,False,0.06571428571428571,0.4642857142857143,0.24000000000000002,0.5271428571428571
chocolate cream pie,301,19.2,4.9,11.0,2.4,33.3,0.0,Beverages,2.6,2.0,0.1,5.0,43.1,0.0,0.002,0.093,0.0,0.1,0.7,0.4,0.023,0.0,0.0,0.0,0.0,35.6,0.078,1.1,20.8,0.2,67.3,125.7,0.016,0.2,93.8,False,True,True,False,False,False,False,0.0345514950166113,0.6644518272425249,0.0,0.5740863787375414
angel food cake,72,0.2,0.071,0.095,0.1,16.2,0.0,Beverages,1.7,0.4,0.2,0.0,9.3,0.0,0.095,0.039,0.035,0.1,0.2,0.046,0.058,0.0,0.0,0.0,0.0,39.2,0.058,0.1,3.4,0.012,90.7,26.0,0.095,0.055,57.8,True,True,True,False,False,False,False,0.09444444444444444,0.5555555555555556,0.0,0.025
lemon meringue pie,362,16.4,4.0,7.1,4.2,49.7,0.0,Beverages,4.8,0.0,0.3,67.3,55.0,0.011,0.1,0.009,0.043,0.2,1.2,0.3,0.034,4.2,0.0,0.0,0.0,15.2,0.086,1.3,7.6,0.2,53.3,82.6,0.059,0.4,91.632,False,False,True,False,False,False,False,0.05303867403314917,0.0,0.0,0.40773480662983425
danish pastry with cinnamon,349,16.7,3.5,10.6,1.6,46.9,0.0,Beverages,4.8,0.0,0.3,27.3,18.4,0.058,0.3,0.072,0.041,0.2,2.2,0.6,0.049,2.6,0.0,0.0,0.0,37.0,0.079,1.8,14.1,0.4,73.9,95.9,0.028,0.5,109.897,False,True,True,False,False,False,False,0.05501432664756447,0.0,0.0,0.43065902578796555
cinnamon coffeecake,238,13.3,3.3,7.4,1.8,26.6,0.0,Beverages,3.9,1.1,0.2,18.2,12.5,0.049,0.1,0.02,0.085,0.1,1.0,0.4,0.046,0.2,0.0,0.0,0.0,30.8,0.006,1.1,12.5,0.3,61.6,70.1,0.048,0.5,77.089,False,True,True,False,False,False,False,0.06554621848739496,0.4621848739495799,0.0,0.5029411764705882
cheesecake,257,18.0,7.9,6.9,1.3,20.4,17.4,Beverages,4.4,0.3,0.4,44.0,36.5,0.1,0.061,0.011,0.03,0.2,0.2,0.5,0.1,0.3,0.078,0.4,0.093,40.8,0.039,0.5,8.8,0.1,74.4,72.0,0.079,0.4,84.8,False,True,True,False,False,False,False,0.06848249027237355,0.11673151750972763,0.2708171206225681,0.6303501945525292
fruitcake,139,3.9,0.5,1.8,1.4,26.5,11.8,Beverages,1.2,1.6,0.013,2.2,10.9,0.06,0.004,0.063,0.0,0.063,0.3,0.015,0.008,0.2,0.0,0.4,0.032,14.2,0.082,0.9,6.9,0.067,22.4,65.8,0.033,0.1,48.507,False,True,True,False,False,False,False,0.034532374100719423,1.1510791366906474,0.339568345323741,0.2525179856115108
egg custard,293,12.9,6.1,3.9,1.2,31.0,31.0,Beverages,14.2,0.0,0.2,236.9,222.4,0.1,0.1,0.025,0.081,0.7,0.3,1.6,0.1,0.0,0.0,0.6,0.097,301.7,0.031,1.0,31.0,0.07,318.7,417.4,0.016,1.5,360.9,False,False,False,True,True,False,False,0.19385665529010238,0.0,0.4232081911262799,0.39624573378839595
mince pie,477,17.8,4.4,7.7,4.7,79.2,46.7,Beverages,4.3,4.3,0.4,0.0,61.7,0.0,0.2,0.074,0.0,0.2,2.0,0.2,0.1,9.7,0.0,0.2,0.071,36.3,0.2,2.5,23.1,0.4,69.3,335.0,0.099,0.4,154.1,True,True,True,False,False,False,True,0.03605870020964361,0.9014675052410901,0.3916142557651992,0.3358490566037736
yellow cake with chocolate frosting,546,25.6,8.3,10.4,6.8,79.7,56.5,Beverages,4.6,2.2,0.4,23.0,32.2,0.0,0.032,0.0,0.0,0.1,1.2,0.2,0.0,0.0,0.0,6.5,0.089,46.1,0.2,2.9,28.8,0.3,198.7,269.3,0.084,0.6,161.1,False,True,True,False,False,False,False,0.0336996336996337,0.402930402930403,0.4139194139194139,0.421978021978022
danish pastry with fruit,335,15.9,3.3,10.1,1.6,45.1,0.0,Beverages,4.8,0.0,0.3,18.8,27.3,0.043,0.3,0.093,0.016,0.2,1.8,0.6,0.005,1.6,0.0,0.0,0.0,21.6,0.059,1.4,14.1,0.2,68.6,110.0,0.052,0.5,90.454,False,True,True,False,False,False,False,0.057313432835820896,0.0,0.0,0.42716417910447757
white cake with coconut frosting,399,11.5,4.4,4.1,2.4,70.8,64.3,Beverages,4.9,1.1,0.3,1.1,23.2,0.015,0.1,0.058,0.091,0.2,1.2,0.2,0.026,0.1,0.047,0.1,0.019,100.8,0.031,1.3,13.4,0.3,78.4,110.9,0.093,0.4,190.574,False,True,True,False,False,False,False,0.04912280701754387,0.27568922305764415,0.6446115288220551,0.2593984962406015
danish pastry with cheese,353,24.6,5.1,15.6,2.4,28.7,0.0,Beverages,5.8,0.0,0.3,20.0,30.8,0.057,0.3,0.035,0.095,0.2,2.5,0.6,0.082,2.6,0.0,0.0,0.0,70.1,0.004,1.8,15.5,0.4,80.1,116.5,0.015,0.6,133.666,False,True,True,False,False,False,False,0.06572237960339943,0.0,0.0,0.6271954674220963
graham cracker pie crust,917,45.4,9.1,31.0,3.1,117.7,33.2,Beverages,9.3,3.5,0.9,0.0,8.0,0.0,0.3,0.1,0.0,0.4,5.9,0.3,0.1,0.0,0.0,3.4,0.058,53.1,0.4,4.8,42.1,2.4,214.1,206.8,0.039,2.3,233.8,False,False,False,True,False,False,True,0.040567066521264995,0.3816793893129771,0.14482006543075246,0.44558342420937835
blueberry pie,360,17.5,4.3,7.5,4.5,49.2,0.0,Beverages,4.0,0.0,0.3,0.0,75.3,0.0,0.2,0.073,0.0,0.2,1.8,0.2,0.015,1.0,0.0,0.0,0.0,10.3,0.081,1.8,11.8,0.4,44.1,73.5,0.059,0.3,83.8,True,True,True,False,False,False,False,0.044444444444444446,0.0,0.0,0.4375
yellow cake with vanilla frosting,239,9.3,1.5,3.9,3.3,37.6,0.0,Beverages,2.2,0.2,0.2,35.2,14.1,0.027,0.018,0.064,0.016,0.099,0.3,0.2,0.001,0.0,0.0,0.0,0.0,39.7,0.017,0.7,3.8,0.089,91.5,33.9,0.02,0.2,89.788,False,True,True,False,False,False,False,0.03682008368200837,0.08368200836820083,0.0,0.3502092050209205
pie crust,121,8.0,2.0,3.5,2.1,10.9,0.045,Beverages,1.5,0.4,0.1,0.0,2.3,0.0,0.004,0.004,0.0,0.088,0.8,0.048,0.075,0.0,0.0,0.033,0.038,2.3,0.079,0.7,3.2,0.061,15.4,15.4,0.096,0.1,23.8,True,True,True,False,False,False,False,0.049586776859504134,0.3305785123966942,0.0014876033057851239,0.5950413223140496
chocolate cake with chocolate frosting,537,27.7,8.2,10.1,6.4,72.9,55.1,Beverages,4.8,3.0,0.5,30.4,30.4,0.095,0.0,0.098,0.0,0.061,1.1,0.3,0.0,0.1,0.0,6.0,0.02,41.4,0.3,4.2,42.8,0.5,189.1,372.6,0.084,0.8,154.164,False,True,True,False,False,False,True,0.035754189944134075,0.5586592178770949,0.41042830540037245,0.4642458100558659
cheese coffeecake,258,11.6,4.1,5.4,1.3,33.7,0.0,Beverages,5.3,0.8,0.3,64.6,24.5,0.082,0.098,0.001,0.049,0.07,0.5,0.3,0.086,0.041,0.0,0.0,0.0,44.8,0.074,0.5,11.4,0.1,76.8,219.6,0.075,0.4,96.831,False,True,True,False,False,False,False,0.08217054263565891,0.31007751937984496,0.0,0.4046511627906976
vanilla cream pie,350,18.1,5.1,7.6,4.3,41.1,16.0,Beverages,6.0,0.8,0.3,78.1,59.2,0.1,0.2,0.064,0.086,0.3,1.2,0.5,0.006,0.6,0.076,0.6,0.01,113.4,0.018,1.3,16.4,0.2,131.0,158.8,0.024,0.7,181.4,False,True,True,False,False,False,False,0.06857142857142857,0.22857142857142856,0.18285714285714286,0.46542857142857147
pineapple cake,367,13.9,3.4,6.0,3.8,58.1,0.0,Beverages,4.0,0.9,0.4,25.3,37.1,0.078,0.2,0.069,0.091,0.2,1.4,0.2,0.029,1.4,0.0,0.0,0.0,138.0,0.1,1.7,15.0,0.4,94.3,128.8,0.094,0.4,218.024,False,True,True,False,False,False,False,0.043596730245231606,0.2452316076294278,0.0,0.34087193460490467
peach pie,262,11.7,1.8,5.0,4.4,38.5,19.0,Beverages,2.2,0.9,0.3,0.0,63.6,0.06,0.025,0.089,0.0,0.082,0.2,0.1,0.047,1.1,0.0,1.1,0.023,9.4,0.082,0.6,7.0,0.2,25.7,146.3,0.025,0.1,64.447,True,True,True,False,False,False,False,0.03358778625954199,0.3435114503816794,0.2900763358778626,0.4019083969465649
fruit coffeecake,156,5.1,1.2,2.8,0.7,25.8,0.0,Beverages,2.6,1.3,0.2,3.5,15.9,0.0,0.089,0.042,0.0,0.037,1.3,0.3,0.013,0.4,0.0,0.0,0.0,22.5,0.02,1.2,8.5,0.1,59.0,45.0,0.056,0.3,58.9,False,True,True,False,False,False,False,0.06666666666666667,0.8333333333333334,0.0,0.29423076923076924
pound cake,116,6.0,3.5,1.8,0.3,14.6,0.0,Beverages,1.7,0.2,0.1,66.3,7.4,0.09,0.059,0.055,0.088,0.048,0.4,0.1,0.087,0.0,0.0,0.0,0.0,10.5,0.021,0.4,3.3,0.046,41.1,35.7,0.092,0.1,33.47,False,True,True,False,False,False,False,0.05862068965517241,0.1724137931034483,0.0,0.46551724137931033
pound cake bread,215,9.6,1.7,2.4,5.2,28.2,10.0,Beverages,3.9,0.9,0.2,0.0,12.3,0.0,0.041,0.0,0.0,0.028,2.6,0.3,0.08,0.0,0.0,0.8,0.0,25.3,0.077,1.2,10.5,0.1,165.0,115.5,0.02,0.3,69.1,True,True,True,False,False,False,False,0.07255813953488371,0.4186046511627907,0.18604651162790697,0.40186046511627904
white cake,264,9.2,2.4,3.9,2.3,42.3,26.3,Beverages,4.0,0.6,0.2,1.5,17.2,0.043,0.1,0.037,0.07,0.2,1.1,0.1,0.02,0.1,0.0,0.073,0.04,96.2,0.003,1.1,8.9,0.1,68.8,70.3,0.033,0.2,153.59,False,True,True,False,False,False,False,0.06060606060606061,0.22727272727272727,0.3984848484848485,0.3136363636363636
coffeecake with chocolate frosting,298,9.7,2.5,5.1,1.3,48.4,0.0,Beverages,4.5,1.8,0.3,62.1,26.2,0.041,0.006,0.036,0.01,0.024,0.8,0.4,0.051,0.015,0.0,0.0,0.0,34.2,0.056,0.5,13.5,0.2,67.5,70.2,0.034,0.4,99.233,False,True,True,False,False,False,False,0.06040268456375839,0.6040268456375839,0.0,0.2929530201342282
popcorn cake,38,0.3,0.074,0.06,0.1,8.0,0.001,Beverages,1.0,0.3,0.05,0.0,0.5,0.0,0.079,0.068,0.0,0.06,0.6,0.002,0.076,0.0,0.0,0.073,0.005,0.9,0.067,0.2,15.9,0.037,27.7,32.7,0.079,0.4,10.7,True,True,True,False,False,False,False,0.10526315789473684,0.7894736842105263,0.00010526315789473685,0.07105263157894737
banana cream pie,3190,161.3,44.6,67.8,39.0,390.2,143.0,Beverages,52.2,8.3,2.8,604.9,568.1,0.7,1.6,0.3,0.006,2.5,12.5,4.6,1.6,19.0,0.009,4.7,0.069,889.5,0.6,12.3,189.8,1.8,1091.1,1956.9,0.1,5.7,1533.5,False,False,False,True,True,False,True,0.06545454545454546,0.2601880877742947,0.1793103448275862,0.4550783699059561
baked apple pie mcdonalds,91,4.4,1.1,2.6,0.3,12.3,4.9,Beverages,0.9,0.6,0.076,0.0,10.5,0.0,0.093,0.053,0.0,0.045,0.7,0.036,0.027,9.1,0.0,0.5,0.0,5.4,0.03,0.6,2.0,0.071,10.2,17.8,0.0,0.0,33.3,True,True,True,False,False,False,False,0.03956043956043956,0.6593406593406593,0.2153846153846154,0.4351648351648352
sponge cake,187,2.7,0.8,1.0,0.4,36.4,0.0,Beverages,4.6,0.0,0.1,107.1,18.5,0.071,0.1,0.076,0.056,0.2,0.8,0.3,0.07,0.0,0.0,0.0,0.0,26.5,0.076,1.0,5.7,0.1,63.0,88.8,0.034,0.4,71.264,False,True,True,False,False,False,False,0.09839572192513368,0.0,0.0,0.12994652406417112
yellow cake,245,9.9,2.7,4.2,2.4,36.0,0.0,Beverages,3.6,0.5,0.2,36.7,17.1,0.094,0.1,0.086,0.016,0.2,1.0,0.2,0.038,0.1,0.0,0.0,0.0,99.3,0.099,1.1,8.2,0.1,79.6,61.9,0.037,0.3,150.51,False,True,True,False,False,False,False,0.05877551020408164,0.20408163265306123,0.0,0.36367346938775513
shortcake,98,4.0,1.1,1.7,1.0,13.7,0.0,Beverages,1.7,0.0,0.1,0.8,8.0,0.005,0.058,0.027,0.099,0.039,0.7,0.005,0.055,0.07,0.0,0.0,0.0,58.0,0.076,0.7,4.5,0.08,40.5,30.0,0.097,0.1,78.182,False,True,True,False,False,False,False,0.06938775510204082,0.0,0.0,0.3673469387755102
cherry pie,486,22.0,5.4,9.6,5.8,69.3,0.0,Beverages,5.0,0.0,0.3,0.0,82.4,0.027,0.3,0.081,0.0,0.2,2.3,0.2,0.016,1.8,0.0,0.0,0.0,18.0,0.1,3.3,16.2,0.4,54.0,138.6,0.011,0.4,119.444,True,True,True,False,False,False,False,0.0411522633744856,0.0,0.0,0.4074074074074074
dutch apple pie,397,15.8,3.2,7.9,2.9,61.0,30.2,Beverages,3.0,2.2,0.3,0.0,56.3,0.008,0.3,0.033,0.0,0.07,1.5,0.1,0.0,7.8,0.0,1.3,0.071,19.2,0.2,1.2,11.0,0.3,39.7,104.1,0.038,0.3,110.281,True,True,True,False,False,False,False,0.030226700251889168,0.5541561712846348,0.3042821158690176,0.3581863979848867
chocolate cake,352,14.3,5.2,5.7,2.6,50.7,0.0,Beverages,5.0,1.5,0.3,55.1,23.2,0.0,0.1,0.012,0.027,0.2,1.1,0.3,0.038,0.2,0.0,0.0,0.0,57.0,0.2,1.5,30.4,0.3,100.7,133.0,0.019,0.7,130.2,False,True,True,False,False,False,False,0.056818181818181816,0.42613636363636365,0.0,0.36562500000000003
marshmallow,64,0.033,0.045,0.035,0.06,16.3,11.5,Beverages,0.4,0.013,0.039,0.0,3.3,0.0,0.015,0.011,0.0,0.028,0.038,0.014,0.062,0.0,0.0,0.0,0.0,0.6,0.002,0.038,0.4,0.003,1.6,1.0,0.009,0.06,17.445,True,True,True,False,False,False,False,0.025,0.0203125,0.71875,0.004640625000000001
sugar apple,72,0.2,0.009,0.031,0.095,18.2,0.0,Beverages,1.6,3.4,0.045,0.0,56.4,0.0,0.0,0.066,0.024,0.0,0.093,0.7,0.2,0.2,28.0,0.0,0.0,0.0,18.5,0.075,0.5,16.2,0.0,24.6,190.2,0.083,23.644,True,True,True,False,False,False,True,0.08888888888888889,4.722222222222222,0.0,0.025
toffee,67,3.9,2.5,1.1,0.1,7.8,7.6,Beverages,0.1,0.0,0.044,12.5,0.04,0.033,0.074,0.059,0.021,0.076,0.001,0.098,0.044,0.099,0.079,0.0,0.1,0.097,4.1,0.092,0.094,0.5,0.082,3.8,6.1,0.031,12.023,False,True,True,False,False,False,False,0.005970149253731343,0.0,0.45373134328358206,0.5238805970149254
vanilla fudge with nuts,123,3.9,1.1,0.7,1.9,21.1,20.1,Beverages,0.8,0.3,0.075,3.7,2.3,0.064,0.079,0.012,0.018,0.077,0.042,0.046,0.041,0.074,0.0,0.087,0.056,13.3,0.012,0.1,6.8,0.1,20.7,29.1,0.016,0.2,39.577,False,True,True,False,False,False,False,0.026016260162601626,0.24390243902439024,0.6536585365853659,0.2853658536585366
peanuts chocolate coated,21,1.3,0.6,0.5,0.2,2.0,1.5,Beverages,0.5,0.2,0.063,0.4,0.008,0.09,0.023,0.014,0.019,0.078,0.2,0.027,0.026,0.0,0.0,0.001,0.054,4.2,0.067,0.037,3.8,0.042,8.5,20.1,0.005,0.1,8.305,False,True,True,False,False,True,False,0.09523809523809523,0.9523809523809523,0.2857142857142857,0.5571428571428572
caramel with nuts chocolate coated,66,2.9,0.7,1.3,0.8,8.5,5.8,Beverages,1.3,0.6,0.041,0.0,0.9,0.028,0.067,0.066,0.0,0.004,0.7,0.0,0.05,0.2,0.0,0.2,0.024,10.9,0.05,0.2,11.3,0.0,23.2,62.3,0.094,0.3,24.683,True,True,True,False,False,False,False,0.0787878787878788,0.9090909090909091,0.3515151515151515,0.39545454545454545
gingerbread,263,12.1,3.1,5.3,3.1,36.4,0.0,Beverages,2.9,0.0,0.2,23.7,20.7,0.036,0.1,0.088,0.027,0.1,1.3,0.3,0.1,0.082,0.0,0.0,0.0,52.5,0.1,2.1,51.8,0.5,40.0,324.9,0.082,0.3,106.123,False,True,True,False,False,False,False,0.04410646387832699,0.0,0.0,0.41406844106463875
rolo nestle,24,1.0,0.6,3.4,2.9,0.2,0.078,Beverages,0.009,0.0,0.0,0.0,0.0,0.0,0.0,0.0,0.0,0.0,0.0,0.0,0.0,0.0,0.0,0.0,0.0,0.0,0.0,0.0,0.0,0.0,0.0,0.0,0.0,0.0,1.234,True,True,True,False,False,True,False,0.0014999999999999998,0.0,0.013,0.375
vanilla fudge,108,1.5,1.0,0.4,0.084,23.2,22.6,Beverages,0.3,0.0,0.04,4.2,3.1,0.063,0.013,0.056,0.076,0.012,0.093,0.015,0.095,0.0,0.0,0.067,0.026,10.8,0.036,0.036,0.8,0.045,8.5,13.9,0.004,0.089,35.944,False,True,True,False,False,False,False,0.011111111111111112,0.0,0.8370370370370371,0.125
halavah,328,15.1,2.9,5.7,5.9,42.3,0.0,Beverages,8.7,3.2,0.1,0.0,2.6,0.0,0.3,0.016,0.0,0.036,2.0,0.1,0.2,0.097,0.0,0.0,0.0,23.1,0.8,3.2,152.6,0.6,424.9,130.9,0.036,3.0,95.618,True,True,True,False,False,False,True,0.10609756097560975,0.975609756097561,0.0,0.41432926829268296
praline,189,10.1,0.9,5.7,3.0,23.2,21.8,Beverages,1.3,1.4,0.016,0.0,4.0,0.0,0.066,0.096,0.0,0.071,0.2,0.1,0.021,0.1,0.0,0.2,0.033,16.8,0.2,0.5,19.1,0.7,40.6,84.6,0.021,0.7,53.4,True,True,True,False,False,False,False,0.027513227513227514,0.7407407407407407,0.4613756613756614,0.4809523809523809
fruit juice bar,67,0.089,0.0,0.0,0.026,15.6,13.5,Beverages,0.9,0.8,0.011,0.0,60.3,0.0,0.022,0.032,0.0,0.055,0.1,0.099,0.094,7.3,0.0,0.0,0.092,3.9,0.0,0.1,3.1,0.1,4.6,40.8,0.007,0.068,28.671,True,True,True,False,False,False,False,0.05373134328358209,1.1940298507462686,0.8059701492537313,0.011955223880597015
peanut brittle,138,5.4,1.2,2.3,1.3,20.2,14.5,Beverages,2.1,0.7,0.1,3.4,0.2,0.051,0.015,0.046,0.0,0.098,0.7,0.1,0.029,0.0,0.0,0.7,0.06,7.6,0.086,0.3,11.9,0.2,30.0,47.5,0.037,0.2,36.343,False,True,True,False,False,False,False,0.06086956521739131,0.5072463768115942,0.42028985507246375,0.3521739130434783
butterscotch,21,0.2,0.1,0.07,0.076,4.8,4.3,Beverages,0.079,0.0,0.039,0.5,0.3,0.076,0.008,0.0,0.0,0.087,0.093,0.075,0.0,0.0,0.0,0.059,0.092,0.2,0.062,0.02,0.0,0.076,0.04,0.2,0.011,0.001,5.351,False,True,True,False,False,True,False,0.015047619047619048,0.0,0.819047619047619,0.08571428571428572
chocolate coffee beans,155,9.4,5.1,3.9,0.4,15.6,14.4,Beverages,2.1,1.6,0.006,5.7,0.7,0.049,0.007,0.016,0.063,0.011,0.052,0.1,0.002,0.0,0.0,0.1,0.04,47.8,0.1,0.6,18.1,0.2,53.2,116.9,0.056,0.6,77.127,False,True,True,False,False,False,False,0.05419354838709678,1.032258064516129,0.3716129032258065,0.5458064516129033
nougat with almonds,56,0.2,0.2,0.0,0.0,12.9,11.7,Beverages,0.5,0.5,0.061,0.0,0.3,0.0,0.058,0.044,0.0,0.045,0.083,0.044,0.001,0.096,0.0,0.4,0.0,4.5,0.051,0.082,4.5,0.043,7.7,14.7,0.062,0.051,18.658,True,True,True,False,False,False,False,0.03571428571428571,0.8928571428571429,0.8357142857142856,0.03214285714285715
carob,135,7.8,7.3,0.1,0.028,14.1,8.5,Beverages,2.0,1.0,0.015,0.3,0.4,0.0,0.0,0.02,0.087,0.086,0.027,0.3,0.2,0.007,0.1,0.0,0.4,0.051,75.8,0.011,0.3,9.0,0.059,31.5,158.3,0.087,25.013,False,True,True,False,False,False,False,0.05925925925925926,0.7407407407407407,0.2518518518518518,0.52
peanut butter fudge,62,1.1,0.3,0.5,0.3,12.4,11.7,Beverages,0.6,0.1,0.085,0.5,1.7,0.081,0.064,0.09,0.095,0.07,0.2,0.028,0.052,0.0,0.0,0.2,0.068,6.7,0.016,0.072,3.2,0.077,10.9,19.0,0.007,0.021,21.055,False,True,True,False,False,False,False,0.03870967741935484,0.16129032258064516,0.7548387096774193,0.15967741935483873
sugar coated almonds,17,0.6,0.016,0.4,0.1,2.4,2.2,Beverages,0.4,0.013,0.021,0.0,0.094,0.0,0.08,0.033,0.0,0.098,0.046,0.029,0.092,0.0,0.0,0.4,0.0,3.5,0.073,0.061,4.8,0.091,5.8,8.9,0.009,0.085,6.936,True,True,True,False,False,True,False,0.09411764705882353,0.07647058823529412,0.5176470588235295,0.3176470588235294
chocolate coated marshmallow,118,4.7,1.3,2.6,0.5,19.0,12.5,Beverages,1.1,0.6,0.002,0.0,2.8,0.043,0.07,0.002,0.098,0.027,0.2,0.1,0.087,0.093,0.0,0.022,0.03,12.9,0.013,0.7,10.1,0.061,27.2,51.0,0.076,0.2,39.096,True,True,True,False,False,False,False,0.03728813559322034,0.5084745762711864,0.423728813559322,0.35847457627118645
raisins chocolate coated,390,14.8,10.3,3.1,0.6,68.4,62.2,Beverages,4.1,3.1,0.021,3.0,11.2,0.059,0.018,0.016,0.066,0.2,0.4,0.3,0.08,0.2,0.0,0.3,0.054,86.0,0.4,1.7,45.0,0.4,143.0,514.0,0.053,1.3,178.329,False,True,True,False,False,False,True,0.04205128205128205,0.7948717948717948,0.637948717948718,0.34153846153846157
chewing gum sugarless,5,0.013,0.09,0.081,0.038,1.9,0.0,Beverages,0.0,0.078,0.001,0.0,0.067,0.0,0.0,0.0,0.0,0.0,0.0,0.0,0.0,0.0,0.0,0.0,0.0,0.4,0.0,0.0,0.0,0.0,0.0,0.0,0.03,0.0,2.378,True,True,True,False,False,True,True,0.0,1.56,0.0,0.023399999999999997
chewing gum,11,0.032,0.058,0.06,0.015,2.9,2.0,Beverages,0.0,0.012,0.083,0.0,0.067,0.0,0.0,0.0,0.0,0.0,0.0,0.0,0.0,0.0,0.0,0.0,0.0,0.0,0.0,0.0,0.0,0.0,0.0,0.05,0.045,0.0,2.973,True,True,True,False,False,True,False,0.0,0.10909090909090909,0.7272727272727273,0.026181818181818185
chocolate syrup,109,0.4,0.2,0.1,0.011,25.4,19.4,Beverages,0.8,1.0,0.061,0.0,12.1,0.0,0.055,0.096,0.0,0.099,0.1,0.096,0.089,0.009,0.0,0.086,0.049,5.5,0.2,0.8,25.4,0.1,50.3,87.4,0.08,0.3,33.955,True,True,True,False,False,False,False,0.029357798165137616,0.9174311926605505,0.7119266055045871,0.03302752293577982
chocolate fudge syrup,67,1.7,0.8,0.7,0.086,12.0,6.6,Beverages,0.9,0.5,0.084,0.2,4.1,0.07,0.015,0.079,0.029,0.077,0.02,0.073,0.046,0.023,0.0,0.5,0.035,9.3,0.076,0.2,9.1,0.013,18.4,54.0,0.044,0.2,24.726,False,True,True,False,False,False,False,0.05373134328358209,0.746268656716418,0.3940298507462686,0.22835820895522385
m ms milk chocolate mars,207,8.9,5.5,2.2,0.4,29.9,26.7,Beverages,1.8,1.2,0.018,5.9,0.7,0.086,0.097,0.016,0.063,0.08,0.1,0.1,0.015,0.2,0.0,0.2,0.032,44.1,0.1,0.5,18.5,0.1,61.3,109.6,0.064,0.7,86.651,False,True,True,False,False,False,False,0.034782608695652174,0.5797101449275363,0.5159420289855072,0.3869565217391305
milk chocolate with almonds,216,14.1,7.3,4.9,1.2,21.9,18.0,Beverages,3.7,2.5,0.051,7.8,0.6,0.049,0.02,0.06,0.093,0.2,0.3,0.2,0.047,0.084,0.0,1.3,0.016,91.8,0.2,0.7,36.9,0.3,108.2,182.0,0.067,0.5,134.811,False,True,True,False,False,False,True,0.06851851851851852,1.1574074074074074,0.3333333333333333,0.5874999999999999
chocolate fudge,70,1.8,1.1,0.5,0.055,13.0,12.4,Beverages,0.4,0.3,0.032,2.4,1.7,0.067,0.028,0.062,0.061,0.029,0.054,0.011,0.044,0.0,0.0,0.075,0.068,8.3,0.059,0.3,6.1,0.044,12.1,22.8,0.01,0.2,24.119,False,True,True,False,False,False,False,0.022857142857142857,0.42857142857142855,0.7085714285714286,0.23142857142857143
milk chocolate with rice cereal,0,0.0,0.0,0.0,0.0,0.0,0.0,Beverages,0.0,0.0,0.0,0.0,0.0,0.0,0.0,0.0,0.0,0.0,0.0,0.0,0.0,0.0,0.0,0.0,0.0,0.0,0.0,0.0,0.0,0.0,0.0,0.0,0.0,0.0,0.0,False,True,True,False,False,True,False,0.0,0.0,0.0,0.0
m ms peanut chocolate mars,93,4.7,1.8,1.5,0.6,10.9,9.1,Beverages,1.7,0.7,0.017,1.4,0.4,0.035,0.064,0.097,0.051,0.062,0.6,0.1,0.061,0.0,0.0,0.5,0.086,18.4,0.057,0.2,12.4,0.1,34.2,62.5,0.099,0.3,36.623,False,True,True,False,False,False,False,0.07311827956989247,0.7526881720430108,0.39139784946236555,0.4548387096774194
dark chocolate,165,9.7,5.7,2.9,0.3,18.0,13.8,Beverages,1.5,2.2,0.013,2.1,0.3,0.074,0.0,0.052,0.0,0.077,0.004,0.2,0.084,0.064,0.0,0.0,0.2,0.087,17.1,0.3,2.4,45.6,0.4,64.2,170.4,0.033,31.848,False,True,True,False,False,False,True,0.03636363636363636,1.3333333333333335,0.3345454545454546,0.5290909090909091
chocolate semisweet,806,50.4,29.8,16.7,1.6,107.4,91.6,Beverages,7.1,9.9,0.042,0.0,1.2,0.0,0.023,0.094,0.0,0.2,0.7,0.2,0.036,0.0,0.0,0.4,0.066,53.8,1.2,5.3,193.2,1.3,221.8,613.2,0.055,2.7,233.9,True,True,True,False,False,False,True,0.03523573200992556,1.228287841191067,0.45459057071960296,0.5627791563275434
after eight mints nestle,36,1.0,0.7,0.0,0.0,6.7,5.6,Beverages,0.1,0.2,0.025,0.0,0.5,0.0,0.0,0.0,0.0,0.0,0.0,0.0,0.0,0.0,0.0,0.0,0.0,1.1,0.0,0.062,0.0,0.0,0.0,0.0,0.0,0.0,9.163,True,True,True,False,False,False,False,0.011111111111111112,0.5555555555555556,0.6222222222222222,0.25
milk chocolate,37,2.1,1.3,0.5,0.036,4.2,3.6,Beverages,0.5,0.2,0.045,1.6,0.1,0.049,0.097,0.033,0.01,0.066,0.079,0.087,0.089,0.0,0.0,0.003,0.017,13.2,0.083,0.2,4.4,0.014,14.6,26.0,0.007,0.2,20.464,False,True,True,False,False,True,False,0.05405405405405406,0.5405405405405406,0.3891891891891892,0.5108108108108109
white chocolate,162,9.6,5.8,2.7,0.3,17.8,17.7,Beverages,1.8,0.081,0.009,6.3,0.4,0.072,0.072,0.051,0.022,0.091,0.2,0.2,0.042,0.2,0.0,0.3,0.082,59.7,0.01,0.025,3.6,0.1,52.8,85.8,0.073,0.2,89.212,False,True,True,False,False,False,False,0.044444444444444446,0.049999999999999996,0.437037037037037,0.5333333333333333
chocolate,208,14.0,8.2,4.6,0.4,24.8,21.1,Beverages,1.6,2.3,0.001,0.0,0.2,0.0,0.094,0.069,0.0,0.026,0.3,0.019,0.091,0.0,0.0,0.1,0.074,9.8,0.2,1.1,46.3,0.2,60.3,118.9,0.018,0.6,53.6,True,True,True,False,False,False,False,0.03076923076923077,1.1057692307692306,0.40576923076923077,0.6057692307692307
twix mars,146,7.2,5.5,0.9,0.2,18.8,14.0,Beverages,1.4,0.3,0.064,2.0,1.2,0.081,0.062,0.048,0.007,0.036,0.073,0.3,0.03,0.099,0.2,0.0,0.2,0.085,30.7,0.042,0.2,7.8,0.071,30.5,53.9,0.065,27.86,False,True,True,False,False,False,False,0.03835616438356164,0.2054794520547945,0.3835616438356164,0.4438356164383561
kit kat nestle,62,3.3,2.2,0.6,0.097,7.6,6.5,Beverages,0.7,0.2,0.022,1.1,0.1,0.0,0.0,0.094,0.047,0.0,0.071,0.035,0.065,0.0,0.2,0.0,0.0,0.0,16.6,0.059,0.1,0.2,0.0,13.4,35.3,0.0,11.843,False,True,True,False,False,False,False,0.04516129032258064,0.3225806451612903,0.41935483870967744,0.4790322580645161
snickers mars,280,13.6,5.2,4.5,1.7,35.1,28.8,Beverages,4.3,1.3,0.1,7.4,3.2,0.2,0.009,0.015,0.089,0.078,0.092,2.1,0.3,0.077,0.3,0.0,0.9,0.015,53.0,0.2,0.4,41.0,0.2,108.3,184.1,0.0,54.826,False,True,True,False,False,False,False,0.06142857142857142,0.4642857142857143,0.4114285714285714,0.4371428571428571
milky way mars,264,10.0,7.0,1.3,0.2,41.3,34.6,Beverages,2.3,0.6,0.021,5.2,3.7,0.1,0.065,0.085,0.079,0.011,0.081,0.0,0.09,0.068,0.4,0.072,0.5,0.038,66.7,0.047,0.3,11.6,0.095,38.9,71.9,0.073,54.438,False,True,True,False,False,False,False,0.034848484848484844,0.22727272727272727,0.5242424242424243,0.3409090909090909
clif bar,235,4.0,1.0,0.7,1.5,44.5,21.5,Beverages,10.0,5.0,0.1,0.0,7.5,0.0,0.4,0.076,0.055,0.3,3.0,1.5,0.4,60.0,0.0,0.2,0.089,250.2,0.3,4.5,100.0,1.5,199.9,280.2,0.048,3.0,378.2,True,True,True,False,True,False,True,0.1702127659574468,2.127659574468085,0.3659574468085106,0.15319148936170213
gum drops,18,0.042,0.05,0.1,0.012,4.4,3.5,Beverages,0.0,0.0,0.008,0.0,0.6,0.0,0.0,0.0,0.0,0.0,0.0,0.0,0.0,0.0,0.0,0.0,0.0,0.0,0.0,0.0,0.0,0.0,0.0,0.0,0.058,0.0,4.418,True,True,True,False,False,True,False,0.0,0.0,0.7777777777777778,0.021
skittles wild berry mars,249,2.6,2.6,0.0,0.0,56.3,47.1,Beverages,0.1,0.0,0.036,0.0,2.4,0.0,0.0,0.0,0.0,0.0,0.0,0.0,0.0,41.6,0.0,0.0,0.0,0.0,0.0,0.0,0.0,0.0,0.0,0.0,0.0,0.0,100.6,True,True,True,False,False,False,False,0.001606425702811245,0.0,0.7566265060240964,0.09397590361445785
skittles original mars,251,2.7,2.6,0.0,0.0,56.3,47.0,Beverages,0.1,0.0,0.025,0.0,2.4,0.0,0.0,0.0,0.0,0.033,0.037,0.016,0.097,41.4,0.0,0.1,0.036,0.0,0.087,0.0,0.6,0.073,0.6,7.4,0.044,0.03,100.5,True,True,True,False,False,False,False,0.0015936254980079682,0.0,0.749003984063745,0.09681274900398407
skittles tropical mars,251,2.7,0.0,0.0,0.0,56.3,47.0,Beverages,0.1,0.0,0.095,0.0,2.4,0.0,0.0,0.0,0.0,0.0,0.0,0.0,0.0,41.6,0.0,0.0,0.0,0.0,0.0,0.0,0.0,0.0,0.0,0.0,0.0,0.0,100.7,True,True,True,False,False,False,False,0.0015936254980079682,0.0,0.749003984063745,0.09681274900398407
fruit leather,52,0.4,0.025,0.2,0.05,12.0,6.9,Beverages,0.029,0.0,0.0,0.0,1.4,0.0,0.051,0.081,0.0,0.05,0.03,0.078,0.016,16.8,0.0,0.02,0.003,4.5,0.06,0.1,2.8,0.083,4.3,41.2,0.034,0.014,33.811,True,True,True,False,False,False,False,0.002230769230769231,0.0,0.5307692307692308,0.06923076923076923
taffy,60,0.5,0.3,0.1,0.045,13.7,10.3,Beverages,0.087,0.0,0.028,1.4,0.7,0.096,0.026,0.011,0.0,0.0,0.046,0.018,0.013,0.0,0.0,0.0,0.062,0.034,1.2,0.0,0.016,0.0,0.0,0.2,0.5,0.054,14.358,False,True,True,False,False,False,False,0.0058,0.0,0.6866666666666668,0.075
eisbonbons mac iver,23,0.0,0.0,5.6,4.0,0.0,0.0,Beverages,0.0,0.0,0.0,0.0,0.0,0.0,0.0,0.0,0.0,0.0,0.0,0.0,0.0,0.0,0.0,0.0,0.0,0.0,0.0,0.0,0.0,0.0,0.0,0.0,0.0,0.0,0.0,True,True,True,False,False,True,False,0.0,0.0,0.0,0.0
caramels,39,0.8,0.3,0.2,0.4,7.8,6.6,Beverages,0.5,0.0,0.015,0.7,0.9,0.021,0.005,0.061,0.03,0.04,0.094,0.092,0.088,0.024,0.0,0.002,0.014,13.9,0.06,0.049,1.7,0.006,11.5,21.6,0.087,0.057,23.208,False,True,True,False,False,False,False,0.05128205128205128,0.0,0.6769230769230768,0.18461538461538463
hard candy,24,0.067,0.0,0.0,0.0,5.9,3.8,Beverages,0.0,0.0,0.021,0.0,0.05,0.0,0.021,0.0,0.0,0.084,0.039,0.09,0.035,0.0,0.0,0.0,0.0,0.2,0.071,0.038,0.2,0.082,0.2,0.3,0.052,0.059,6.182,True,True,True,False,False,True,False,0.0,0.0,0.6333333333333333,0.025124999999999998
jellybeans,4,0.043,0.0,0.0,0.0,1.0,0.8,Beverages,0.0,0.083,0.076,0.0,0.051,0.0,0.04,0.0,0.0,0.017,0.099,0.098,0.09,0.0,0.0,0.0,0.0,0.08,0.038,0.029,0.055,0.013,0.027,0.4,0.052,0.032,1.216,True,True,True,False,False,True,True,0.0,2.075,0.8,0.09674999999999999
jellies,56,0.069,0.033,0.059,0.071,14.7,10.8,Beverages,0.005,0.2,0.016,0.0,6.3,0.0,0.055,0.098,0.0,0.1,0.039,0.045,0.046,0.2,0.0,0.0,0.063,1.5,0.012,0.084,1.3,0.096,1.3,11.3,0.1,0.041,16.779,True,True,True,False,False,False,False,0.00035714285714285714,0.35714285714285715,0.7714285714285715,0.011089285714285715
wheat germ toasted,115,3.2,0.5,0.5,2.0,14.9,2.3,Beverages,8.7,4.5,0.06,0.0,1.7,0.0,0.5,0.1,0.0,0.2,1.7,0.4,0.3,1.8,0.0,4.8,0.098,13.5,0.2,2.7,96.0,6.0,343.8,284.1,0.047,5.0,49.3,True,True,True,False,True,False,True,0.3026086956521739,3.9130434782608696,0.07999999999999999,0.25043478260869567
crispy brown rice,124,1.1,0.2,0.3,0.5,27.5,2.9,Beverages,2.3,2.3,0.086,0.0,1.0,0.0,0.034,0.046,0.0,0.084,0.7,0.0,0.051,0.0,0.0,0.043,0.0,9.0,0.067,0.4,28.2,0.0,90.6,76.2,0.034,0.5,42.6,True,True,True,False,False,False,True,0.07419354838709677,1.854838709677419,0.0935483870967742,0.07983870967741936
bran flakes asda,109,0.6,0.2,19.5,3.6,0.2,0.0,Beverages,0.0,0.0,0.0,0.0,0.0,0.0,0.0,0.0,0.0,0.0,0.0,0.0,0.0,0.0,0.0,0.0,0.0,0.0,0.0,0.0,0.0,0.0,0.0,0.0,0.0,0.0,0.8,True,True,True,False,False,True,False,0.0,0.0,0.0,0.04954128440366972
amaranth cooked,251,3.9,0.0,0.0,0.0,46.0,0.0,Beverages,9.3,5.2,0.095,0.0,184.9,0.0,0.048,0.025,0.0,0.033,0.6,0.0,0.3,0.0,0.0,0.5,0.0,115.6,0.4,5.2,159.9,2.1,364.1,332.1,0.074,2.1,185.2,True,True,True,False,False,False,True,0.14820717131474104,2.0717131474103585,0.0,0.1398406374501992
triticale,645,4.0,0.7,0.4,1.8,138.5,0.0,Beverages,25.1,0.0,0.049,0.0,20.2,0.0,0.8,0.1,0.0,0.3,2.7,2.5,0.3,0.0,0.0,1.7,0.0,71.0,0.9,4.9,249.6,6.2,687.4,637.4,0.0,6.6,243.5,True,True,True,False,True,False,False,0.15565891472868218,0.0,0.0,0.05581395348837209
barley raw,42,0.1,0.041,0.096,0.038,9.3,0.094,Beverages,1.2,1.9,0.016,0.0,1.2,0.0,0.017,0.002,0.0,0.096,0.6,0.035,0.034,0.0,0.0,0.052,0.061,3.5,0.059,0.3,9.5,0.2,26.5,33.6,0.019,0.3,16.3,True,True,True,False,False,False,True,0.11428571428571428,4.523809523809524,0.008952380952380953,0.02142857142857143
bulgur dry,171,0.7,0.1,0.06,0.3,37.9,0.2,Beverages,6.1,9.2,0.071,0.0,4.5,0.0,0.1,0.076,0.0,0.018,2.6,0.5,0.2,0.0,0.0,0.093,0.044,17.5,0.2,1.2,82.0,1.5,150.0,205.0,0.073,1.0,72.6,True,True,True,False,False,False,True,0.14269005847953214,5.380116959064327,0.004678362573099415,0.03684210526315789
cottonseed kernels roasted,754,54.1,14.5,10.3,26.9,32.6,0.0,Beverages,48.6,8.2,0.073,0.0,6.9,0.0,1.1,0.3,0.0,0.4,4.5,0.7,1.2,13.4,0.0,0.0,0.0,149.0,1.8,8.0,655.6,3.2,1192.0,2011.5,0.0,8.9,313.9,True,True,True,False,True,True,True,0.25782493368700266,1.0875331564986737,0.0,0.6457559681697613
rice bran,373,24.6,4.9,8.9,8.8,58.6,1.1,Beverages,15.8,24.8,0.036,0.0,7.2,0.0,3.2,0.028,0.0,0.3,40.1,8.7,4.8,0.0,0.0,5.8,0.051,67.3,0.9,21.9,921.6,16.8,1978.9,1752.3,0.018,7.1,213.0,True,True,True,False,True,False,True,0.16943699731903486,6.648793565683646,0.011796246648793567,0.5935656836461126
chaptti roti indian bread,491,2.5,2.5,99.9,17.5,0.089,68.4,Beverages,7.0,0.0,0.0,0.0,0.0,0.0,0.0,0.0,0.0,0.0,0.0,0.0,0.0,0.0,0.0,0.0,0.0,0.0,0.0,0.0,0.0,0.0,0.0,0.0,0.0,0.0,9.551,True,True,True,False,False,True,False,0.05702647657841141,0.0,0.5572301425661915,0.045824847250509164
quinoa cooked,222,3.6,0.4,1.0,2.0,39.4,1.6,Beverages,8.1,5.2,0.026,0.0,132.5,0.0,0.2,0.084,0.0,0.2,0.8,0.0,0.2,0.0,0.0,1.2,0.0,31.5,0.4,2.8,118.4,1.2,281.2,318.2,0.058,2.0,90.6,True,True,True,False,False,False,True,0.14594594594594593,2.3423423423423424,0.02882882882882883,0.14594594594594593
dar vida swiss original,116,3.1,0.3,17.8,2.8,0.5,0.0,Beverages,0.0,0.0,0.0,0.0,0.0,0.0,0.0,0.0,0.0,0.0,0.0,0.0,0.0,0.0,0.0,0.0,0.0,0.0,0.0,0.0,0.0,0.0,0.0,0.0,0.0,0.0,3.6,True,True,True,False,False,True,False,0.0,0.0,0.0,0.24051724137931035
teff cooked,255,1.6,0.0,0.0,0.0,50.0,0.0,Beverages,9.8,7.1,0.053,0.0,188.8,0.0,0.5,0.016,0.0,0.056,2.3,0.0,0.2,0.0,0.0,0.0,0.0,123.5,0.6,5.2,126.0,7.2,302.4,269.6,0.0,2.8,197.2,True,True,True,False,False,False,True,0.15372549019607845,2.784313725490196,0.0,0.05647058823529412
couscous dry,650,1.1,0.2,0.2,0.4,134.0,0.0,Beverages,22.1,8.7,0.031,0.0,14.8,0.0,0.3,0.059,0.0,0.1,6.0,2.2,0.2,0.0,0.0,0.0,0.0,41.5,0.4,1.9,76.1,1.3,294.1,287.2,0.0,1.4,209.3,True,True,True,False,True,False,True,0.136,1.3384615384615384,0.0,0.015230769230769232
weetabix weetabix,2078,11.5,396.1,68.9,57.4,0.0,0.0,Beverages,0.0,0.0,0.0,0.0,0.0,0.0,0.0,0.0,0.0,0.0,0.0,0.0,0.0,0.0,0.0,0.0,0.0,0.0,0.0,0.0,0.0,0.0,0.0,0.0,0.0,0.0,11.5,True,True,True,False,False,True,False,0.0,0.0,0.0,0.049807507218479305
oat bran cooked,88,1.9,0.4,0.6,0.7,25.1,0.0,Beverages,7.0,5.7,0.082,0.0,184.0,0.0,0.4,0.022,0.0,0.017,0.3,0.5,0.073,0.0,0.0,0.0,0.0,21.9,0.1,1.9,87.6,2.1,260.6,201.5,0.023,1.2,63.5,True,True,True,False,True,False,True,0.3181818181818182,6.4772727272727275,0.0,0.1943181818181818
buckwheat cooked,155,1.0,0.2,0.3,0.3,33.5,1.5,Beverages,5.7,4.5,0.053,0.0,127.1,0.0,0.079,0.066,0.0,0.087,1.6,0.6,0.1,0.0,0.0,0.2,0.031,11.8,0.2,1.3,85.7,0.7,117.6,147.8,0.044,1.0,57.8,True,True,True,False,False,False,True,0.14709677419354839,2.903225806451613,0.03870967741935484,0.05806451612903226
millet puffed,74,0.7,0.1,0.2,0.4,16.8,0.1,Beverages,2.7,0.6,0.076,0.0,0.5,0.0,0.072,0.044,0.0,0.099,0.9,0.0,0.08,0.0,0.0,0.1,0.029,1.7,0.1,0.6,22.3,0.0,55.9,8.4,0.084,0.3,23.1,True,True,True,False,False,False,False,0.14594594594594595,0.8108108108108109,0.005405405405405406,0.08513513513513513
oat bran raw,23,0.5,0.077,0.2,0.2,4.9,0.1,Beverages,1.3,1.2,0.036,0.0,32.4,0.0,0.5,0.091,0.0,0.06,0.084,0.017,0.0,0.0,5.6,0.044,0.4,18.0,51.6,40.0,0.2,0.0,0.0,0.0,0.0,0.0,65.9,True,True,True,False,True,True,True,0.22608695652173913,5.217391304347826,0.017391304347826087,0.1956521739130435
popcorn oil popped,64,4.8,0.8,1.1,2.6,5.0,0.027,Beverages,0.8,0.9,0.018,0.0,0.1,0.0,0.074,0.052,0.0,0.099,0.1,0.1,0.067,0.086,0.0,0.3,0.08,0.4,0.062,0.2,8.7,0.051,21.9,20.0,0.03,0.3,12.109,True,True,True,False,False,True,True,0.05,1.40625,0.0016875,0.6749999999999999
kamut cooked,251,1.6,0.0,0.0,0.0,52.4,0.0,Beverages,11.1,6.7,0.038,0.0,105.6,0.0,0.2,0.017,0.0,0.06,4.7,0.0,0.1,0.0,0.0,0.0,0.0,17.2,0.4,3.5,96.3,2.1,304.4,347.4,0.058,3.0,92.5,True,True,True,False,True,False,True,0.17689243027888446,2.6693227091633465,0.0,0.05737051792828685
wheat bran,125,2.5,0.4,0.4,1.3,37.4,0.2,Beverages,9.0,24.8,0.015,0.0,5.7,0.0,0.3,0.005,0.0,0.3,7.9,1.3,0.8,0.0,0.0,0.9,0.01,42.3,0.6,6.1,354.4,6.7,587.5,685.6,0.066,4.2,122.1,True,True,True,False,True,False,True,0.288,19.84,0.0064,0.18
cheese popcorn,58,3.7,0.7,1.1,1.7,5.7,0.0,Beverages,1.0,1.1,0.002,1.2,0.3,0.09,0.009,0.06,0.076,0.017,0.2,0.089,0.015,0.074,0.0,0.0,0.0,12.4,0.044,0.2,10.0,0.097,39.7,28.7,0.096,0.2,24.284,False,True,True,False,False,True,True,0.06896551724137931,1.8965517241379313,0.0,0.5741379310344829
raisin bran crunch kelloggs,90,0.5,0.0,0.0,0.0,21.2,9.0,Beverages,1.9,0.0,0.0,0.0,0.0,0.0,0.0,0.0,0.0,0.0,0.0,0.0,0.0,0.0,0.0,0.0,0.0,0.0,0.0,0.0,0.0,0.0,0.0,0.0,0.0,0.0,23.6,True,True,True,False,False,False,False,0.08444444444444445,0.0,0.4,0.05
couscous cooked,176,0.3,0.091,0.063,0.1,36.5,0.2,Beverages,6.0,2.2,0.054,0.0,113.9,0.0,0.026,0.087,0.0,0.092,1.5,0.6,0.058,0.0,0.0,0.2,0.046,12.6,0.065,0.6,12.6,0.1,34.5,91.1,0.01,0.4,58.2,True,True,True,False,False,False,True,0.13636363636363635,1.2500000000000002,0.004545454545454546,0.015340909090909089
multigrain cheerios general mills,4,0.005,0.0,0.08,0.095,1.0,0.2,Beverages,0.038,0.1,0.0,0.072,0.0,0.0,0.0,0.0,0.0,0.0,0.0,0.0,0.0,0.0,0.0,0.0,0.0,0.0,0.0,0.0,0.0,0.0,0.0,0.0,0.0,0.0,1.248,False,True,True,False,False,True,True,0.038,2.5,0.2,0.01125
bulgur cooked,151,0.4,0.053,0.083,0.2,33.8,0.2,Beverages,5.6,8.2,0.049,0.0,141.5,0.0,0.1,0.022,0.0,0.017,1.8,0.6,0.2,0.0,0.0,0.051,0.093,18.2,0.1,1.7,58.2,1.1,72.8,123.8,0.026,1.0,67.9,True,True,True,False,False,False,True,0.14834437086092714,5.43046357615894,0.005298013245033113,0.02384105960264901
popcorn air popped,31,0.4,0.011,0.014,0.2,6.2,0.086,Beverages,1.0,1.2,0.016,0.0,0.3,0.0,0.031,0.099,0.0,0.092,0.2,0.097,0.057,0.0,0.0,0.097,0.071,0.6,0.02,0.3,11.5,0.092,28.6,26.3,0.0,0.2,9.7,True,True,True,False,False,False,True,0.12903225806451613,3.870967741935484,0.011096774193548386,0.11612903225806452
teff raw,708,4.6,0.9,1.1,2.1,141.1,3.6,Beverages,25.7,15.4,0.053,0.0,17.0,0.0,0.8,0.0,0.0,0.5,6.5,1.8,0.9,0.0,0.0,0.2,0.03,347.4,1.6,14.7,355.1,17.8,828.0,824.1,0.038,7.0,548.9,True,True,True,False,True,False,True,0.14519774011299436,2.175141242937853,0.02033898305084746,0.05847457627118644
spelt cooked,246,1.6,0.0,0.0,0.0,51.3,0.0,Beverages,10.7,7.6,0.041,0.0,129.1,0.0,0.2,0.066,0.0,0.087,5.0,0.0,0.2,0.0,0.0,0.5,0.0,19.4,0.4,3.2,95.1,2.1,291.0,277.4,0.042,2.4,93.8,True,True,True,False,True,False,True,0.17398373983739837,3.089430894308943,0.0,0.05853658536585366
millet raw,756,8.4,1.4,1.5,4.3,145.7,0.0,Beverages,22.0,17.0,0.013,0.0,17.3,0.0,0.8,0.2,0.0,0.6,9.4,1.7,0.8,0.0,0.0,0.1,0.027,16.0,1.5,6.0,228.0,3.3,570.0,390.0,0.0,3.4,215.1,True,True,True,False,True,False,True,0.1164021164021164,2.248677248677249,0.0,0.1
popcorn unpopped,106,1.2,0.2,0.3,0.7,20.9,0.3,Beverages,3.1,3.6,0.001,0.0,3.0,0.0,0.087,0.001,0.0,0.051,0.5,0.1,0.054,0.0,0.0,0.026,0.0,1.4,0.042,0.9,34.8,0.3,84.6,77.5,0.0,0.8,31.1,True,True,True,False,False,False,True,0.1169811320754717,3.3962264150943398,0.011320754716981131,0.10188679245283018
whole wheat cooked,150,1.0,0.1,0.1,0.5,33.2,0.2,Beverages,4.8,3.9,0.6,0.0,202.3,0.0,0.2,0.085,0.0,0.1,2.2,0.4,0.2,0.0,0.0,0.6,0.056,16.9,0.2,1.5,53.2,1.4,167.0,171.8,0.025,1.2,61.3,True,True,True,False,False,False,True,0.128,2.6,0.005333333333333334,0.06
wheat sprouted,214,1.4,0.2,0.2,0.6,45.9,0.0,Beverages,8.1,1.2,0.026,0.0,51.6,0.0,0.2,0.023,0.0,0.2,3.3,1.0,0.3,2.8,0.0,0.0,0.0,30.2,0.3,2.3,88.6,2.0,216.0,182.5,0.004,1.8,91.9,True,True,True,False,False,False,False,0.1514018691588785,0.5607476635514018,0.0,0.058878504672897194
whole wheat dry,96,0.6,0.031,0.095,0.3,21.1,0.1,Beverages,3.1,2.7,0.036,0.0,2.8,0.0,0.1,0.053,0.0,0.087,1.4,0.3,0.1,0.0,0.0,0.4,0.092,11.2,0.1,0.9,34.2,0.9,106.1,108.9,0.031,0.7,39.6,True,True,True,False,False,False,True,0.12916666666666668,2.8125,0.004166666666666667,0.056249999999999994
caramel popcorn,122,3.6,1.0,0.8,1.3,22.4,15.1,Beverages,1.1,1.5,0.069,1.4,0.8,0.066,0.044,0.079,0.0,0.086,0.6,0.018,0.052,0.0,0.0,0.3,0.094,12.2,0.054,0.5,9.9,0.1,23.5,30.8,0.067,0.2,41.396,False,True,True,False,False,False,True,0.036065573770491806,1.2295081967213115,0.49508196721311476,0.26557377049180325
wheat puffed,44,0.1,0.025,0.0,0.0,9.6,0.0,Beverages,1.8,0.5,0.03,0.0,0.4,0.0,0.3,0.092,0.0,0.2,4.2,0.092,0.041,0.0,0.0,0.0,0.0,3.4,0.086,3.8,17.4,0.2,42.6,41.8,0.084,0.3,19.2,True,True,True,False,False,False,False,0.16363636363636364,1.1363636363636365,0.0,0.020454545454545454
roggenmischbrot sonnenblumenkerne aldi,82,3.1,9.9,2.5,0.0,0.0,0.0,Beverages,0.0,0.0,0.0,0.0,0.0,0.0,0.0,0.0,0.0,0.0,0.0,0.0,0.0,0.0,0.0,0.0,0.0,0.0,0.0,0.0,0.0,0.0,0.0,0.0,0.0,0.0,3.1,True,True,True,False,False,True,False,0.0,0.0,0.0,0.3402439024390244
wheat germ,112,3.0,0.5,0.4,1.9,16.1,0.0,Beverages,7.2,4.1,0.037,0.0,3.4,0.0,0.6,0.087,0.0,0.2,2.1,0.7,0.4,0.0,0.0,0.0,0.0,12.1,0.2,1.9,74.1,4.1,261.0,276.5,0.056,3.8,44.4,True,True,True,False,True,False,True,0.2571428571428572,3.660714285714285,0.0,0.24107142857142858
microwave popcorn,465,26.3,12.7,9.2,3.6,49.8,0.3,Beverages,7.3,8.7,0.6,0.0,0.8,0.7,0.072,0.073,0.034,0.0,0.073,1.4,0.2,0.3,0.0,0.0,2.5,0.052,20.0,0.2,1.8,95.7,0.7,239.3,341.9,0.004,93.352,True,True,True,False,False,False,True,0.06279569892473118,1.8709677419354835,0.0025806451612903226,0.5090322580645161
millet cooked,207,1.7,0.3,0.3,0.9,41.2,0.2,Beverages,6.1,2.3,0.046,0.0,124.3,0.0,0.2,0.088,0.0,0.1,2.3,0.3,0.2,0.0,0.0,0.019,0.021,5.2,0.3,1.1,76.6,0.5,174.0,107.9,0.094,1.6,57.6,True,True,True,False,False,False,False,0.1178743961352657,1.111111111111111,0.0038647342995169085,0.07391304347826086
kamut raw,627,4.1,0.4,0.4,1.1,130.9,15.2,Beverages,27.3,16.9,0.012,0.0,20.4,0.035,0.0,1.1,0.0,0.0,0.3,11.8,1.7,0.5,0.0,0.0,1.1,0.043,44.6,1.0,8.2,249.2,5.3,718.0,829.6,0.1,180.788,True,True,True,False,True,False,True,0.17416267942583732,2.6953748006379583,0.09696969696969697,0.05885167464114832
wheat durum,651,4.7,0.9,0.7,1.9,136.6,0.0,Beverages,26.3,0.0,0.032,0.0,21.0,0.0,0.8,0.054,0.0,0.2,12.9,1.8,0.8,0.0,0.0,0.0,0.0,65.3,1.1,6.8,276.5,5.8,975.4,827.5,0.2,8.0,239.7,True,True,True,False,True,False,False,0.16159754224270353,0.0,0.0,0.06497695852534563
sorghum,651,6.3,0.9,1.9,2.6,143.3,0.0,Beverages,21.7,12.1,0.045,0.0,17.7,0.0,0.5,0.0,0.0,0.3,5.6,0.0,0.0,0.0,0.0,0.0,0.0,53.8,0.0,8.4,0.0,0.0,551.0,672.0,0.0,0.0,245.6,True,True,True,False,True,False,True,0.13333333333333333,1.858678955453149,0.0,0.08709677419354839
white wheat,657,3.3,0.5,0.4,1.4,145.7,0.8,Beverages,21.7,23.4,0.094,0.0,18.4,0.0,0.7,0.058,0.0,0.2,8.4,1.8,0.7,0.0,0.0,1.9,0.089,61.4,0.7,8.8,178.6,7.3,681.6,829.4,0.0,6.4,264.3,True,True,True,False,True,False,True,0.13211567732115678,3.5616438356164384,0.004870624048706241,0.045205479452054796
rye,571,2.8,0.3,0.4,1.3,128.2,1.7,Beverages,17.5,25.5,0.078,0.0,17.9,0.0,0.5,0.036,0.0,0.4,7.2,2.5,0.5,0.0,0.0,1.4,0.092,40.6,0.6,4.4,185.9,4.4,561.1,861.9,0.032,4.5,219.0,True,True,True,False,True,False,True,0.12259194395796848,4.46584938704028,0.01190893169877408,0.04413309982486865
spelt raw,588,4.2,0.7,0.8,2.2,122.1,11.9,Beverages,25.4,18.6,0.076,0.0,19.2,0.0,0.6,0.056,0.0,0.2,11.9,1.9,0.4,0.0,0.0,1.4,0.037,47.0,0.9,7.7,236.6,5.2,697.7,675.1,0.051,5.7,225.0,True,True,True,False,True,False,True,0.17278911564625848,3.163265306122449,0.08095238095238096,0.0642857142857143
buckwheat raw,41,0.4,0.007,0.1,0.1,8.6,0.0,Beverages,1.6,1.2,0.054,0.0,1.2,0.0,0.054,0.03,0.0,0.015,0.8,0.1,0.005,0.0,0.0,0.0,0.0,2.2,0.1,0.3,27.7,0.2,41.6,55.2,0.094,0.3,14.3,True,True,True,False,False,False,True,0.15609756097560976,2.926829268292683,0.0,0.0878048780487805
honey cereali general mills,104,2.0,21.2,3.0,188.0,3.0,0.0,Beverages,0.0,0.0,0.0,0.0,0.0,0.0,0.0,0.0,0.0,0.0,0.0,0.0,0.0,0.0,0.0,0.0,0.0,0.0,0.0,0.0,0.0,0.0,0.0,0.0,0.0,0.0,5.0,True,True,True,False,False,True,False,0.0,0.0,0.0,0.17307692307692307
barley cooked,193,0.7,0.1,0.039,0.3,44.3,0.4,Beverages,3.5,6.0,0.064,0.0,108.0,0.0,0.1,0.008,0.0,0.037,3.2,0.2,0.2,0.0,0.0,0.098,0.057,17.3,0.2,2.1,34.5,0.4,84.8,146.0,0.073,1.3,73.9,True,True,True,False,False,False,True,0.07253886010362694,3.1088082901554404,0.008290155440414507,0.032642487046632127
oats,39,0.7,0.1,0.2,0.3,6.6,0.0,Beverages,1.7,1.1,0.074,0.0,0.8,0.0,0.01,0.085,0.0,0.026,0.016,0.1,0.032,0.0,0.0,0.0,0.0,5.4,0.006,0.5,17.7,0.5,52.3,42.9,0.0,0.4,16.0,True,True,True,False,False,False,True,0.17435897435897435,2.8205128205128207,0.0,0.16153846153846155
amaranth raw,37,0.7,0.1,0.2,0.3,6.5,0.2,Beverages,1.4,0.7,0.077,0.0,1.1,0.0,0.084,0.065,0.0,0.004,0.073,0.1,0.024,0.4,0.0,0.1,0.0,15.9,0.048,0.8,24.8,0.3,55.7,50.8,0.05,0.3,26.4,True,True,True,False,False,False,True,0.15135135135135133,1.8918918918918919,0.021621621621621623,0.17027027027027025
semolina,601,1.8,0.3,0.2,0.7,121.6,0.0,Beverages,21.2,6.5,0.097,0.0,21.2,0.0,1.4,0.3,0.0,1.0,10.0,1.0,0.2,0.0,0.0,0.4,0.0,28.4,0.3,7.3,78.5,1.0,227.1,310.6,0.1,1.8,186.8,True,True,True,False,True,False,True,0.1410981697171381,1.08153078202995,0.0,0.026955074875207985
quinoa dry,221,3.6,0.4,1.0,2.0,38.5,0.0,Beverages,8.5,4.2,0.026,0.0,8.0,0.0,0.2,0.1,0.0,0.2,0.9,0.5,0.3,0.0,0.0,1.5,0.0,28.2,0.4,2.7,118.2,1.2,274.2,337.8,0.056,1.9,85.7,True,True,True,False,False,False,True,0.15384615384615385,1.9004524886877827,0.0,0.14660633484162897
wheat shredded,155,1.0,0.2,0.2,0.6,36.2,0.4,Beverages,5.2,5.5,0.086,0.0,2.8,0.0,0.1,0.002,0.0,0.01,2.4,0.1,0.5,4.6,0.0,0.0,0.041,23.0,0.2,1.4,61.2,1.2,170.2,173.0,0.06,1.4,76.9,True,True,True,False,False,False,True,0.13419354838709677,3.5483870967741935,0.01032258064516129,0.05806451612903226
cattail,5,0.0,0.0,0.0,0.0,1.0,0.074,Beverages,0.2,0.9,0.031,0.0,17.6,0.0,0.075,0.005,0.0,0.054,0.082,0.089,0.012,0.1,0.0,0.0,0.021,10.3,0.03,0.2,12.0,0.1,8.6,58.7,0.091,0.064,12.7,True,True,True,False,False,True,True,0.16,18.0,0.059199999999999996,0.0
peanut granola bar,116,5.7,0.8,1.7,2.9,15.0,8.2,Beverages,2.4,0.7,0.006,0.0,0.6,0.062,0.006,0.01,0.0,0.008,0.5,0.1,0.023,0.012,0.0,1.3,0.095,9.8,0.02,0.6,13.2,0.3,33.4,69.8,0.061,0.3,34.218,True,True,True,False,False,False,False,0.08275862068965517,0.603448275862069,0.2827586206896551,0.44224137931034485
vanilla bluberry bar kind,49,1.4,8.4,2.5,0.7,0.9,0.096,Beverages,0.0,0.0,0.0,0.0,0.0,0.0,0.0,0.0,0.0,0.0,0.0,0.0,0.0,0.0,0.0,0.0,0.0,0.0,0.0,0.0,0.0,0.0,0.0,0.0,0.0,0.0,2.3,True,True,True,False,False,True,False,0.0,0.0,0.00783673469387755,0.2571428571428571
coconut granola bar,150,9.1,6.4,1.4,0.9,15.6,9.7,Beverages,1.5,1.8,0.006,0.0,1.7,0.0,0.041,0.008,0.053,0.064,0.1,0.0,0.056,0.1,0.0,0.019,0.072,11.9,0.045,0.5,15.8,0.0,43.6,71.9,0.053,0.3,40.5,True,True,True,False,False,False,True,0.04,1.2,0.25866666666666666,0.5459999999999999
almond granola bar,119,6.1,3.0,1.9,0.9,14.9,0.0,Beverages,1.8,1.2,0.067,0.0,0.7,0.0,0.031,0.009,0.0,0.0,0.1,0.1,0.077,0.0,0.0,0.0,0.0,7.7,0.017,0.6,19.4,0.3,54.7,65.5,0.06,0.4,32.3,True,True,True,False,False,False,False,0.06050420168067227,1.0084033613445378,0.0,0.461344537815126
chocolate chip granola bar,105,3.9,2.7,0.6,0.3,17.3,0.0,Beverages,1.8,1.1,0.062,0.0,0.6,0.0,0.076,0.014,0.0,0.071,0.1,0.1,0.057,0.1,0.0,0.0,0.0,18.5,0.008,0.7,17.3,0.4,49.0,60.2,0.018,0.5,43.38,True,True,True,False,False,False,False,0.06857142857142857,1.0476190476190477,0.0,0.3342857142857143
fruit granola bar,82,0.2,0.034,0.032,0.093,18.6,13.3,Beverages,1.4,1.8,0.028,0.0,3.3,0.0,0.006,0.007,0.002,0.009,0.034,0.0,0.4,0.4,0.0,0.071,0.099,0.7,0.003,1.0,12.0,0.0,29.3,52.8,0.052,0.3,24.1,True,True,True,False,False,False,True,0.06829268292682926,2.1951219512195124,0.6487804878048781,0.021951219512195124
granola bar,99,4.2,0.5,0.9,2.5,13.5,6.0,Beverages,2.1,1.1,0.084,0.0,0.8,0.0,0.059,0.011,0.0,0.061,0.3,0.2,0.003,0.2,0.0,0.4,0.022,12.8,0.081,0.6,20.4,0.4,58.2,70.6,0.027,0.4,34.5,True,True,True,False,False,False,False,0.08484848484848485,1.1111111111111112,0.24242424242424243,0.38181818181818183
peanut bar,209,13.5,1.9,6.7,4.3,19.0,16.9,Beverages,6.2,1.6,0.059,0.0,0.6,0.0,0.051,0.042,0.0,0.093,3.2,0.3,0.089,0.0,0.0,1.6,0.0,31.2,0.3,0.4,44.0,0.5,123.2,162.8,0.043,1.6,71.9,True,True,True,False,False,False,False,0.11866028708133972,0.7655502392344498,0.323444976076555,0.5813397129186603
milk cereal bar,103,2.7,2.3,0.3,0.01,18.0,11.5,Beverages,1.6,0.1,0.087,1.5,2.2,0.085,0.2,0.094,0.046,0.2,2.0,0.1,0.2,3.9,0.027,0.1,0.002,102.5,0.028,1.5,5.3,0.055,38.8,63.5,0.041,0.2,130.334,False,True,True,False,False,False,False,0.06213592233009709,0.0970873786407767,0.44660194174757284,0.23592233009708738
almond rice bar,128,5.7,1.1,2.1,2.2,18.1,0.0,Beverages,2.0,1.0,0.0,0.0,1.9,0.0,0.4,0.0,0.0,0.4,4.9,0.2,0.5,3.2,0.0,0.0,0.0,20.7,0.057,1.8,19.9,0.4,46.8,64.1,0.0,1.5,52.5,True,True,True,False,False,False,False,0.0625,0.78125,0.0,0.40078125000000003
fruit nut squares,55,1.3,0.1,0.2,1.0,10.3,6.4,Beverages,0.3,0.3,0.086,0.0,1.9,0.0,0.033,0.021,0.0,0.014,0.008,0.099,0.049,0.065,0.0,0.004,0.068,2.4,0.054,0.1,3.5,0.052,7.6,11.5,0.068,0.034,14.762,True,True,True,False,False,False,False,0.021818181818181816,0.5454545454545454,0.46545454545454545,0.21272727272727274
rice wheat cereal bar,90,2.0,0.0,1.4,0.5,16.0,7.0,Beverages,2.0,0.4,0.1,0.0,1.7,0.0,0.2,0.013,0.0,0.2,2.0,0.018,0.2,0.0,0.0,0.6,0.058,6.8,0.01,0.6,10.1,0.3,29.9,31.5,0.097,0.4,27.8,True,True,True,False,False,False,False,0.08888888888888889,0.4444444444444444,0.3111111111111111,0.2
crisped rice bar,113,3.8,1.5,1.1,1.0,20.4,0.0,Beverages,1.4,0.6,0.01,0.0,2.0,0.0,0.1,0.019,0.0,0.2,2.0,0.0,0.2,0.0,0.0,0.0,0.0,5.9,0.045,1.8,13.4,0.3,37.5,47.0,0.02,0.2,33.9,True,True,True,False,False,False,False,0.049557522123893805,0.5309734513274337,0.0,0.30265486725663715
brown rice raw,685,5.4,1.1,2.0,1.9,142.9,1.6,Beverages,14.7,6.5,0.086,0.0,19.2,0.0,0.7,0.014,0.0,0.2,9.4,2.8,0.9,0.0,0.0,2.2,0.024,42.6,0.5,2.7,264.6,6.9,616.1,412.6,0.038,3.7,214.8,True,True,True,False,True,False,True,0.08583941605839415,0.948905109489051,0.009343065693430658,0.07094890510948905
rice pilaf cooked,352,8.8,1.8,3.7,3.0,61.1,0.6,Beverages,7.0,1.4,1.0,0.0,158.2,0.055,0.4,0.0,0.0,0.012,4.4,0.6,0.3,0.0,0.0,0.6,0.0,69.0,0.1,2.0,26.2,0.7,114.2,164.2,0.049,0.9,149.399,True,True,True,False,False,False,False,0.07954545454545454,0.3977272727272727,0.006818181818181818,0.225
beef flavored rice raw,657,2.3,0.0,0.0,0.0,139.1,0.0,Beverages,19.8,2.9,2.4,0.0,15.1,0.0,1.3,0.0,0.0,0.2,9.7,1.0,0.3,0.0,0.0,0.3,0.0,58.6,0.3,5.2,62.2,1.7,228.8,309.3,0.068,2.5,227.9,False,False,False,True,True,False,True,0.12054794520547946,0.441400304414003,0.0,0.03150684931506849
wild rice cooked,166,0.6,0.078,0.03,0.3,35.0,1.2,Beverages,6.5,3.0,0.008,0.0,121.2,0.0,0.044,0.051,0.0,0.1,2.1,0.3,0.2,0.0,0.0,0.4,0.047,4.9,0.2,1.0,52.5,0.5,134.5,165.6,0.016,2.2,51.0,True,True,True,False,False,False,True,0.1566265060240964,1.8072289156626506,0.028915662650602407,0.03253012048192771
wild rice raw,571,1.7,0.2,0.3,1.1,119.8,4.0,Beverages,23.6,9.9,0.051,0.0,12.4,0.0,0.2,0.2,0.0,0.4,10.8,1.7,0.6,0.0,0.0,1.3,0.004,33.6,0.8,3.1,283.2,2.1,692.8,683.2,0.025,9.5,191.7,True,True,True,False,True,False,True,0.16532399299474607,1.733800350262697,0.028021015761821366,0.02679509632224168
congee with pork shrimp and squid plus egg,178,0.3,39.3,2.8,0.0,0.0,0.0,Beverages,0.0,0.0,0.0,0.0,0.0,0.0,0.0,0.0,0.0,0.0,0.0,0.0,0.0,0.0,0.0,0.0,0.0,0.0,0.0,0.0,0.0,0.0,0.0,0.0,0.0,0.0,0.3,False,False,False,True,False,True,False,0.0,0.0,0.0,0.015168539325842695
white rice pasta cooked,246,5.7,1.1,2.3,1.9,43.3,0.0,Beverages,5.1,5.1,1.1,2.0,144.9,0.0,0.2,0.074,0.0,0.2,3.6,0.6,0.2,0.4,0.0,0.0,0.0,16.2,0.048,1.9,24.2,0.4,74.7,84.8,0.0,0.6,77.7,False,True,True,False,False,False,True,0.08292682926829267,2.0731707317073167,0.0,0.20853658536585368
chicken flavored rice raw,601,2.2,0.7,0.6,0.8,127.3,4.0,Beverages,17.9,2.0,2.1,0.0,13.8,0.0,1.0,0.0,0.0,0.2,8.6,0.9,0.3,0.0,0.0,0.3,0.0,30.2,0.3,4.7,52.1,1.7,211.7,257.0,0.011,2.3,184.3,False,False,False,True,True,False,False,0.11913477537437603,0.33277870216306155,0.026622296173044926,0.0329450915141431
instant white rice raw,361,0.9,0.1,0.1,0.2,78.2,0.026,Beverages,7.4,1.8,0.039,0.0,8.0,0.0,0.9,0.3,0.0,0.044,6.7,0.4,0.1,0.0,0.0,0.079,0.095,20.9,0.2,6.0,13.3,0.9,112.1,25.7,0.011,1.4,115.2,True,True,True,False,False,False,False,0.08199445983379501,0.4986149584487535,0.0002880886426592798,0.022437673130193906
rice crisps,107,0.4,0.065,0.017,0.09,24.1,2.3,Beverages,1.8,0.2,0.2,0.0,1.1,0.2,0.6,0.0,0.0,0.7,7.3,0.006,0.8,12.9,0.0,0.003,0.0,1.4,0.08,2.9,6.7,0.3,26.9,30.2,0.096,0.3,43.9,True,True,True,False,False,False,False,0.06728971962616823,0.18691588785046728,0.08598130841121494,0.03364485981308411
parboiled white rice raw,692,1.9,0.5,0.5,0.6,149.6,0.6,Beverages,13.9,3.3,0.055,0.0,18.2,0.0,1.1,0.5,0.0,0.054,9.3,1.2,0.8,0.0,0.0,0.088,0.078,131.4,0.5,6.2,50.0,1.9,283.1,321.9,0.038,1.9,306.3,True,True,True,False,True,False,True,0.08034682080924856,0.476878612716763,0.003468208092485549,0.024710982658959536
instant white rice cooked,193,0.8,0.088,0.1,0.032,41.4,0.0,Beverages,3.6,1.0,0.001,0.0,118.8,0.0,0.1,0.1,0.0,0.059,2.9,0.075,0.059,0.0,0.0,0.008,0.0,13.2,0.088,2.9,8.3,0.6,61.1,14.9,0.006,0.8,62.9,True,True,True,False,False,False,False,0.07461139896373058,0.5181347150259067,0.0,0.03730569948186529
rice pilaf raw,732,2.8,0.0,0.0,0.0,155.7,3.1,Beverages,21.3,2.4,2.7,0.0,16.4,0.088,1.2,0.0,0.0,0.2,12.5,1.5,0.8,0.0,0.0,0.066,0.0,169.3,0.3,5.0,65.3,1.8,314.2,383.5,0.037,2.1,356.56,True,True,True,False,True,False,False,0.11639344262295083,0.32786885245901637,0.016939890710382516,0.03442622950819672
rice cracker cake,111,1.2,0.2,0.4,0.4,23.0,0.2,Beverages,2.0,1.2,0.097,0.0,1.6,0.0,0.011,0.092,0.0,0.049,2.2,0.0,0.057,0.0,0.0,0.4,0.063,3.1,0.1,0.4,37.1,0.0,101.9,121.1,0.06,0.8,30.9,True,True,True,False,False,False,False,0.07207207207207207,1.0810810810810811,0.007207207207207207,0.09729729729729729
parboiled white rice cooked,194,0.6,0.1,0.1,0.1,41.2,0.2,Beverages,4.6,1.4,0.088,0.0,111.2,0.0,0.3,0.1,0.0,0.098,3.6,0.5,0.2,0.0,0.0,0.074,0.0,30.0,0.1,2.9,14.2,0.6,86.9,88.5,0.055,0.6,80.7,True,True,True,False,False,False,False,0.09484536082474226,0.7216494845360825,0.004123711340206186,0.02783505154639175
white rice steamed,199,0.4,0.0,0.0,0.0,44.7,0.0,Beverages,4.2,1.2,0.009,0.0,82.5,0.0,0.031,0.01,0.0,0.012,0.7,0.0,0.006,0.0,0.0,0.0,0.0,6.6,0.027,0.5,6.6,0.6,43.6,26.4,0.0,0.9,57.6,True,True,True,False,False,False,False,0.08442211055276383,0.6030150753768844,0.0,0.018090452261306532
brown rice cake,35,0.3,0.062,0.083,0.005,7.3,0.047,Beverages,0.7,0.4,0.024,0.0,0.5,0.0,0.013,0.025,0.0,0.079,0.7,0.012,0.071,0.0,0.0,0.1,0.096,1.0,0.08,0.1,11.8,0.3,32.4,26.1,0.099,0.3,9.8,True,True,True,False,False,False,False,0.08,1.1428571428571428,0.005371428571428571,0.07714285714285714
glutinous white rice raw,685,1.0,0.2,0.4,0.4,151.1,0.0,Beverages,12.6,5.2,0.015,0.0,19.4,0.0,0.3,0.017,0.0,0.1,4.0,1.5,0.2,0.0,0.0,0.0,0.0,20.4,0.3,3.0,42.6,1.8,131.4,142.5,0.038,2.2,193.3,True,True,True,False,True,False,True,0.07357664233576643,0.7591240875912408,0.0,0.013138686131386862
white rice pasta raw,600,4.0,0.7,1.0,1.6,122.8,0.0,Beverages,15.3,0.0,3.0,3.3,11.6,0.0,1.2,0.3,0.007,0.4,11.4,1.1,0.2,1.0,0.0,0.0,0.0,75.0,0.4,6.5,65.2,1.7,257.5,340.7,0.099,2.0,224.6,False,True,True,False,True,False,False,0.10200000000000001,0.0,0.0,0.06
glutinous white rice cooked,169,0.3,0.056,0.1,0.1,36.7,0.078,Beverages,3.5,1.7,0.027,0.0,133.3,0.0,0.01,0.012,0.0,0.025,0.5,0.4,0.033,0.0,0.0,0.031,0.0,3.5,0.017,0.2,8.7,0.5,13.9,17.4,0.072,0.7,45.9,True,True,True,False,False,False,False,0.08284023668639054,1.0059171597633136,0.0018461538461538461,0.015976331360946745
brown rice cooked,218,1.6,0.3,0.6,0.6,45.8,0.7,Beverages,4.5,3.5,0.086,0.0,142.3,0.0,0.2,0.007,0.0,0.016,2.6,0.6,0.3,0.0,0.0,0.074,0.071,19.5,0.2,1.0,85.8,1.8,150.2,154.1,0.093,1.2,75.9,True,True,True,False,False,False,True,0.08256880733944955,1.6055045871559632,0.012844036697247705,0.06605504587155964
beef flavored rice cooked,319,7.9,2.1,3.5,2.9,54.4,0.0,Beverages,7.0,1.5,0.9,0.0,175.2,0.0,0.4,0.0,0.0,0.04,3.3,0.4,0.022,0.0,0.0,0.7,0.0,24.7,0.1,2.2,24.7,0.6,81.5,118.6,0.063,1.0,97.7,False,False,False,True,False,False,False,0.0877742946708464,0.4702194357366771,0.0,0.22288401253918497
white rice cooked,205,0.4,0.1,0.1,0.1,44.5,0.015,Beverages,4.3,0.6,0.077,0.0,108.1,0.0,0.3,0.073,0.0,0.009,2.3,0.6,0.1,0.0,0.0,0.031,0.0,15.8,0.1,1.9,19.0,0.7,67.9,55.3,0.059,0.8,67.5,True,True,True,False,False,False,False,0.08390243902439024,0.2926829268292683,0.0002926829268292683,0.0175609756097561
chicken flavored rice cooked,317,8.0,1.7,3.3,2.7,54.8,1.5,Beverages,6.2,1.6,0.9,0.0,161.5,0.068,0.3,0.0,0.0,0.018,3.3,0.4,0.1,0.0,0.0,0.6,0.0,16.3,0.1,2.2,23.3,0.7,83.9,135.1,0.088,1.1,89.138,False,False,False,True,False,False,False,0.07823343848580441,0.5047318611987381,0.01892744479495268,0.22712933753943218
white rice raw,675,1.2,0.3,0.4,0.3,147.9,0.2,Beverages,13.2,2.4,0.081,0.0,21.5,0.0,1.1,0.4,0.0,0.091,7.8,1.9,0.3,0.0,0.0,0.2,0.08,51.8,0.4,8.0,46.3,2.0,212.8,212.8,0.057,2.0,224.5,True,True,True,False,True,False,False,0.07822222222222222,0.35555555555555557,0.0011851851851851852,0.015999999999999997
cheese imitation,441,36.2,6.6,16.0,12.0,1.1,1.1,Beverages,28.3,0.0,0.8,17.0,42.9,0.1,0.053,0.098,0.034,0.4,0.093,0.0,0.034,0.0,0.0,0.3,0.037,796.7,0.05,0.8,33.9,0.0,598.9,62.2,0.063,3.4,863.2,False,True,True,False,True,True,False,0.2566893424036281,0.0,0.00997732426303855,0.7387755102040816
cheshire cheese,110,8.7,5.5,2.5,0.2,1.4,0.0,Beverages,6.6,0.0,0.2,29.1,10.7,0.004,0.082,0.074,0.071,0.099,0.071,0.1,0.075,0.0,0.0,0.0,0.0,182.0,0.035,0.005,5.9,0.02,131.3,26.9,0.006,0.8,198.767,False,True,True,False,True,True,False,0.24,0.0,0.0,0.7118181818181818
monterey cheese,421,34.2,21.5,9.9,1.0,0.8,0.6,Beverages,27.7,0.0,0.7,100.6,46.3,0.2,0.068,0.002,0.022,0.4,0.1,0.2,0.072,0.0,0.089,0.3,0.036,843.0,0.019,0.8,30.5,0.061,501.7,91.5,0.021,3.4,906.7,False,True,True,False,True,True,False,0.26318289786223276,0.0,0.005700712589073634,0.7311163895486936
edam cheese,107,8.3,5.6,2.4,0.2,0.4,0.0,Beverages,7.5,0.0,0.3,26.7,12.5,0.03,0.08,0.048,0.086,0.1,0.004,0.029,0.014,0.0,0.055,0.03,0.084,219.3,0.072,0.1,9.0,0.08,160.8,56.4,0.028,1.1,235.628,False,True,True,False,True,True,False,0.2803738317757009,0.0,0.0,0.6981308411214954
fontina cheese,420,33.6,20.7,9.4,1.8,1.7,1.7,Beverages,27.6,0.0,0.9,125.3,41.0,0.3,0.018,0.1,0.044,0.2,0.2,0.5,0.072,0.0,0.044,0.3,0.021,594.0,0.087,0.2,15.1,0.03,373.7,69.1,0.052,3.8,657.4,False,False,False,True,True,True,False,0.26285714285714284,0.0,0.01619047619047619,0.7200000000000001
monterey cheese low fat,350,24.4,15.9,6.4,0.9,0.8,0.6,Beverages,31.9,0.0,0.6,73.5,52.0,0.2,0.04,0.049,0.007,0.4,0.1,0.0,0.077,0.0,0.002,0.2,0.074,796.7,0.089,0.8,30.5,0.0,501.7,91.5,0.03,3.4,854.8,False,True,True,False,True,True,False,0.36457142857142855,0.0,0.006857142857142857,0.6274285714285714
colby cheese,445,36.3,22.8,10.5,1.1,2.9,0.6,Beverages,26.8,0.0,0.7,107.4,43.2,0.3,0.029,0.071,0.089,0.4,0.1,0.2,0.084,0.0,0.053,0.3,0.073,774.1,0.047,0.9,29.4,0.01,516.4,143.5,0.023,3.5,841.3,False,True,True,False,True,True,False,0.2408988764044944,0.0,0.005393258426966292,0.7341573033707864
american cheese,93,7.9,4.5,2.1,0.3,0.9,0.6,Beverages,4.5,0.0,0.4,25.0,9.9,0.036,0.064,0.069,0.012,0.068,0.023,0.1,0.06,0.0,0.007,0.2,0.093,261.3,0.034,0.2,6.5,0.086,160.3,33.0,0.014,0.6,274.886,False,True,True,False,False,True,False,0.1935483870967742,0.0,0.025806451612903226,0.7645161290322582
blue cheese,106,8.6,5.6,2.3,0.2,0.7,0.2,Beverages,6.4,0.0,0.3,22.5,12.7,0.018,0.008,0.03,0.011,0.1,0.3,0.5,0.015,0.0,0.087,0.09,0.047,158.4,0.004,0.063,6.9,0.054,116.1,76.8,0.035,0.8,174.154,False,True,True,False,True,True,False,0.24150943396226415,0.0,0.007547169811320755,0.730188679245283
nectarine,66,0.5,0.066,0.1,0.2,15.8,11.8,Fruits & Produce,1.6,2.6,0.0,0.0,131.4,0.0,0.0,0.026,0.037,0.0,0.032,1.7,0.3,0.007,8.1,0.0,1.2,0.081,9.0,0.1,0.4,13.5,0.002,39.0,301.5,0.0,20.735,True,True,True,False,False,False,True,0.09696969696969697,3.9393939393939394,0.7151515151515152,0.06818181818181818
kiwifruit gold,51,0.2,0.008,0.099,0.051,12.8,10.0,Fruits & Produce,0.8,1.1,0.046,0.0,66.8,0.091,0.0,0.051,0.058,0.07,0.2,0.4,0.067,130.7,0.0,1.1,0.074,13.8,0.1,0.2,9.7,0.072,20.3,255.2,0.003,0.077,159.686,True,True,True,False,False,False,True,0.06274509803921569,2.1568627450980395,0.7843137254901961,0.03529411764705882
prickly pear raw,8,0.072,0.0,0.0,0.0,1.9,0.2,Fruits & Produce,0.001,1.0,0.065,0.0,17.0,0.0,0.058,0.0,0.0,0.038,0.04,0.0,0.078,2.1,0.0,0.0,0.018,34.2,0.051,0.021,13.1,0.1,2.1,24.7,0.023,0.073,39.263,True,True,True,False,False,True,True,0.0005,12.5,0.1,0.08099999999999999
pineapple,45,0.1,0.074,0.001,0.087,11.8,8.9,Fruits & Produce,0.5,1.3,0.099,0.0,77.4,0.0,0.0,0.085,0.033,0.0,0.014,0.5,0.2,0.1,43.0,0.0,0.078,0.061,11.7,0.091,0.3,10.8,0.8,7.2,98.1,0.061,13.97,True,True,True,False,False,False,True,0.044444444444444446,2.888888888888889,0.7911111111111111,0.02
rowan,253,4.6,0.6,0.0,0.0,54.5,32.1,Fruits & Produce,5.2,14.1,0.083,0.0,162.8,0.0,0.0,0.0,0.0,0.0,0.0,0.0,0.0,58.8,0.0,0.0,0.0,34.2,2.4,5.0,73.0,0.4,118.6,298.7,0.0,1.0,176.4,True,True,True,False,False,False,True,0.08221343873517786,5.573122529644269,0.507509881422925,0.16363636363636364
muscadine grapes,3,0.056,0.0,0.0,0.0,0.8,0.0,Fruits & Produce,0.014,0.2,0.024,0.0,5.1,0.0,0.0,0.046,0.0,0.0,0.0,0.0,0.0,0.0,0.0,0.0,0.0,2.2,0.023,0.014,0.8,0.1,1.4,12.2,0.0,0.027,3.38,True,True,True,False,False,True,True,0.018666666666666668,6.666666666666667,0.0,0.168
heidelbeeren jutro,17,0.2,0.039,2.5,2.4,0.4,0.0,Fruits & Produce,0.0,0.0,0.0,0.0,0.0,0.0,0.0,0.0,0.0,0.0,0.0,0.0,0.0,0.0,0.0,0.0,0.0,0.0,0.0,0.0,0.0,0.0,0.0,0.0,0.0,0.0,0.6,True,True,True,False,False,True,False,0.0,0.0,0.0,0.10588235294117647
prunes stewed,316,0.7,0.085,0.5,0.1,83.2,0.0,Fruits & Produce,3.4,0.0,0.039,0.0,190.4,0.0,0.1,0.0,0.0,0.011,2.8,0.3,0.5,0.0,0.0,0.0,0.0,67.2,0.6,3.3,58.8,0.3,103.6,988.4,0.0,0.7,157.8,True,True,True,False,False,False,False,0.043037974683544304,0.0,0.0,0.019936708860759492
tangerine,40,0.2,0.07,0.097,0.05,10.1,8.0,Fruits & Produce,0.6,1.4,0.056,0.0,64.7,0.0,0.068,0.05,0.0,0.024,0.3,0.2,0.096,20.3,0.0,0.2,0.0,28.1,0.001,0.1,9.1,0.057,15.2,126.2,0.008,0.078,60.8,True,True,True,False,False,False,True,0.06,3.5,0.8,0.045
prunes,237,0.5,0.057,0.3,0.1,62.3,0.0,Fruits & Produce,2.6,0.0,0.076,0.0,2.8,0.0,0.093,0.042,0.0,0.1,2.1,0.3,0.5,0.0,0.0,0.0,0.0,50.4,0.4,2.5,44.8,0.2,78.4,740.6,0.0,0.5,118.3,True,True,True,False,False,False,False,0.04388185654008439,0.0,0.0,0.0189873417721519
lemon peel,1,0.002,0.057,0.024,0.095,0.3,0.054,Fruits & Produce,0.032,0.2,0.028,0.0,1.6,0.0,0.007,0.025,0.0,0.018,0.046,0.055,0.011,2.6,0.0,0.061,0.0,2.7,0.015,0.032,0.3,0.0,0.2,3.2,0.048,0.036,5.934,True,True,True,False,False,True,True,0.128,20.0,0.216,0.018000000000000002
banana,134,0.5,0.2,0.096,0.1,34.3,18.3,Fruits & Produce,1.6,3.9,0.055,0.0,112.4,0.0,0.0,0.085,0.045,0.0,0.1,1.0,0.5,0.6,13.1,0.0,0.2,0.035,7.5,0.1,0.4,40.5,0.4,33.0,537.0,0.049,41.084,True,True,True,False,False,False,True,0.04776119402985075,2.91044776119403,0.5462686567164179,0.033582089552238806
raspberries,5,0.034,0.005,0.063,0.098,1.2,0.4,Fruits & Produce,0.1,0.7,0.054,0.0,8.6,0.0,0.0,0.067,0.064,0.0,0.074,0.097,0.087,0.068,2.6,0.0,0.025,0.031,2.5,0.034,0.015,2.2,0.017,2.9,15.1,0.028,2.207,True,True,True,False,False,True,True,0.08,14.0,0.32,0.06120000000000001
apricot,17,0.1,0.03,0.099,0.028,3.9,3.2,Fruits & Produce,0.5,0.7,0.02,0.0,30.2,0.0,0.0,0.017,0.038,0.0,0.012,0.2,0.09,0.026,3.5,0.0,0.3,0.039,4.6,0.012,0.1,3.5,0.056,8.1,90.7,0.031,5.334,True,True,True,False,False,True,True,0.11764705882352941,4.117647058823529,0.7529411764705882,0.052941176470588235
strawberry guava,4,0.008,0.039,0.004,0.041,1.0,0.0,Fruits & Produce,0.01,0.3,0.059,0.0,4.8,0.0,0.0,0.0,0.0,0.062,0.064,0.0,0.0,2.2,0.0,0.0,0.0,1.3,0.0,0.071,1.0,0.0,1.6,17.5,0.0,0.0,4.931,True,True,True,False,False,True,True,0.01,7.5,0.0,0.018000000000000002
kiwifruit green,42,0.4,0.095,0.084,0.2,10.1,6.2,Fruits & Produce,0.8,2.1,0.096,0.0,57.3,0.0,0.0,0.067,0.089,0.0,0.066,0.2,0.1,0.086,64.0,0.0,1.0,0.091,23.5,0.002,0.2,11.7,0.064,23.5,215.3,0.034,13.588,True,True,True,False,False,False,True,0.0761904761904762,5.0,0.5904761904761905,0.08571428571428572
figs,37,0.2,0.068,0.008,0.078,9.6,8.1,Fruits & Produce,0.4,1.5,0.049,0.0,39.6,0.0,0.043,0.046,0.0,0.03,0.2,0.2,0.083,1.0,0.0,0.001,0.027,17.5,0.079,0.2,8.5,0.024,7.0,116.0,0.083,0.06,30.4,True,True,True,False,False,False,True,0.043243243243243246,4.054054054054054,0.8756756756756756,0.04864864864864865
clementine,35,0.1,0.0,0.0,0.0,8.9,6.8,Fruits & Produce,0.6,1.3,0.044,0.0,64.1,0.0,0.0,0.052,0.063,0.0,0.06,0.5,0.1,0.018,36.1,0.0,0.1,0.0,22.2,0.093,0.1,7.4,0.035,15.5,131.0,0.0,10.954,True,True,True,False,False,False,True,0.06857142857142857,3.7142857142857144,0.7771428571428571,0.025714285714285714
orange,86,0.2,0.008,0.099,0.005,21.6,17.2,Fruits & Produce,1.7,4.4,0.0,0.0,159.6,0.0,0.0,0.2,0.08,0.0,0.089,0.5,0.5,0.1,97.9,0.0,0.3,0.0,73.6,0.094,0.2,18.4,0.057,25.8,333.0,0.035,28.073,True,True,True,False,False,False,True,0.07906976744186046,5.116279069767443,0.7999999999999999,0.020930232558139535
bartlett pear,112,0.3,0.0,0.0,0.0,26.6,17.2,Fruits & Produce,0.7,5.5,0.047,0.0,148.9,0.0,0.051,0.023,0.0,0.018,0.3,0.04,0.01,7.8,0.0,0.2,0.028,15.9,0.1,0.3,10.6,0.091,19.5,178.8,0.044,0.1,57.1,True,True,True,False,False,False,True,0.024999999999999998,4.910714285714286,0.6142857142857142,0.024107142857142855
red white currants,63,0.2,0.043,0.091,0.089,15.5,8.3,Fruits & Produce,1.6,4.8,0.056,0.0,94.0,0.0,0.03,0.016,0.0,0.059,0.1,0.06,0.062,45.9,0.0,0.1,0.093,37.0,0.1,1.1,14.6,0.2,49.3,308.0,0.079,0.3,106.1,True,True,True,False,False,False,True,0.10158730158730159,7.619047619047619,0.526984126984127,0.02857142857142857
blueberries,84,0.5,0.047,0.043,0.2,21.4,14.7,Fruits & Produce,1.1,3.6,0.015,0.0,124.6,0.0,0.0,0.086,0.074,0.0,0.016,0.6,0.2,0.058,14.4,0.0,0.8,0.041,8.9,0.063,0.4,8.9,0.5,17.8,114.0,0.027,26.767,True,True,True,False,False,False,True,0.05238095238095238,4.285714285714286,0.7,0.05357142857142857
mulberries,6,0.049,0.004,0.016,0.065,1.5,1.2,Fruits & Produce,0.2,0.3,0.021,0.0,13.2,0.0,0.0,0.005,0.092,0.0,0.075,0.013,0.0,0.025,5.5,0.0,0.1,0.074,5.9,0.041,0.3,2.7,0.0,5.7,29.1,0.083,2.163,True,True,True,False,False,True,True,0.13333333333333333,5.0,0.7999999999999999,0.0735
java plum,2,0.029,0.0,0.0,0.0,0.5,0.0,Fruits & Produce,0.034,0.0,0.063,0.0,2.5,0.0,0.051,0.0,0.0,0.058,0.042,0.0,0.075,0.4,0.0,0.0,0.0,0.6,0.0,0.054,0.5,0.0,0.5,2.4,0.0,0.0,1.624,True,True,True,False,False,True,False,0.068,0.0,0.0,0.1305
prune puree,46,0.02,0.038,0.0,0.0,11.7,7.0,Fruits & Produce,0.4,0.6,0.036,0.0,5.4,0.0,0.0,0.053,0.0,0.0,0.0,0.5,0.057,0.0,0.8,0.0,0.0,0.0,5.6,0.0,0.5,0.0,0.0,13.0,153.4,0.0,12.709,True,True,True,False,False,False,True,0.034782608695652174,1.3043478260869565,0.6086956521739131,0.003913043478260869
applesauce,102,0.2,0.028,0.036,0.09,27.5,22.9,Fruits & Produce,0.4,2.7,0.031,0.0,215.3,0.0,0.0,0.07,0.029,0.0,0.085,0.2,0.1,0.08,2.4,0.0,0.4,0.043,9.8,0.014,0.6,7.3,0.074,12.2,180.6,0.007,30.923,True,True,True,False,False,False,True,0.01568627450980392,2.6470588235294117,0.8980392156862744,0.01764705882352941
blackberries raw,62,0.7,0.076,0.03,0.4,13.8,7.0,Fruits & Produce,2.0,7.6,0.05,0.0,126.9,0.0,0.03,0.045,0.0,0.054,0.9,0.4,0.037,30.2,0.0,1.7,0.082,41.8,0.2,0.9,28.8,0.9,31.7,233.3,0.008,0.8,97.0,True,True,True,False,False,False,True,0.12903225806451613,12.258064516129032,0.45161290322580644,0.10161290322580645
plum,30,0.2,0.062,0.003,0.022,7.5,6.5,Fruits & Produce,0.5,0.9,0.0,0.0,57.6,0.0,0.0,0.077,0.036,0.0,0.021,0.3,0.033,0.038,6.3,0.0,0.2,0.047,4.0,0.056,0.1,4.6,0.016,10.6,103.6,0.0,9.21,True,True,True,False,False,False,True,0.06666666666666667,3.0,0.8666666666666667,0.060000000000000005
american grapes,2,0.087,0.029,0.082,0.074,0.4,0.4,Fruits & Produce,0.035,0.09,0.056,0.0,2.0,0.0,0.06,0.049,0.0,0.025,0.045,0.05,0.061,0.032,0.0,0.027,0.052,0.3,0.094,0.099,0.1,0.1,0.2,4.6,0.03,0.091,0.93,True,True,True,False,False,True,True,0.07,4.5,0.8,0.39149999999999996
peach,59,0.4,0.034,0.1,0.1,14.3,12.6,Fruits & Produce,1.4,2.3,0.0,0.0,133.3,0.0,0.0,0.035,0.004,0.0,0.06,1.2,0.2,0.075,9.9,0.0,1.1,0.042,9.0,0.1,0.4,13.5,0.03,30.0,285.0,0.069,18.643,True,True,True,False,False,False,True,0.09491525423728812,3.898305084745762,0.8542372881355932,0.061016949152542375
honeydew melon,64,0.2,0.055,0.049,0.1,16.1,14.4,Fruits & Produce,1.0,1.4,0.062,0.0,159.0,0.0,0.092,0.052,0.0,0.066,0.7,0.3,0.2,31.9,0.0,0.043,0.083,10.6,0.007,0.3,17.7,0.003,19.5,403.6,0.099,0.2,61.5,True,True,True,False,False,False,True,0.0625,2.1875,0.9,0.028125
yellow plantain fried,399,12.7,3.1,3.9,3.8,68.9,36.8,Fruits & Produce,2.4,5.4,0.079,0.0,82.9,0.0,0.1,0.0,0.0,0.061,1.4,1.0,0.5,0.0,0.0,1.9,0.05,10.1,0.2,1.0,76.1,0.5,72.7,856.8,0.077,0.4,100.5,True,True,True,False,False,False,True,0.024060150375939848,1.3533834586466165,0.368922305764411,0.2864661654135338
rose hips,206,0.4,0.0,0.0,0.0,48.5,3.3,Fruits & Produce,2.0,30.6,0.035,0.0,74.5,0.0,0.048,0.085,0.0,0.2,1.7,1.0,0.078,541.0,0.0,7.4,0.05,214.6,0.1,1.3,87.6,1.3,77.5,544.8,0.0,0.3,838.4,True,True,True,False,False,False,True,0.038834951456310676,14.854368932038835,0.06407766990291262,0.017475728155339806
lemons,17,0.2,0.063,0.046,0.031,5.4,1.5,Fruits & Produce,0.6,1.6,0.045,0.0,51.6,0.0,0.085,0.023,0.0,0.066,0.056,0.1,0.085,30.7,0.0,0.075,0.0,15.1,0.09,0.3,4.6,0.036,9.3,80.0,0.044,0.065,53.9,True,True,True,False,False,True,True,0.1411764705882353,9.411764705882353,0.35294117647058826,0.10588235294117647
lime,20,0.1,0.087,0.002,0.095,7.1,1.1,Fruits & Produce,0.5,1.9,0.082,0.0,59.1,0.0,0.067,0.07,0.0,0.034,0.1,0.1,0.055,19.5,0.0,0.1,0.085,22.1,0.052,0.4,4.0,0.013,12.1,68.3,0.076,0.011,51.6,True,True,True,False,False,False,True,0.1,9.5,0.22000000000000003,0.045
pomegranate,117,1.6,0.2,0.1,0.1,26.4,19.3,Fruits & Produce,2.4,5.6,0.042,0.0,109.9,0.0,0.0,0.008,0.059,0.0,0.004,0.4,0.5,0.1,14.4,0.0,0.8,0.066,14.1,0.2,0.4,16.9,0.2,50.8,332.8,0.09,36.33,True,True,True,False,False,False,True,0.08205128205128205,4.786324786324786,0.6598290598290598,0.12307692307692308
gooseberries,66,0.9,0.001,0.06,0.5,15.3,0.0,Fruits & Produce,1.3,6.5,0.074,0.0,131.8,0.0,0.0,0.068,0.084,0.0,0.007,0.5,0.4,0.1,41.6,0.0,0.6,0.0,37.5,0.1,0.5,15.0,0.2,40.5,297.0,0.097,24.2,True,True,True,False,False,False,True,0.0787878787878788,9.848484848484848,0.0,0.12272727272727273
asian pear,51,0.3,0.009,0.091,0.091,13.0,8.6,Fruits & Produce,0.6,4.4,0.0,0.0,107.7,0.0,0.1,0.071,0.0,0.073,0.3,0.05,0.079,4.6,0.0,0.1,0.059,4.9,0.067,0.0,9.8,0.01,13.4,147.6,0.015,0.041,27.8,True,True,True,False,False,False,True,0.047058823529411764,8.627450980392158,0.6745098039215686,0.05294117647058823
abiyuch,157,0.2,0.065,0.0,0.0,40.1,19.5,Fruits & Produce,3.4,12.1,0.093,0.0,182.2,0.0,0.0,0.0,0.0,0.0,0.0,0.0,0.0,123.3,0.0,0.0,0.0,18.2,0.1,3.7,54.7,0.4,107.2,693.1,0.0,0.7,201.0,True,True,True,False,False,False,True,0.08662420382165605,7.707006369426751,0.4968152866242038,0.011464968152866243
horned melon kiwano,92,2.6,0.0,0.0,0.0,15.8,0.0,Fruits & Produce,3.7,0.0,0.095,0.0,185.9,0.0,0.042,0.04,0.0,0.016,1.2,0.4,0.1,11.1,0.0,0.0,0.0,27.2,0.043,2.4,83.6,0.043,77.3,257.1,0.0,1.0,62.8,True,True,True,False,False,False,False,0.16086956521739132,0.0,0.0,0.25434782608695655
fruit walnut salad mcdonalds,312,13.3,1.8,2.1,8.5,43.8,32.9,Fruits & Produce,4.8,0.0,0.017,5.3,200.5,0.0,0.1,0.061,0.041,0.1,0.3,0.4,0.3,383.6,0.0,0.0,0.0,171.6,0.3,0.9,34.3,0.0,129.4,0.0,0.0,0.7,618.0,False,True,True,False,False,False,False,0.061538461538461535,0.0,0.4217948717948718,0.3836538461538462
grapefruit,53,0.2,0.092,0.048,0.006,13.3,8.6,Fruits & Produce,1.0,2.0,0.0,0.0,110.1,0.0,0.0,0.051,0.01,0.0,0.032,0.3,0.3,0.027,39.0,0.0,0.2,0.0,27.5,0.087,0.1,11.3,0.067,22.5,168.8,0.032,16.592,True,True,True,False,False,False,True,0.07547169811320754,3.7735849056603774,0.6490566037735849,0.033962264150943396
japanese persimmon,118,0.3,0.089,0.077,0.086,31.2,21.1,Fruits & Produce,1.0,6.0,0.067,0.0,134.9,0.0,0.0,0.063,0.018,0.0,0.027,0.2,0.0,0.2,12.6,0.0,1.2,0.066,13.4,0.2,0.3,15.1,0.6,28.6,270.5,0.024,38.927,True,True,True,False,False,False,True,0.03389830508474576,5.084745762711864,0.7152542372881356,0.022881355932203386
wild raspberries,81,0.4,0.0,0.0,0.0,18.0,7.2,Fruits & Produce,1.5,9.8,0.09,0.0,109.8,0.0,0.091,0.023,0.0,0.1,1.3,0.4,0.1,34.3,0.0,0.7,0.071,46.8,0.1,0.8,33.8,0.5,53.3,227.5,0.0,0.6,111.6,True,True,True,False,False,False,True,0.07407407407407407,12.098765432098768,0.35555555555555557,0.044444444444444446
pink lady apple,18,0.1,0.0,0.0,0.0,3.9,0.0,Fruits & Produce,0.1,0.0,0.0,0.0,0.0,0.0,0.0,0.0,0.0,0.0,0.0,0.0,0.0,0.0,0.0,0.0,0.0,0.0,0.0,0.0,0.0,0.0,0.0,0.0,0.0,0.0,4.1,True,True,True,False,False,True,False,0.022222222222222223,0.0,0.0,0.05
maraschino cherries,8,0.083,0.06,0.015,0.033,2.1,1.9,Fruits & Produce,0.06,0.2,0.072,0.0,2.9,0.0,0.0,0.0,0.0,0.0,0.06,0.088,0.017,0.0,0.0,0.069,0.068,2.7,0.089,0.091,0.2,0.063,0.2,1.1,0.018,0.031,5.19,True,True,True,False,False,True,True,0.03,2.5,0.95,0.093375
black currants,71,0.5,0.019,0.081,0.2,17.2,0.0,Fruits & Produce,1.6,0.0,0.075,0.0,91.8,0.0,0.01,0.0,0.0,0.096,0.3,0.4,0.016,202.7,0.0,1.1,0.0,61.6,0.015,1.7,26.9,0.3,66.1,360.6,0.0,0.3,285.3,True,True,True,False,False,False,False,0.09014084507042254,0.0,0.0,0.06338028169014084
plantain cooked,179,0.3,0.1,0.02,0.052,48.0,21.6,Fruits & Produce,1.2,3.5,0.079,0.0,103.6,0.0,0.064,0.005,0.0,0.036,1.2,0.4,0.4,16.8,0.0,0.2,0.024,3.1,0.1,0.9,49.3,0.0,43.1,716.1,0.087,0.2,73.8,True,True,True,False,False,False,True,0.026815642458100558,1.9553072625698324,0.4826815642458101,0.015083798882681562
crab apple,84,0.3,0.064,0.022,0.018,21.9,0.0,Fruits & Produce,0.4,0.0,0.03,0.0,86.8,0.0,0.055,0.0,0.0,0.077,0.1,0.0,0.0,8.8,0.0,0.0,0.0,19.8,0.069,0.4,7.7,0.1,16.5,213.4,0.0,0.0,51.6,True,True,True,False,False,False,False,0.01904761904761905,0.0,0.0,0.03214285714285714
pom potes materne,19,0.2,0.2,4.8,3.8,0.2,0.068,Fruits & Produce,0.0,0.0,0.0,0.0,0.0,0.0,0.0,0.0,0.0,0.0,0.0,0.0,0.0,0.0,0.0,0.0,0.0,0.0,0.0,0.0,0.0,0.0,0.0,0.0,0.0,0.0,0.4,True,True,True,False,False,True,False,0.0,0.0,0.014315789473684212,0.09473684210526316
apple,95,0.3,0.043,0.002,0.094,25.1,18.9,Fruits & Produce,0.5,4.4,0.062,0.0,155.7,0.0,0.0,0.094,0.03,0.0,0.084,0.2,0.1,0.03,8.4,0.0,0.3,0.044,10.9,0.086,0.2,9.1,0.01,20.0,194.7,0.0,30.438,True,True,True,False,False,False,True,0.021052631578947368,4.631578947368421,0.7957894736842105,0.028421052631578944
cantaloupe melon,60,0.3,0.071,0.079,0.1,14.4,13.9,Fruits & Produce,1.5,1.6,0.087,0.0,159.6,0.0,0.0,0.051,0.013,0.0,0.098,1.3,0.2,0.1,65.0,0.0,0.015,0.028,15.9,0.018,0.4,21.2,0.064,26.6,472.6,0.082,17.939,True,True,True,False,False,False,True,0.1,2.6666666666666665,0.9266666666666666,0.045
prickly pear cooked,7,0.043,0.0,0.0,0.0,1.6,0.0,Fruits & Produce,0.091,0.0,0.0,0.0,5.7,0.0,0.035,0.0,0.0,0.027,0.095,0.0,0.093,0.5,0.0,0.0,0.0,0.0,0.0,0.0,0.0,0.0,0.0,0.0,0.0,0.0,2.226,True,True,True,False,False,True,False,0.052,0.0,0.0,0.05528571428571428
guava,37,0.5,0.1,0.054,0.2,7.9,4.9,Fruits & Produce,1.4,3.0,0.056,0.0,44.4,0.0,0.0,0.052,0.007,0.0,0.049,0.6,0.2,0.069,125.6,0.0,0.4,0.019,9.9,0.1,0.1,12.1,0.02,22.0,229.4,0.078,12.956,True,True,True,False,False,False,True,0.15135135135135133,8.108108108108109,0.5297297297297298,0.12162162162162163
strawberries,4,0.069,0.057,0.06,0.036,0.9,0.6,Fruits & Produce,0.01,0.2,0.068,0.0,10.9,0.0,0.063,0.012,0.0,0.026,0.052,0.097,0.092,7.1,0.0,0.079,0.062,1.9,0.089,0.04,1.6,0.083,2.9,18.4,0.027,0.091,10.261,True,True,True,False,False,True,True,0.01,5.0,0.6,0.15525
japanese persimmon dried,93,0.2,0.0,0.0,0.0,25.0,0.0,Fruits & Produce,0.5,4.9,0.002,0.0,7.8,0.0,0.0,0.0,0.0,0.053,0.019,0.0,0.0,0.0,0.0,0.0,0.0,8.5,0.2,0.3,10.5,0.5,27.5,272.7,0.0,0.1,39.4,True,True,True,False,False,False,True,0.021505376344086023,5.268817204301076,0.0,0.01935483870967742
watermelon,86,0.4,0.026,0.1,0.1,21.6,17.7,Fruits & Produce,1.7,1.1,0.043,0.0,261.5,0.0,0.0,0.089,0.07,0.0,0.037,0.5,0.6,0.1,23.2,0.0,0.1,0.016,20.0,0.1,0.7,28.6,0.1,31.5,320.3,0.089,25.025,True,True,True,False,False,False,True,0.07906976744186046,1.2790697674418607,0.8232558139534883,0.04186046511627907
elderberries,106,0.7,0.005,0.1,0.4,26.7,0.0,Fruits & Produce,1.0,10.2,0.042,0.0,115.7,0.0,0.1,0.041,0.0,0.061,0.7,0.2,0.3,52.2,0.0,0.0,0.0,55.1,0.047,2.3,7.3,0.0,56.6,406.0,0.097,0.2,148.2,True,True,True,False,False,False,True,0.03773584905660377,9.622641509433961,0.0,0.059433962264150944
kumquat,13,0.2,0.063,0.037,0.042,3.0,1.8,Fruits & Produce,0.4,1.2,0.018,0.0,15.4,0.0,0.0,0.042,0.087,0.0,0.078,0.046,0.077,0.013,8.3,0.0,0.02,0.0,11.8,0.092,0.2,3.8,0.052,3.6,35.3,0.0,4.882,True,True,True,False,False,True,True,0.12307692307692308,9.23076923076923,0.5538461538461539,0.13846153846153847
orange peel,6,0.017,0.046,0.073,0.07,1.5,0.0,Fruits & Produce,0.093,0.6,0.023,0.0,4.4,0.0,0.063,0.003,0.0,0.019,0.018,0.03,0.075,8.2,0.0,0.039,0.0,9.7,0.095,0.097,1.3,0.0,1.3,12.7,0.048,0.012,20.111,True,True,True,False,False,True,True,0.062,10.0,0.0,0.025500000000000005
pokeberry shoots cooked,33,0.7,0.0,0.0,0.0,5.1,2.6,Fruits & Produce,3.8,2.5,0.4,0.0,153.3,0.0,0.1,0.005,0.0,0.4,1.8,0.074,0.2,135.3,0.0,1.4,0.2,87.5,0.2,2.0,23.1,0.6,54.5,303.6,0.02,0.3,236.9,True,True,True,False,True,True,True,0.4606060606060606,7.575757575757576,0.3151515151515152,0.19090909090909092
breadfruit,227,0.5,0.1,0.05,0.1,59.7,24.2,Fruits & Produce,2.4,10.8,0.057,0.0,155.4,0.0,0.0,0.2,0.07,0.0,0.031,2.0,1.0,0.2,63.8,0.0,0.2,0.045,37.4,0.2,1.2,55.0,0.1,66.0,1078.0,0.008,73.872,True,True,True,False,False,False,True,0.04229074889867841,4.757709251101321,0.426431718061674,0.019823788546255508
pear,101,0.2,0.019,0.1,0.2,27.1,17.4,Fruits & Produce,0.6,5.5,0.07,0.0,149.4,0.0,0.063,0.005,0.0,0.072,0.3,0.035,0.079,7.7,0.0,0.2,0.022,16.0,0.1,0.3,12.5,0.082,21.4,206.5,0.051,0.2,57.4,True,True,True,False,False,False,True,0.023762376237623763,5.445544554455446,0.689108910891089,0.017821782178217824
sour cherries,52,0.3,0.069,0.023,0.09,12.5,8.7,Fruits & Produce,1.0,1.6,0.071,0.0,88.7,0.0,0.0,0.025,0.026,0.0,0.079,0.4,0.1,0.053,10.3,0.0,0.012,0.02,16.5,0.1,0.3,9.3,0.1,15.5,178.2,0.0,15.607,True,True,True,False,False,False,True,0.07692307692307693,3.076923076923077,0.6692307692307692,0.05192307692307692
plantain raw,218,0.6,0.3,0.002,0.1,57.1,31.3,Fruits & Produce,2.3,3.0,0.082,0.0,116.7,0.1,0.1,0.002,0.0,0.1,1.2,0.5,0.4,32.9,0.0,0.3,0.01,5.4,0.1,1.0,64.4,0.0,57.3,871.7,0.068,0.3,102.4,True,True,True,False,False,False,True,0.042201834862385317,1.3761467889908257,0.5743119266055046,0.02477064220183486
blackberries frozen,97,0.6,0.017,0.006,0.4,23.7,16.1,Fruits & Produce,1.8,7.6,0.007,0.0,124.1,0.0,0.07,0.001,0.0,0.068,1.8,0.2,0.0,4.7,0.0,1.8,0.1,43.8,0.2,1.2,33.2,1.8,45.3,211.4,0.027,0.4,83.4,True,True,True,False,False,False,True,0.07422680412371134,7.835051546391752,0.663917525773196,0.0556701030927835
cherries,5,0.056,0.053,0.093,0.047,1.3,1.0,Fruits & Produce,0.068,0.2,0.0,0.0,6.6,0.0,0.0,0.071,0.063,0.0,0.011,0.052,0.083,0.079,0.6,0.0,0.005,0.053,1.0,0.026,0.015,0.9,0.004,1.7,17.8,0.0,1.715,True,True,True,False,False,True,True,0.054400000000000004,4.0,0.8,0.1008
plantain fried,16,0.6,0.2,0.2,0.1,2.6,0.2,Fruits & Produce,0.023,0.2,0.065,0.0,1.9,0.0,0.084,0.059,0.0,0.099,0.025,0.081,0.023,0.2,0.0,0.0,0.0,0.2,0.028,0.039,3.1,0.096,2.3,25.5,0.0,0.044,3.85,True,True,True,False,False,True,True,0.00575,1.25,0.05,0.33749999999999997
carambola starfruit,26,0.3,0.077,0.01,0.2,5.7,3.4,Fruits & Produce,0.9,2.4,0.047,0.0,77.7,0.0,0.0,0.044,0.021,0.0,0.049,0.3,0.3,0.039,29.2,0.0,0.1,0.0,2.6,0.1,0.056,8.5,0.034,10.2,113.1,0.045,9.403,True,True,True,False,False,True,True,0.13846153846153847,9.23076923076923,0.5230769230769231,0.10384615384615384
chayote cooked,35,0.8,0.1,0.0,0.0,7.2,0.0,Fruits & Produce,1.0,4.5,0.4,0.0,149.5,0.0,0.04,0.026,0.0,0.03,0.7,0.7,0.2,12.8,0.0,0.0,0.0,20.8,0.2,0.4,19.2,0.3,46.4,276.8,0.063,0.5,47.5,True,True,True,False,False,False,True,0.11428571428571428,12.857142857142858,0.0,0.2057142857142857
apple dippers mcdonalds,33,0.0,0.0,0.0,0.0,8.2,6.3,Fruits & Produce,0.0,0.0,0.0,0.0,59.5,0.088,0.0,0.0,0.0,0.0,0.0,0.0,0.0,188.4,0.0,0.001,0.0,42.2,0.0,0.021,0.0,0.0,0.0,0.0,0.0,0.0,238.864,True,True,True,False,False,False,False,0.0,0.0,0.7636363636363637,0.0
white grapefruit,78,0.2,0.072,0.036,0.032,19.8,17.3,Fruits & Produce,1.6,2.6,0.0,0.0,213.5,0.0,0.031,0.098,0.0,0.045,0.6,0.7,0.1,78.6,0.0,0.3,0.0,28.3,0.1,0.1,21.2,0.047,18.9,349.3,0.013,0.2,131.2,True,True,True,False,False,False,True,0.08205128205128205,3.3333333333333335,0.8871794871794872,0.023076923076923078
cherimoya,176,1.6,0.5,0.1,0.4,41.6,30.2,Fruits & Produce,3.7,7.1,0.061,0.0,186.6,0.0,0.0,0.2,0.034,0.0,0.3,1.5,0.8,0.6,29.6,0.0,0.6,0.0,23.5,0.2,0.6,40.0,0.2,61.1,674.5,0.0,54.8,True,True,True,False,False,False,True,0.08409090909090909,4.034090909090909,0.6863636363636364,0.08181818181818182
melon balls,57,0.4,0.1,0.032,0.2,13.7,0.0,Fruits & Produce,1.5,1.2,0.022,0.0,156.1,0.0,0.3,0.081,0.0,0.084,1.1,0.3,0.2,10.7,0.0,0.0,0.0,17.3,0.1,0.5,24.2,0.08,20.8,484.4,0.0,0.3,45.3,True,True,True,False,False,False,True,0.10526315789473684,2.1052631578947367,0.0,0.06315789473684211
golden delicious apple,62,0.2,0.0,0.0,0.0,14.8,10.9,Fruits & Produce,0.3,2.6,0.034,0.0,93.5,0.0,0.0,0.094,0.061,0.0,0.017,0.1,0.063,0.038,0.0,0.0,0.2,0.043,6.5,0.035,0.1,5.5,0.05,10.9,109.0,0.0,18.014,True,True,True,False,False,False,True,0.01935483870967742,4.193548387096774,0.7032258064516129,0.02903225806451613
pokeberry shoots raw,37,0.6,0.0,0.0,0.0,5.9,0.0,Fruits & Produce,4.2,2.7,0.05,0.0,146.6,0.0,0.0,0.1,0.001,0.0,0.5,1.9,0.04,0.2,217.6,0.0,0.0,0.0,84.8,0.3,2.7,28.8,0.7,70.4,387.2,0.006,13.9,True,True,True,False,True,True,True,0.4540540540540541,7.297297297297297,0.0,0.14594594594594593
cranberries,21,0.014,0.089,0.011,0.096,5.4,1.9,Fruits & Produce,0.2,1.6,0.03,0.0,39.2,0.0,0.0,0.081,0.035,0.0,0.023,0.093,0.1,0.098,6.3,0.0,0.5,0.063,3.6,0.033,0.1,2.7,0.2,5.0,36.0,0.049,7.473,True,True,True,False,False,True,True,0.0380952380952381,7.619047619047619,0.3619047619047619,0.006
quince,52,0.012,0.049,0.033,0.089,14.1,0.0,Fruits & Produce,0.4,1.7,0.081,0.0,77.1,0.0,0.0,0.047,0.07,0.0,0.002,0.2,0.037,0.08,13.8,0.0,0.0,0.0,10.1,0.1,0.6,7.4,0.0,15.6,181.2,0.072,16.436,True,True,True,False,False,False,True,0.03076923076923077,3.269230769230769,0.0,0.002076923076923077
chayote raw,25,0.2,0.027,0.053,0.021,6.0,2.2,Fruits & Produce,1.1,2.2,0.094,0.0,124.4,0.0,0.0,0.065,0.1,0.0,0.041,0.6,0.3,0.1,10.2,0.0,0.2,0.046,22.4,0.2,0.4,15.8,0.2,23.8,165.0,0.047,9.855,True,True,True,False,False,True,True,0.17600000000000002,8.8,0.35200000000000004,0.07200000000000001
orange with peel,100,0.5,0.036,0.003,0.048,24.6,0.0,Fruits & Produce,2.1,7.2,0.028,0.0,130.9,0.0,0.2,0.019,0.0,0.042,0.8,0.5,0.1,112.9,0.0,0.0,0.0,111.3,0.016,1.3,22.3,0.0,35.0,311.6,0.039,0.2,259.9,True,True,True,False,False,False,True,0.084,7.2,0.0,0.045
chokecherries,249,2.6,0.0,0.0,0.0,51.8,14.4,Fruits & Produce,4.7,30.8,0.078,0.0,93.5,0.0,0.005,0.027,0.0,0.3,1.0,0.6,0.3,8.5,0.0,0.5,0.089,92.4,0.3,1.1,41.6,0.6,103.2,583.7,0.0,0.5,191.9,True,True,True,False,False,False,True,0.07550200803212852,12.369477911646586,0.23132530120481928,0.09397590361445785
mango,202,1.3,0.3,0.5,0.2,50.3,45.9,Fruits & Produce,2.8,5.4,0.027,0.0,280.4,0.0,0.0,0.034,0.1,0.0,0.1,2.2,0.7,0.4,122.3,0.0,3.0,0.019,37.0,0.4,0.5,33.6,0.2,47.0,564.5,0.08,60.641,True,True,True,False,False,False,True,0.05544554455445544,2.6732673267326734,0.9089108910891088,0.057920792079207924
wild plum,147,0.3,0.0,0.0,0.0,35.3,17.1,Fruits & Produce,0.7,9.7,0.047,0.0,123.5,0.0,0.047,0.098,0.0,0.014,0.6,0.5,0.1,16.6,0.0,0.9,0.077,17.7,0.027,0.3,12.9,0.1,48.3,586.0,0.0,0.1,80.6,True,True,True,False,False,False,True,0.019047619047619046,6.598639455782312,0.4653061224489796,0.01836734693877551
jeijoa,148,1.0,0.3,0.1,0.3,37.0,19.9,Fruits & Produce,1.7,15.6,0.041,0.0,202.4,0.0,0.001,0.071,0.0,0.015,0.7,0.6,0.2,79.9,0.0,0.4,0.041,41.3,0.006,0.3,21.9,0.2,46.2,418.0,0.0,0.1,176.8,True,True,True,False,False,False,True,0.04594594594594594,10.54054054054054,0.5378378378378378,0.060810810810810814
groundcherries,74,1.0,0.0,0.0,0.0,15.7,0.0,Fruits & Produce,2.7,0.0,0.0,0.0,119.6,0.0,0.2,0.0,0.0,0.043,3.9,0.0,0.0,15.4,0.0,0.0,0.0,12.6,0.0,1.4,0.0,0.0,56.0,0.0,0.0,0.0,48.8,True,True,True,False,False,False,False,0.14594594594594595,0.0,0.0,0.12162162162162163
pesca,30,0.1,6.1,0.8,0.0,0.0,0.0,Fruits & Produce,0.0,0.0,0.0,0.0,0.0,0.0,0.0,0.0,0.0,0.0,0.0,0.0,0.0,0.0,0.0,0.0,0.0,0.0,0.0,0.0,0.0,0.0,0.0,0.0,0.0,0.0,0.1,True,True,True,False,False,True,False,0.0,0.0,0.0,0.030000000000000002
persimmon,32,0.1,0.0,0.0,0.0,8.4,0.0,Fruits & Produce,0.2,0.0,0.024,0.0,16.1,0.0,0.0,0.0,0.0,0.0,0.0,0.0,0.0,16.5,0.0,0.0,0.0,6.8,0.0,0.6,0.0,0.0,6.5,77.5,0.0,0.0,32.6,True,True,True,False,False,False,False,0.025,0.0,0.0,0.028125
grapes,3,0.044,0.041,0.012,0.008,0.9,0.8,Fruits & Produce,0.045,0.087,0.009,0.0,3.9,0.0,0.071,0.091,0.0,0.009,0.045,0.006,0.033,0.2,0.0,0.089,0.042,0.5,0.055,0.012,0.3,0.037,1.0,9.4,0.059,0.011,1.83,True,True,True,False,False,True,True,0.06,2.9,1.0666666666666667,0.13199999999999998
rambutan canned,175,0.4,0.0,0.0,0.0,44.7,0.0,Fruits & Produce,1.4,1.9,0.051,0.0,167.0,0.0,0.088,0.019,0.0,0.077,2.9,0.094,0.039,10.5,0.0,0.0,0.0,47.1,0.1,0.7,15.0,0.7,19.3,89.9,0.0,0.2,106.7,True,True,True,False,False,False,False,0.032,1.0857142857142856,0.0,0.02057142857142857
figs canned,14,0.039,0.066,0.066,0.045,3.8,3.2,Fruits & Produce,0.1,0.6,0.049,0.0,23.0,0.0,0.008,0.036,0.0,0.093,0.1,0.044,0.094,0.3,0.0,0.092,0.041,7.6,0.003,0.069,2.7,0.095,2.7,27.8,0.093,0.014,12.491,True,True,True,False,False,True,True,0.028571428571428574,4.285714285714286,0.9142857142857144,0.02507142857142857
prunes canned,246,0.5,0.072,0.3,0.1,65.1,0.0,Fruits & Produce,2.0,8.9,0.044,0.0,165.4,0.0,0.044,0.0,0.0,0.3,2.0,0.2,0.5,6.6,0.0,0.0,0.0,39.8,0.3,1.0,35.1,0.2,60.8,528.8,0.0,0.4,123.9,True,True,True,False,False,False,True,0.032520325203252036,3.6178861788617884,0.0,0.018292682926829267
pineapples canned,28,0.05,0.079,0.039,0.078,7.4,6.8,Fruits & Produce,0.2,0.4,0.06,0.0,39.2,0.0,0.066,0.041,0.0,0.03,0.1,0.087,0.068,4.5,0.0,0.048,0.016,6.6,0.026,0.1,6.6,0.5,2.8,57.3,0.047,0.092,19.255,True,True,True,False,False,False,True,0.028571428571428574,1.4285714285714286,0.9714285714285714,0.016071428571428573
prune plums canned,27,0.075,0.006,0.035,0.096,7.0,6.5,Fruits & Produce,0.2,0.4,0.055,0.0,38.6,0.0,0.082,0.034,0.0,0.068,0.2,0.01,0.056,1.3,0.0,0.065,0.093,4.6,0.06,0.2,3.7,0.025,6.9,70.8,0.0,0.06,13.728,True,True,True,False,False,False,True,0.02962962962962963,1.4814814814814814,0.9629629629629629,0.024999999999999998
tangerines canned,92,0.1,0.087,0.086,0.04,23.8,22.1,Fruits & Produce,1.5,1.7,0.022,0.0,222.9,0.0,0.2,0.053,0.0,0.038,1.1,0.3,0.1,85.2,0.0,0.2,0.0,27.4,0.085,0.7,27.4,0.044,24.9,331.2,0.058,1.3,140.389,True,True,True,False,False,False,True,0.06521739130434782,1.8478260869565217,0.9608695652173914,0.009782608695652175
fruit cocktail canned,109,0.053,0.03,0.04,0.042,28.1,25.7,Fruits & Produce,1.1,2.4,0.059,0.0,207.2,0.0,0.023,0.003,0.0,0.056,1.0,0.1,0.1,6.4,0.0,0.9,0.021,19.0,0.1,0.5,16.6,0.3,33.2,225.2,0.075,0.2,57.508,True,True,True,False,False,False,True,0.04036697247706422,2.2018348623853212,0.9431192660550458,0.004376146788990826
sour cherries canned,189,0.3,0.007,0.033,0.087,48.6,0.0,Fruits & Produce,1.9,2.0,0.073,0.0,200.6,0.0,0.024,0.088,0.0,0.009,0.4,0.3,0.1,5.0,0.0,0.0,0.0,25.2,0.2,3.3,15.1,0.2,25.2,239.4,0.0,0.2,86.3,True,True,True,False,False,False,False,0.04021164021164021,1.0582010582010581,0.0,0.014285714285714284
mangosteen canned,143,1.1,0.0,0.0,0.0,35.1,0.0,Fruits & Produce,0.8,3.5,0.024,0.0,158.6,0.0,0.1,0.074,0.0,0.1,0.6,0.057,0.089,5.7,0.0,0.0,0.0,23.5,0.1,0.6,25.5,0.2,15.7,94.1,0.0,0.4,70.3,True,True,True,False,False,False,True,0.022377622377622378,2.4475524475524475,0.0,0.06923076923076923
apricot juice,117,0.07,0.008,0.048,0.065,30.1,26.2,Fruits & Produce,1.5,3.9,0.024,0.0,211.4,0.0,0.0,0.048,0.043,0.0,0.025,0.8,0.2,0.1,12.0,0.0,1.5,0.053,29.3,0.1,0.7,24.4,0.1,48.8,402.6,0.028,35.804,True,True,True,False,False,False,True,0.05128205128205128,3.3333333333333335,0.8957264957264957,0.005384615384615385
strawberries canned,234,0.7,0.064,0.03,0.3,59.8,55.4,Fruits & Produce,1.4,4.3,0.024,0.0,191.4,0.0,0.024,0.008,0.0,0.051,0.1,0.5,0.1,80.5,0.0,0.5,0.091,33.0,0.2,1.2,20.3,0.5,30.5,218.4,0.007,0.2,180.9,True,True,True,False,False,False,True,0.02393162393162393,1.8376068376068375,0.947008547008547,0.02692307692307692
peach canned,110,0.094,0.03,0.026,0.067,28.9,25.7,Fruits & Produce,1.6,3.3,0.006,0.0,218.7,0.0,0.004,0.026,0.0,0.034,1.5,0.1,0.071,9.0,0.0,1.2,0.088,15.0,0.1,0.7,17.5,0.1,42.5,320.0,0.04,0.3,58.587,True,True,True,False,False,False,True,0.05818181818181818,3.0,0.9345454545454546,0.00769090909090909
fruit salad canned,125,0.008,0.08,0.005,0.006,32.5,0.0,Fruits & Produce,1.3,2.5,0.069,0.0,214.5,0.0,0.016,0.02,0.0,0.027,0.9,0.1,0.059,8.2,0.0,0.0,0.0,27.4,0.1,0.6,19.9,0.4,34.9,288.8,0.0,0.3,72.531,True,True,True,False,False,False,True,0.0416,2.0,0.0,0.000576
gooseberries canned,184,0.5,0.004,0.097,0.3,47.3,0.0,Fruits & Produce,1.6,6.0,0.097,0.0,201.9,0.0,0.066,0.041,0.0,0.1,0.4,0.3,0.085,25.2,0.0,0.0,0.0,40.3,0.5,0.8,15.1,0.4,17.6,194.0,0.069,0.3,121.7,True,True,True,False,False,False,True,0.034782608695652174,3.260869565217391,0.0,0.024456521739130436
grapefruit canned,88,0.2,0.09,0.011,0.066,22.3,21.4,Fruits & Produce,1.4,1.0,0.091,0.0,219.2,0.0,0.061,0.094,0.0,0.092,0.6,0.3,0.08,53.2,0.0,0.2,0.0,36.6,0.2,1.0,24.4,0.056,24.4,322.1,0.049,0.2,115.7,True,True,True,False,False,False,False,0.06363636363636363,1.1363636363636365,0.9727272727272727,0.020454545454545454
pear canned,38,0.001,0.099,0.049,0.034,9.8,7.4,Fruits & Produce,0.3,1.2,0.088,0.0,65.7,0.0,0.096,0.08,0.0,0.048,0.2,0.085,0.042,1.2,0.0,0.078,0.034,6.8,0.012,0.2,5.3,0.064,9.1,73.0,0.0,0.077,19.566,True,True,True,False,False,False,True,0.031578947368421054,3.1578947368421053,0.7789473684210527,0.0002368421052631579
raspberries canned,233,0.3,0.081,0.012,0.2,59.8,51.4,Fruits & Produce,2.1,8.4,0.013,0.0,192.8,0.0,0.094,0.074,0.0,0.07,1.1,0.6,0.1,22.3,0.0,1.5,0.074,28.2,0.1,1.1,30.7,0.6,23.0,240.6,0.092,0.4,122.2,True,True,True,False,False,False,True,0.036051502145922745,3.6051502145922747,0.8824034334763948,0.011587982832618025
papaya canned,80,0.2,0.1,0.006,0.026,21.8,20.4,Fruits & Produce,0.001,0.6,0.075,0.0,16.9,0.0,0.038,0.0,0.0,0.084,0.014,0.003,0.006,1.4,0.0,0.0,0.038,8.2,0.008,0.1,2.3,0.082,2.3,26.1,0.031,0.002,32.371,True,True,True,False,False,False,False,5e-05,0.75,1.02,0.0225
grapes canned,98,0.3,0.034,0.072,0.006,25.2,23.8,Fruits & Produce,1.2,1.5,0.022,0.0,217.7,0.0,0.089,0.065,0.0,0.006,0.3,0.1,0.2,2.5,0.0,0.3,0.069,24.5,0.1,2.4,14.7,0.077,44.1,262.2,0.028,0.1,57.6,True,True,True,False,False,False,True,0.04897959183673469,1.530612244897959,0.9714285714285714,0.027551020408163263
apple dried,145,0.2,0.088,0.022,0.041,39.1,34.0,Fruits & Produce,0.6,5.1,0.024,0.0,214.5,0.0,0.093,0.0,0.0,0.013,0.3,0.1,0.1,2.6,0.0,0.3,0.036,7.7,0.1,0.8,10.2,0.051,23.0,267.8,0.076,0.1,56.1,True,True,True,False,False,False,True,0.016551724137931035,3.5172413793103443,0.9379310344827586,0.012413793103448275
peach dried,199,0.6,0.055,0.2,0.3,50.8,43.8,Fruits & Produce,3.0,7.0,0.059,0.0,201.5,0.0,0.029,0.0,0.0,0.006,3.9,0.5,0.039,9.5,0.0,0.2,0.06,23.2,0.3,3.4,33.5,0.3,98.0,825.6,0.068,0.5,97.5,True,True,True,False,False,False,True,0.06030150753768844,3.5175879396984926,0.8804020100502512,0.027135678391959798
plantain chips,150,8.4,2.4,1.6,3.3,18.1,0.3,Fruits & Produce,0.6,1.0,0.039,0.0,0.6,0.0,0.087,0.045,0.0,0.024,0.2,0.3,0.1,9.1,0.0,1.4,0.098,2.5,0.049,0.3,20.1,0.094,22.1,222.4,0.028,0.1,40.0,True,True,True,False,False,False,False,0.016,0.6666666666666666,0.008,0.504
golden raisins,498,0.8,0.2,0.016,0.2,131.2,97.7,Fruits & Produce,5.6,6.6,0.001,0.0,24.7,0.0,0.031,0.067,0.0,0.3,1.9,0.2,0.5,5.3,0.0,0.2,0.066,87.5,0.6,3.0,57.8,0.5,189.8,1230.9,0.062,0.5,240.0,True,True,True,False,False,False,True,0.044979919678714855,1.3253012048192772,0.7847389558232932,0.014457831325301205
raisins seeded,488,0.9,0.3,0.036,0.3,129.5,0.0,Fruits & Produce,4.2,11.2,0.098,0.0,27.3,0.0,0.2,0.092,0.0,0.3,1.8,0.092,0.3,8.9,0.0,0.0,0.0,46.2,0.5,4.3,49.5,0.4,123.8,1361.3,0.058,0.3,205.2,True,True,True,False,False,False,True,0.03442622950819672,2.2950819672131146,0.0,0.016598360655737703
zante currants dried,408,0.4,0.009,0.003,0.3,106.7,96.9,Fruits & Produce,5.9,9.8,0.067,0.0,27.7,0.0,0.2,0.07,0.0,0.2,2.3,0.007,0.4,6.8,0.0,0.2,0.07,123.8,0.7,4.7,59.0,0.7,180.0,1284.5,0.098,1.0,258.1,True,True,True,False,False,False,True,0.05784313725490196,2.401960784313726,0.9500000000000001,0.008823529411764706
pear dried,94,0.2,0.003,0.01,0.065,25.1,22.4,Fruits & Produce,0.7,2.7,0.074,0.0,9.6,0.0,0.006,0.0,0.0,0.067,0.5,0.054,0.074,2.5,0.0,0.036,0.002,12.2,0.1,0.8,11.9,0.1,21.2,191.9,0.005,0.1,44.2,True,True,True,False,False,False,True,0.02978723404255319,2.872340425531915,0.9531914893617021,0.019148936170212766
raisins,90,0.056,0.005,0.063,0.004,23.8,19.6,Fruits & Produce,1.0,1.4,0.025,0.0,4.6,0.049,0.0,0.015,0.006,0.0,0.02,0.2,0.006,0.081,0.7,0.0,0.003,0.068,18.6,0.018,0.5,10.8,0.018,29.4,223.2,0.042,26.474,True,True,True,False,False,False,True,0.044444444444444446,1.5555555555555556,0.8711111111111112,0.0056
prune plums dried,308,0.5,0.01,0.4,0.1,81.5,0.0,Fruits & Produce,2.7,9.4,0.011,0.0,161.4,0.0,0.07,0.0,0.0,0.2,1.7,0.2,0.5,6.7,0.0,0.0,0.0,52.1,0.4,2.6,47.1,0.2,81.8,773.8,0.055,0.5,155.5,True,True,True,False,False,False,True,0.03506493506493507,3.051948051948052,0.0,0.01461038961038961
cranberries dried,370,1.6,0.1,0.2,0.8,98.8,78.0,Fruits & Produce,0.053,6.8,0.037,0.0,19.2,0.0,0.05,0.0,0.0,0.029,1.2,0.3,0.004,0.2,0.0,1.3,0.066,12.0,0.003,0.6,6.0,0.3,9.6,48.0,0.09,0.1,120.036,True,True,True,False,False,False,True,0.000572972972972973,1.837837837837838,0.8432432432432433,0.03891891891891892
figs dried,21,0.008,0.014,0.003,0.037,5.4,4.0,Fruits & Produce,0.3,0.8,0.091,0.0,2.5,0.0,0.021,0.002,0.0,0.054,0.023,0.046,0.031,0.1,0.0,0.062,0.046,13.6,0.052,0.2,5.7,0.073,5.6,57.1,0.067,0.079,20.461,True,True,True,False,False,True,True,0.05714285714285714,3.8095238095238093,0.7619047619047619,0.003428571428571429
longans dried,5,0.091,0.0,0.0,0.0,1.3,0.0,Fruits & Produce,0.027,0.0,0.018,0.0,0.3,0.0,0.008,0.0,0.0,0.055,0.001,0.0,0.0,0.5,0.0,0.0,0.0,0.8,0.072,0.009,0.8,0.078,3.3,11.2,0.0,0.001,2.804,True,True,True,False,False,True,False,0.0216,0.0,0.0,0.1638
banana chips,147,9.5,8.2,0.6,0.2,16.5,10.0,Fruits & Produce,0.7,2.2,0.099,0.0,1.2,0.0,0.003,0.041,0.0,0.03,0.2,0.2,0.032,1.8,0.0,0.042,0.057,5.1,0.031,0.4,21.5,0.4,15.8,151.7,0.06,0.2,36.2,True,True,True,False,False,False,True,0.019047619047619046,1.4965986394557824,0.272108843537415,0.5816326530612245
lychee dried,7,0.003,0.076,0.004,0.061,1.8,1.7,Fruits & Produce,0.01,0.1,0.049,0.0,0.6,0.0,0.06,0.063,0.0,0.015,0.032,0.0,0.004,4.6,0.0,0.071,0.032,0.8,0.071,0.036,1.1,0.012,4.5,27.8,0.08,0.085,7.431,True,True,True,False,False,True,True,0.005714285714285714,1.4285714285714286,0.9714285714285714,0.003857142857142857
apricot dried,17,0.015,0.02,0.083,0.031,4.4,3.7,Fruits & Produce,0.2,0.5,0.066,0.0,2.2,0.0,0.042,0.064,0.0,0.086,0.2,0.055,0.017,0.012,0.0,0.3,0.088,3.9,0.02,0.2,2.2,0.038,5.0,81.3,0.04,0.055,9.329,True,True,True,False,False,True,True,0.047058823529411764,2.9411764705882355,0.8705882352941177,0.007941176470588236
longan,2,0.076,0.0,0.0,0.0,0.5,0.0,Fruits & Produce,0.009,0.071,0.0,0.0,2.6,0.0,0.01,0.0,0.0,0.052,0.014,0.0,0.0,2.7,0.0,0.0,0.0,0.039,0.059,0.066,0.3,0.089,0.7,8.5,0.0,0.01,3.493,True,True,True,False,False,True,True,0.018,3.55,0.0,0.34199999999999997
mamey sapote,217,0.8,0.3,0.2,0.2,56.2,35.2,Fruits & Produce,2.5,9.5,0.008,0.0,113.5,0.0,0.018,0.094,0.0,0.2,2.5,0.7,1.3,40.3,0.0,3.7,0.0,31.5,0.4,1.4,19.3,0.4,45.5,794.5,0.0,0.3,142.2,True,True,True,False,False,False,True,0.04608294930875576,4.377880184331797,0.6488479262672812,0.03317972350230415
waxgourd cooked,19,0.4,0.026,0.076,0.2,4.3,2.1,Fruits & Produce,0.7,1.8,0.6,0.0,168.1,0.0,0.059,0.087,0.0,0.052,0.7,0.2,0.096,18.4,0.0,0.1,0.028,31.5,0.036,0.7,17.5,0.015,29.8,8.8,0.012,1.0,57.8,True,True,True,False,False,True,True,0.14736842105263157,9.473684210526315,0.4421052631578948,0.18947368421052632
jackfruit,33,0.2,0.071,0.004,0.002,8.1,6.7,Fruits & Produce,0.6,0.5,0.094,0.0,25.7,0.0,0.0,0.09,0.019,0.0,0.031,0.3,0.073,0.1,4.8,0.0,0.1,0.0,8.4,0.071,0.005,10.2,0.081,7.4,156.8,0.0,9.574,True,True,True,False,False,False,True,0.07272727272727272,1.5151515151515151,0.8121212121212121,0.05454545454545455
loquats,9,0.071,0.085,0.035,0.023,2.4,0.0,Fruits & Produce,0.09,0.3,0.053,0.0,17.3,0.0,0.097,0.015,0.0,0.048,0.012,0.0,0.042,0.2,0.0,0.0,0.0,3.2,0.093,0.007,2.6,0.037,5.4,53.2,0.047,0.014,6.236,True,True,True,False,False,True,True,0.04,3.3333333333333335,0.0,0.071
mammy apple mamey,431,4.2,1.2,1.7,0.7,105.8,0.0,Fruits & Produce,4.2,25.4,0.1,0.0,729.3,0.0,0.2,0.1,0.0,0.3,3.4,0.9,0.8,118.4,0.0,0.0,0.0,93.1,0.7,5.9,135.4,0.0,93.1,397.6,0.064,0.8,357.0,True,True,True,False,False,False,True,0.03897911832946636,5.893271461716937,0.0,0.08770301624129931
nance,82,1.3,0.0,0.0,0.0,19.0,9.3,Fruits & Produce,0.7,8.4,0.039,0.0,90.3,0.0,0.0,0.086,0.032,0.0,0.022,0.3,0.2,0.098,103.6,0.0,1.4,0.078,51.5,0.037,0.4,22.4,0.3,11.2,273.3,0.017,29.436,True,True,True,False,False,False,True,0.03414634146341463,10.24390243902439,0.45365853658536587,0.1426829268292683
coconut whole coconut,3336,71.5,672.0,48.0,0.0,0.0,0.0,Fruits & Produce,0.0,0.0,0.0,0.0,0.0,0.0,0.0,0.0,0.0,0.0,0.0,0.0,0.0,0.0,0.0,0.0,0.0,0.0,0.0,0.0,0.0,0.0,0.0,0.0,0.0,0.0,71.5,True,True,True,False,False,True,False,0.0,0.0,0.0,0.1928956834532374
prickly pear,42,0.5,0.014,0.038,0.2,9.9,0.0,Fruits & Produce,0.8,3.7,0.044,0.0,90.2,0.0,0.0,0.066,0.097,0.0,0.062,0.5,0.0,0.097,14.4,0.0,0.0,0.0,57.7,0.051,0.3,87.6,0.0,24.7,226.6,0.012,14.977,True,True,True,False,False,False,True,0.0761904761904762,8.80952380952381,0.0,0.10714285714285714
lychee,6,0.016,0.06,0.03,0.067,1.6,1.5,Fruits & Produce,0.024,0.1,0.029,0.0,7.8,0.0,0.0,0.067,0.033,0.0,0.058,0.047,0.0,0.038,6.9,0.0,0.006,0.086,0.5,0.022,0.092,1.0,0.015,3.0,16.4,0.061,2.012,True,True,True,False,False,True,True,0.016,1.6666666666666667,1.0,0.024000000000000004
naranjilla lulo pulp,30,0.3,0.0,0.0,0.0,7.1,4.5,Fruits & Produce,0.5,1.3,0.044,0.0,111.7,0.0,0.039,0.032,0.0,0.0,1.7,0.3,0.1,3.8,0.0,0.9,0.011,9.6,0.069,0.4,13.2,0.074,14.4,240.0,0.082,0.1,23.0,True,True,True,False,False,False,True,0.06666666666666667,4.333333333333333,0.6,0.09
coconut meat dried,187,18.3,16.2,0.8,0.2,6.7,2.1,Fruits & Produce,1.9,4.6,0.058,0.0,0.8,0.0,0.054,0.059,0.0,0.012,0.2,0.2,0.047,0.4,0.0,0.1,0.049,7.4,0.2,0.9,25.5,0.8,58.3,153.7,0.041,0.6,40.2,False,False,False,True,False,True,True,0.040641711229946524,2.459893048128342,0.044919786096256686,0.8807486631016044
waxgourd raw,17,0.3,0.036,0.024,0.1,4.0,0.0,Fruits & Produce,0.5,3.8,0.1,0.0,126.9,0.0,0.07,0.089,0.0,0.1,0.5,0.2,0.082,17.2,0.0,0.0,0.0,25.1,0.088,0.5,13.2,0.067,25.1,7.9,0.052,0.8,51.4,True,True,True,False,False,True,True,0.11764705882352941,22.352941176470587,0.0,0.1588235294117647
surinam cherry pitanga,2,0.059,0.0,0.0,0.0,0.5,0.0,Fruits & Produce,0.045,0.0,0.1,0.0,6.4,0.0,0.024,0.0,0.0,0.004,0.096,0.0,0.0,1.8,0.0,0.0,0.0,0.6,0.0,0.0,0.8,0.0,0.8,7.2,0.0,0.0,3.056,True,True,True,False,False,True,False,0.09,0.0,0.0,0.26549999999999996
passion fruit,17,0.1,0.098,0.051,0.053,4.2,2.0,Fruits & Produce,0.4,1.9,0.072,0.0,13.1,0.0,0.0,0.0,0.068,0.0,0.09,0.3,0.0,0.074,5.4,0.0,0.078,0.03,2.2,0.015,0.3,5.2,0.0,12.2,62.6,0.053,6.667,True,True,True,False,False,True,True,0.09411764705882353,11.176470588235293,0.47058823529411764,0.052941176470588235
sapodilla,141,1.9,0.3,0.9,0.05,33.9,0.0,Fruits & Produce,0.7,9.0,0.08,0.0,132.6,0.0,0.0,0.08,0.0,0.001,0.3,0.4,0.086,25.0,0.0,0.0,0.0,35.7,0.1,1.4,20.4,0.0,20.4,328.1,0.099,0.2,107.6,True,True,True,False,False,False,True,0.019858156028368792,6.382978723404255,0.0,0.12127659574468083
pummelo,48,0.06,0.0,0.0,0.0,12.0,0.0,Fruits & Produce,1.0,1.3,0.094,0.0,111.4,0.0,0.0,0.067,0.0,0.0,0.098,0.3,0.0,0.005,76.3,0.0,0.0,0.0,5.0,0.097,0.1,7.5,0.005,21.3,270.0,0.0,14.376,True,True,True,False,False,False,True,0.08333333333333333,2.7083333333333335,0.0,0.011250000000000001
coconut meat,1405,133.0,117.9,5.7,1.5,60.5,24.7,Fruits & Produce,13.2,35.7,0.022,0.0,186.6,0.0,0.3,0.1,0.0,0.054,2.1,1.2,0.2,13.1,0.0,1.0,0.019,55.6,1.7,9.6,127.0,6.0,448.6,1413.3,0.056,4.4,320.7,False,False,False,True,True,True,True,0.03758007117437722,2.540925266903915,0.0703202846975089,0.8519572953736655
soursop,149,0.7,0.1,0.2,0.2,37.9,30.5,Fruits & Produce,2.3,7.4,0.024,0.0,182.6,0.0,0.2,0.001,0.0,0.1,2.0,0.6,0.1,46.4,0.0,0.2,0.031,31.5,0.2,1.4,47.3,0.0,60.8,625.5,0.017,0.2,127.6,True,True,True,False,False,False,True,0.06174496644295301,4.966442953020135,0.8187919463087249,0.04228187919463087
papaya,62,0.4,0.1,0.1,0.051,15.7,11.3,Fruits & Produce,0.7,2.5,0.004,0.0,127.7,0.0,0.0,0.097,0.061,0.0,0.07,0.5,0.3,0.014,88.3,0.0,0.4,0.06,29.0,0.017,0.4,30.5,0.026,14.5,263.9,0.086,19.422,True,True,True,False,False,False,True,0.04516129032258064,4.032258064516129,0.7290322580645162,0.05806451612903226
acerola cherry,2,0.052,0.074,0.086,0.036,0.4,0.0,Fruits & Produce,0.079,0.077,0.088,0.0,4.4,0.0,0.0,0.039,0.038,0.0,0.093,0.026,0.072,0.076,80.5,0.0,0.0,0.0,0.6,0.007,0.021,0.9,0.0,0.5,7.0,0.045,0.707,True,True,True,False,False,True,True,0.158,3.85,0.0,0.23399999999999999
ohelo berries,39,0.3,0.0,0.0,0.0,9.6,0.0,Fruits & Produce,0.5,0.0,0.068,0.0,129.2,0.0,0.066,0.0,0.0,0.082,0.4,0.0,0.0,8.4,0.0,0.0,0.0,9.8,0.0,0.1,8.4,0.0,14.0,53.2,0.0,0.0,28.7,True,True,True,False,False,False,False,0.05128205128205128,0.0,0.0,0.06923076923076922
loganberries,81,0.5,0.053,0.023,0.3,19.1,11.3,Fruits & Produce,2.2,7.8,0.06,0.0,124.4,0.0,0.008,0.029,0.0,0.05,1.2,0.4,0.083,22.5,0.0,1.3,0.065,38.2,0.2,0.9,30.9,1.8,38.2,213.2,0.065,0.5,91.2,True,True,True,False,False,False,True,0.10864197530864199,9.62962962962963,0.5580246913580247,0.05555555555555555
casaba melon,48,0.2,0.012,0.046,0.012,11.2,9.7,Fruits & Produce,1.9,1.5,0.057,0.0,156.1,0.0,0.083,0.003,0.0,0.042,0.4,0.1,0.3,37.1,0.0,0.053,0.034,18.7,0.1,0.6,18.7,0.026,8.5,309.4,0.07,0.1,71.2,True,True,True,False,False,False,True,0.15833333333333333,3.125,0.8083333333333332,0.0375
durian,51,1.9,0.0,0.0,0.0,9.5,0.0,Fruits & Produce,0.5,1.3,0.079,0.0,22.7,0.0,0.0,0.1,0.095,0.0,0.049,0.4,0.029,0.1,6.9,0.0,0.0,0.0,2.1,0.094,0.2,10.5,0.1,13.7,152.6,0.0,13.358,True,True,True,False,False,False,True,0.0392156862745098,2.549019607843137,0.0,0.3352941176470588
coriander leaves raw,4,0.086,0.044,0.01,0.064,0.6,0.1,Fruits & Produce,0.3,0.4,0.005,0.0,14.8,0.0,0.083,0.05,0.0,0.059,0.2,0.069,0.066,4.3,0.0,0.4,0.008,10.7,0.028,0.3,4.2,0.051,7.7,83.4,0.019,0.059,16.674,True,True,True,False,True,True,True,0.3,10.0,0.1,0.19349999999999998
garden cress raw,3,0.062,0.052,0.049,0.062,0.5,0.4,Fruits & Produce,0.2,0.063,0.079,0.0,8.0,0.0,0.0,0.072,0.004,0.0,0.03,0.018,0.019,0.017,6.2,0.0,0.011,0.04,7.3,0.009,0.1,3.4,0.001,6.8,54.5,0.032,0.886,True,True,True,False,True,True,True,0.26666666666666666,2.1,0.5333333333333333,0.18600000000000003
pasilla peppers dried,24,1.1,0.0,0.0,0.0,3.6,0.0,Fruits & Produce,0.9,1.9,0.063,0.0,1.0,0.0,0.084,0.058,0.0,0.2,0.5,0.1,0.3,0.4,0.0,0.0,0.0,6.8,0.022,0.7,9.1,0.1,18.7,155.5,0.075,0.062,15.4,True,True,True,False,False,True,True,0.15,7.916666666666667,0.0,0.41250000000000003
parsley dried,1,0.096,0.064,0.086,0.093,0.3,0.073,Fruits & Produce,0.1,0.1,0.058,0.0,0.09,0.0,0.062,0.072,0.0,0.014,0.031,0.089,0.03,0.6,0.0,0.008,0.063,5.7,0.092,0.1,2.0,0.061,2.2,13.4,0.029,0.076,6.95,True,True,True,False,True,True,True,0.4,10.0,0.292,0.864
ancho pepper dried,48,1.4,0.1,0.08,0.8,8.7,0.0,Fruits & Produce,2.0,3.7,0.068,0.0,3.8,0.0,0.055,0.082,0.0,0.4,1.1,0.3,0.6,0.3,0.0,0.0,0.0,10.4,0.079,1.9,19.2,0.2,34.2,409.9,0.046,0.2,28.4,True,True,True,False,False,False,True,0.16666666666666666,7.708333333333333,0.0,0.2625
coriander seeds,5,0.3,0.049,0.2,0.074,1.0,0.0,Fruits & Produce,0.2,0.8,0.095,0.0,0.2,0.0,0.003,0.0,0.0,0.092,0.083,0.0,0.0,0.4,0.0,0.0,0.0,12.8,0.077,0.3,5.9,0.097,7.4,22.8,0.068,0.054,15.8,True,True,True,False,False,True,True,0.16,16.0,0.0,0.5399999999999999
dill weed dried,253,4.4,0.2,0.0,0.0,55.8,0.0,Fruits & Produce,20.0,13.6,0.2,0.0,7.3,0.0,0.0,0.4,0.0,0.0,0.3,2.8,0.0,1.7,50.0,0.0,0.0,0.0,1784.0,0.5,48.8,451.0,4.0,543.0,3308.0,0.0,96.0,True,True,True,False,True,False,True,0.31620553359683795,5.375494071146245,0.0,0.1565217391304348
borage,19,0.6,0.2,0.2,0.017,2.7,0.0,Fruits & Produce,1.6,0.0,0.023,0.0,82.8,0.0,0.073,0.058,0.0,0.1,0.8,0.072,0.064,31.2,0.0,0.0,0.0,82.8,0.1,2.9,46.3,0.3,47.2,418.3,0.084,0.2,121.8,True,True,True,False,True,True,False,0.3368421052631579,0.0,0.0,0.28421052631578947
epazote,0,0.06,0.0,0.0,0.0,0.094,0.0,Fruits & Produce,0.059,0.051,0.021,0.0,0.7,0.0,0.0,0.058,0.013,0.0,0.04,0.065,0.026,0.026,0.047,0.0,0.0,0.0,2.2,0.067,0.059,1.0,0.099,0.7,5.1,0.028,0.363,True,True,True,False,True,True,True,0.236,5.1,0.0,0.54
chives dried,1,0.055,0.051,0.093,0.023,0.1,0.0,Fruits & Produce,0.013,0.041,0.04,0.0,0.091,0.0,0.0,0.009,0.036,0.0,0.009,0.068,0.062,0.054,1.3,0.0,0.0,0.0,1.6,0.047,0.003,1.3,0.095,1.0,5.9,0.077,0.32,True,True,True,False,False,True,True,0.052,4.1000000000000005,0.0,0.495
thyme fresh,1,0.068,0.07,0.056,0.085,0.2,0.0,Fruits & Produce,0.091,0.1,0.017,0.0,0.5,0.0,0.0,0.074,0.08,0.0,0.039,0.019,0.048,0.057,1.3,0.0,0.0,0.0,3.2,0.018,0.1,1.3,0.045,0.8,4.9,0.0,0.545,True,True,True,False,True,True,True,0.364,10.0,0.0,0.6120000000000001
butterbur,4,0.2,0.0,0.0,0.0,0.5,0.0,Fruits & Produce,0.1,0.0,0.053,0.0,121.4,0.0,0.067,0.078,0.0,0.081,0.2,0.0,0.097,14.8,0.0,0.0,0.0,42.2,0.087,0.8,2.5,0.1,5.0,14.9,0.045,0.015,58.6,False,True,True,False,False,True,False,0.1,0.0,0.0,0.45
wasabi root,142,0.8,0.0,0.0,0.0,30.6,0.0,Fruits & Produce,6.2,10.1,0.02,0.0,89.8,0.0,0.2,0.099,0.0,0.1,1.0,0.3,0.4,54.5,0.0,0.0,0.0,166.4,0.2,1.3,89.7,0.5,104.0,738.4,0.0,2.1,269.9,True,True,True,False,False,False,True,0.17464788732394368,7.112676056338028,0.0,0.05070422535211268
rosemary dried,4,0.2,0.083,0.029,0.085,0.8,0.0,Fruits & Produce,0.081,0.5,0.048,0.0,0.1,0.0,0.002,0.043,0.0,0.016,0.054,0.0,0.074,0.7,0.0,0.0,0.0,15.4,0.084,0.4,2.6,0.011,0.8,11.5,0.084,0.078,18.079,True,True,True,False,False,True,True,0.081,12.5,0.0,0.45
ginger root,2,0.028,0.048,0.067,0.046,0.4,0.019,Fruits & Produce,0.068,0.058,0.0,0.0,1.6,0.0,0.073,0.079,0.0,0.055,0.088,0.064,0.051,0.1,0.0,0.03,0.02,0.3,0.092,0.061,0.9,0.026,0.7,8.3,0.08,0.049,1.028,True,True,True,False,False,True,True,0.136,2.9000000000000004,0.038,0.126
white pepper,7,0.0,0.002,0.049,0.032,1.6,0.0,Fruits & Produce,0.2,0.6,0.075,0.0,0.3,0.0,0.0,0.008,0.027,0.0,0.028,0.085,0.0,0.075,0.5,0.0,0.0,0.0,6.4,0.069,0.3,2.2,0.1,4.2,1.8,0.077,2.514,True,True,True,False,False,True,True,0.1142857142857143,8.571428571428571,0.0,0.0
cloves ground,6,0.3,0.017,0.037,0.2,1.4,0.028,Fruits & Produce,0.1,0.7,0.0,0.0,0.2,0.0,0.097,0.047,0.0,0.095,0.032,0.075,0.03,0.083,0.0,0.2,0.036,13.3,0.049,0.2,5.4,1.3,2.2,21.4,0.074,0.02,16.019,True,True,True,False,False,True,True,0.06666666666666667,11.666666666666666,0.018666666666666668,0.44999999999999996
paprika,19,0.9,0.1,0.1,0.5,3.7,0.7,Fruits & Produce,1.0,2.4,0.061,0.0,0.8,0.0,0.0,0.077,0.045,0.0,0.05,0.7,0.2,0.1,0.022,0.0,2.0,0.061,15.6,0.061,1.4,12.1,0.1,21.4,155.0,0.024,8.206,True,True,True,False,False,True,True,0.21052631578947367,12.631578947368421,0.14736842105263157,0.4263157894736842
mace ground,25,1.7,0.5,0.6,0.2,2.7,0.0,Fruits & Produce,0.4,1.1,0.097,0.0,0.4,0.0,0.079,0.016,0.0,0.032,0.061,0.0,0.039,1.1,0.0,0.0,0.0,13.4,0.1,0.7,8.6,0.073,5.8,24.5,0.083,0.1,21.1,True,True,True,False,False,True,True,0.064,4.4,0.0,0.612
bay leaf,2,0.042,0.08,0.095,0.076,0.4,0.0,Fruits & Produce,0.086,0.2,0.084,0.0,0.07,0.0,0.021,0.015,0.0,0.054,0.061,0.0,0.094,0.3,0.0,0.0,0.0,5.0,0.031,0.3,0.7,0.058,0.7,3.2,0.077,0.081,6.316,True,True,True,False,False,True,True,0.172,10.0,0.0,0.189
eppaw,150,1.8,0.0,0.0,0.0,31.7,0.0,Fruits & Produce,4.6,0.0,0.015,0.0,60.0,0.0,0.0,0.1,0.072,0.0,0.1,0.3,1.2,0.2,13.0,0.0,0.0,0.0,110.0,0.2,1.2,32.0,1.1,165.0,340.0,0.052,38.5,True,True,True,False,False,False,False,0.12266666666666666,0.0,0.0,0.108
tarragon dried,2,0.047,0.01,0.081,0.068,0.3,0.0,Fruits & Produce,0.1,0.038,0.012,0.0,0.068,0.0,0.011,0.092,0.0,0.082,0.083,0.0,0.083,0.3,0.0,0.0,0.0,6.8,0.069,0.2,2.1,0.044,1.9,18.1,0.088,0.019,7.752,True,True,True,False,False,True,True,0.2,1.9,0.0,0.2115
ginger ground,6,0.043,0.088,0.021,0.095,1.3,0.067,Fruits & Produce,0.2,0.3,0.038,0.0,0.2,0.0,0.037,0.002,0.0,0.091,0.2,0.083,0.05,0.094,0.0,0.0,0.043,2.1,0.078,0.4,3.9,0.6,3.0,23.8,0.084,0.087,4.327,True,True,True,False,False,True,True,0.13333333333333333,5.0,0.04466666666666667,0.06449999999999999
savory ground,4,0.029,0.085,0.0,0.0,1.0,0.0,Fruits & Produce,0.074,0.6,0.055,0.0,0.1,0.0,0.0,0.03,0.0,0.0,0.0,0.053,0.0,0.0,0.7,0.0,0.0,0.0,29.8,0.043,0.5,5.3,0.044,2.0,14.7,0.057,1.895,True,True,True,False,False,True,True,0.074,15.0,0.0,0.06525
black pepper,6,0.006,0.034,0.04,0.065,1.5,0.08,Fruits & Produce,0.2,0.6,0.036,0.0,0.3,0.0,0.0,0.047,0.04,0.0,0.029,0.067,0.09,0.073,0.0,0.0,0.084,0.045,10.2,0.001,0.2,3.9,0.3,3.6,30.6,0.009,2.505,True,True,True,False,False,True,True,0.13333333333333333,10.0,0.05333333333333334,0.009
spearmint fresh,3,0.089,0.049,0.068,0.022,0.5,0.0,Fruits & Produce,0.2,0.4,0.092,0.0,4.9,0.0,0.0,0.079,0.061,0.0,0.098,0.007,0.086,0.033,0.8,0.0,0.0,0.0,11.3,0.008,0.7,3.6,0.064,3.4,26.1,0.0,1.261,True,True,True,False,True,True,True,0.26666666666666666,13.333333333333334,0.0,0.26699999999999996
poultry seasoning,14,0.3,0.1,0.094,0.079,2.9,0.1,Fruits & Produce,0.4,0.5,0.063,0.0,0.4,0.0,0.046,0.049,0.0,0.042,0.1,0.0,0.093,0.5,0.0,0.088,0.026,43.8,0.008,1.6,9.9,0.3,7.5,30.1,0.037,0.1,50.0,True,True,True,False,False,True,True,0.1142857142857143,3.5714285714285716,0.028571428571428574,0.19285714285714284
nutmeg ground,12,0.8,0.6,0.056,0.088,1.1,0.6,Fruits & Produce,0.1,0.5,0.095,0.0,0.1,0.0,0.065,0.008,0.0,0.055,0.088,0.0,0.072,0.001,0.0,0.0,0.0,4.0,0.052,0.018,4.0,0.008,4.7,7.7,0.086,0.036,6.656,True,True,True,False,False,True,True,0.03333333333333333,4.166666666666667,0.19999999999999998,0.6
curry powder,20,0.9,0.1,0.3,0.2,3.7,0.2,Fruits & Produce,0.8,2.1,0.004,0.0,0.6,0.0,0.0,0.076,0.023,0.0,0.042,0.2,0.0,0.05,0.7,0.0,1.4,0.094,30.1,0.034,1.9,16.0,0.3,22.0,97.2,0.052,7.681,True,True,True,False,False,True,True,0.16,10.5,0.04,0.40499999999999997
peppermint,1,0.004,0.016,0.034,0.051,0.2,0.0,Fruits & Produce,0.038,0.1,0.007,0.0,1.3,0.0,0.0,0.025,0.039,0.0,0.011,0.086,0.048,0.061,0.5,0.0,0.0,0.0,3.9,0.078,0.066,1.3,0.088,1.2,9.1,0.0,0.423,True,True,True,False,False,True,True,0.152,10.0,0.0,0.036000000000000004
salt,0,0.0,0.0,0.0,0.0,0.0,0.0,Fruits & Produce,0.0,0.0,7.0,0.0,0.022,0.0,0.0,0.0,0.0,0.0,0.0,0.0,0.0,0.0,0.0,0.0,0.0,4.3,0.099,0.006,0.2,0.052,0.0,1.4,0.039,0.098,4.329,True,True,True,False,False,True,False,0.0,0.0,0.0,0.0
coriander leaves dried,2,0.098,0.099,0.09,0.081,0.3,0.045,Fruits & Produce,0.1,0.095,0.018,0.0,0.009,0.0,0.0,0.019,0.089,0.0,0.02,0.046,0.0,0.014,3.4,0.0,0.08,0.094,7.5,0.017,0.3,4.2,0.087,2.9,26.8,0.04,0.633,True,True,True,False,False,True,True,0.2,4.75,0.09,0.441
sage ground,2,0.046,0.07,0.069,0.013,0.4,0.052,Fruits & Produce,0.058,0.3,0.083,0.0,0.051,0.0,0.018,0.025,0.0,0.1,0.055,0.0,0.044,0.2,0.0,0.08,0.099,11.6,0.06,0.2,3.0,0.032,0.6,7.5,0.039,0.02,12.796,True,True,True,False,False,True,True,0.116,15.0,0.104,0.207
garlic powder,10,0.029,0.003,0.045,0.016,2.3,0.068,Fruits & Produce,0.5,0.3,0.082,0.0,0.2,0.0,0.0,0.011,0.056,0.0,0.031,0.059,0.008,0.093,0.091,0.0,0.039,0.008,2.4,0.003,0.2,2.4,0.035,12.8,37.0,0.077,3.269,True,True,True,False,False,True,True,0.2,3.0,0.027200000000000002,0.0261
dill weed fresh,4,0.063,0.064,0.022,0.052,0.6,0.0,Fruits & Produce,0.3,0.2,0.017,0.0,7.6,0.0,0.0,0.097,0.063,0.0,0.012,0.1,0.026,0.003,7.6,0.0,0.0,0.0,18.5,0.09,0.6,4.9,0.1,5.9,65.7,0.0,1.201,True,True,True,False,True,True,True,0.3,5.0,0.0,0.14175
cardamom,6,0.1,0.065,0.038,0.071,1.4,0.0,Fruits & Produce,0.2,0.6,0.013,0.0,0.2,0.0,0.072,0.0,0.0,0.056,0.029,0.0,0.005,0.4,0.0,0.0,0.0,7.7,0.039,0.3,4.6,0.6,3.6,22.4,0.0,0.1,10.7,True,True,True,False,False,True,True,0.13333333333333333,10.0,0.0,0.15
saffron,2,0.092,0.047,0.1,0.05,0.5,0.0,Fruits & Produce,0.071,0.002,0.063,0.0,0.086,0.0,0.0,0.097,0.082,0.0,0.066,0.061,0.0,0.023,0.6,0.0,0.0,0.0,0.8,0.037,0.035,1.8,0.2,1.8,12.1,0.082,0.682,True,True,True,False,False,True,False,0.142,0.1,0.0,0.414
allspice ground,5,0.2,0.034,0.084,0.063,1.4,0.0,Fruits & Produce,0.1,0.4,0.001,0.0,0.2,0.0,0.026,0.079,0.0,0.08,0.088,0.0,0.03,0.7,0.0,0.0,0.0,12.6,0.011,0.1,2.6,0.036,2.1,19.8,0.02,0.015,15.5,True,True,True,False,False,True,True,0.08,8.0,0.0,0.36
parsley fresh,1,0.078,0.016,0.037,0.01,0.2,0.001,Fruits & Produce,0.1,0.1,0.056,0.0,3.3,0.0,0.0,0.047,0.07,0.0,0.092,0.02,0.002,0.081,5.1,0.0,0.029,0.013,5.2,0.085,0.2,1.9,0.046,2.2,21.1,0.094,0.509,True,True,True,False,True,True,True,0.4,10.0,0.004,0.702
oregano dried,265,4.3,1.6,0.7,1.4,68.9,4.1,Fruits & Produce,9.0,42.5,0.009,0.0,9.9,0.0,0.0,0.2,0.2,0.0,0.5,4.6,0.9,1.0,2.3,0.0,18.3,0.6,1597.0,0.6,36.8,270.0,5.0,148.0,1260.0,0.01,126.9,True,True,True,False,False,False,True,0.13584905660377358,16.037735849056602,0.061886792452830186,0.14603773584905658
marjoram dried,5,0.1,0.056,0.076,0.093,1.0,0.077,Fruits & Produce,0.2,0.7,0.004,0.0,0.1,0.0,0.0,0.057,0.073,0.0,0.036,0.097,0.0,0.055,0.9,0.0,0.029,0.047,33.8,0.029,1.4,5.9,0.053,5.2,25.9,0.078,2.032,True,True,True,False,False,True,True,0.16,14.0,0.0616,0.18
chives raw,1,0.088,0.083,0.09,0.002,0.1,0.02,Fruits & Produce,0.03,0.044,0.099,0.0,2.7,0.0,0.0,0.007,0.054,0.0,0.052,0.08,0.072,0.097,1.7,0.0,0.079,0.08,2.8,0.059,0.004,1.3,0.063,1.7,8.9,0.048,0.417,True,True,True,False,False,True,True,0.12,4.3999999999999995,0.08,0.7919999999999999
fireweed leaves,24,0.6,0.0,0.0,0.0,4.4,0.0,Fruits & Produce,1.1,2.4,0.035,0.0,16.3,0.0,0.044,0.007,0.0,0.079,1.1,0.3,0.1,0.5,0.0,0.0,0.0,98.7,0.016,0.6,35.9,1.5,24.8,113.6,0.068,0.6,108.3,True,True,True,False,False,True,True,0.18333333333333335,10.0,0.0,0.22499999999999998
rosemary fresh,1,0.1,0.016,0.0,0.072,0.1,0.0,Fruits & Produce,0.005,0.012,0.039,0.0,0.5,0.0,0.0,0.066,0.028,0.0,0.042,0.028,0.032,0.043,0.2,0.0,0.0,0.0,2.2,0.092,0.099,0.6,0.054,0.5,4.7,0.0,0.369,True,True,True,False,False,True,True,0.02,1.2,0.0,0.9
garlic,4,0.026,0.033,0.078,0.089,0.9,0.043,Fruits & Produce,0.2,0.064,0.018,0.0,1.6,0.0,0.0,0.058,0.024,0.0,0.068,0.09,0.005,0.061,0.9,0.0,0.056,0.003,5.1,0.069,0.046,0.7,0.01,4.3,11.2,0.014,1.253,True,True,True,False,False,True,True,0.2,1.6,0.043,0.058499999999999996
cinnamon ground,6,0.044,0.074,0.08,0.044,2.1,0.066,Fruits & Produce,0.1,1.4,0.022,0.0,0.3,0.0,0.087,0.05,0.0,0.006,0.083,0.018,0.004,0.071,0.0,0.052,0.027,26.1,0.099,0.2,1.6,0.5,1.7,11.2,0.018,0.088,30.0,True,True,True,False,False,True,True,0.06666666666666667,23.333333333333332,0.044000000000000004,0.06599999999999999
chervil dried,5,0.002,0.066,0.033,0.031,0.9,0.0,Fruits & Produce,0.4,0.2,0.076,0.0,0.1,0.0,0.055,0.037,0.0,0.09,0.1,0.0,0.096,1.0,0.0,0.0,0.0,25.6,0.044,0.6,2.5,0.043,8.6,90.1,0.031,0.2,28.777,True,True,True,False,True,True,True,0.32,4.0,0.0,0.0036000000000000003
cayenne pepper,1,0.094,0.043,0.082,0.023,0.2,0.089,Fruits & Produce,0.039,0.052,0.059,0.0,0.011,0.0,0.034,0.019,0.0,0.046,0.041,0.0,0.066,0.2,0.0,0.019,0.004,0.4,0.049,0.003,0.5,0.049,0.9,6.0,0.062,0.071,0.988,True,True,True,False,False,True,True,0.156,5.2,0.356,0.846
turmeric ground,8,0.2,0.093,0.014,0.019,1.4,0.062,Fruits & Produce,0.2,0.5,0.064,0.0,0.2,0.0,0.085,0.1,0.0,0.097,0.1,0.0,0.04,0.6,0.0,0.033,0.075,4.0,0.083,0.9,4.2,0.2,5.9,55.6,0.02,0.009,7.8,True,True,True,False,False,True,True,0.1,6.25,0.031,0.225
mustard,3,0.2,0.021,0.1,0.086,0.3,0.048,Fruits & Produce,0.2,0.2,0.015,0.0,4.2,0.096,0.026,0.006,0.097,0.0,0.011,0.04,0.013,0.015,0.03,0.0,0.086,0.012,3.2,0.086,0.096,2.4,0.075,5.4,7.6,0.064,1.046,True,True,True,False,True,True,True,0.26666666666666666,6.666666666666667,0.064,0.6
chili powder,8,0.4,0.061,0.029,0.2,1.3,0.2,Fruits & Produce,0.4,0.9,0.014,0.0,0.3,0.0,0.0,0.066,0.062,0.0,0.097,0.3,0.013,0.031,0.008,0.0,1.0,0.047,8.9,0.032,0.5,4.0,0.036,8.1,52.7,0.018,3.182,True,True,True,False,False,True,True,0.2,11.25,0.1,0.45
thyme dried,276,7.4,2.7,0.5,1.2,63.9,1.7,Fruits & Produce,9.1,37.0,0.016,0.0,7.8,0.0,0.0,0.5,0.3,0.0,0.4,4.9,0.0,0.6,50.0,0.0,7.5,1.7,1890.0,0.9,123.6,220.0,7.9,201.0,814.0,0.068,120.6,True,True,True,False,False,False,True,0.1318840579710145,13.405797101449275,0.024637681159420288,0.24130434782608698
spearmint dried,1,0.018,0.09,0.018,0.057,0.3,0.0,Fruits & Produce,0.094,0.1,0.012,0.0,0.029,0.0,0.0,0.007,0.087,0.0,0.009,0.04,0.044,0.092,0.0,0.0,0.0,0.0,7.4,0.021,0.4,3.0,0.008,1.4,9.6,0.0,0.649,True,True,True,False,True,True,True,0.376,10.0,0.0,0.16199999999999998
basil dried,2,0.027,0.02,0.038,0.076,0.3,0.054,Fruits & Produce,0.2,0.3,0.089,0.0,0.076,0.0,0.0,0.099,0.043,0.0,0.012,0.07,0.011,0.047,0.033,0.0,0.034,0.078,15.7,0.082,0.6,5.0,0.051,1.9,18.4,0.054,1.0,True,True,True,False,True,True,True,0.4,15.0,0.108,0.1215
dandelion greens cooked,35,0.6,0.0,0.0,0.0,6.7,1.7,Fruits & Produce,2.1,3.0,0.3,0.0,94.3,0.0,0.1,0.063,0.0,0.2,0.5,0.058,0.2,18.9,0.0,0.6,0.4,147.0,0.1,1.9,25.2,0.2,44.1,243.6,0.004,0.3,180.2,True,True,True,False,True,False,True,0.24000000000000002,8.571428571428571,0.19428571428571428,0.15428571428571428
basil fresh,2,0.089,0.069,0.019,0.03,0.2,0.064,Fruits & Produce,0.2,0.1,0.058,0.0,6.4,0.0,0.0,0.06,0.064,0.0,0.075,0.094,0.02,0.074,1.3,0.0,0.014,0.047,12.4,0.075,0.2,4.5,0.069,3.9,20.7,0.085,0.752,True,True,True,False,True,True,True,0.4,5.0,0.128,0.40049999999999997
dock,29,0.9,0.0,0.0,0.0,4.3,0.0,Fruits & Produce,2.7,3.9,0.025,0.0,123.7,0.0,0.0,0.0,0.091,0.0,0.1,0.7,0.029,0.2,63.8,0.0,0.0,0.0,58.5,0.2,3.2,137.0,0.5,83.8,518.7,0.067,12.2,True,True,True,False,True,True,True,0.3724137931034483,13.448275862068966,0.0,0.2793103448275862
garden cress cooked,31,0.8,0.001,0.3,0.3,5.1,4.2,Fruits & Produce,2.6,0.9,0.3,0.0,124.9,0.0,0.029,0.035,0.0,0.2,1.1,0.2,0.2,31.1,0.0,0.7,0.5,82.4,0.2,1.1,35.1,0.5,64.8,476.6,0.039,0.2,124.0,True,True,True,False,True,True,True,0.33548387096774196,2.903225806451613,0.5419354838709678,0.23225806451612904
onion powder,8,0.024,0.068,0.036,0.077,1.9,0.2,Fruits & Produce,0.2,0.4,0.048,0.0,0.1,0.0,0.079,0.045,0.0,0.061,0.039,0.012,0.098,0.6,0.0,0.068,0.021,9.2,0.092,0.052,2.7,0.008,7.7,23.6,0.011,0.076,12.389,True,True,True,False,False,True,True,0.1,5.0,0.1,0.027
dandelion greens raw,25,0.4,0.012,0.041,0.2,5.1,0.4,Fruits & Produce,1.5,1.9,0.043,0.0,47.1,0.0,0.1,0.059,0.0,0.1,0.4,0.095,0.1,19.3,0.0,1.9,0.4,102.9,0.007,1.7,19.8,0.2,36.3,218.4,0.086,0.2,132.8,True,True,True,False,True,True,True,0.24,7.6,0.064,0.14400000000000002
yokan,36,0.022,0.064,0.072,0.003,8.5,0.0,Fruits & Produce,0.5,0.0,0.05,0.0,5.0,0.0,0.0,0.069,0.03,0.0,0.096,0.048,0.066,0.025,0.0,0.0,0.0,0.0,3.8,0.048,0.2,2.5,0.089,5.6,6.3,0.025,9.059,True,True,True,False,False,False,False,0.05555555555555555,0.0,0.0,0.0055
fava beans cooked,187,0.7,0.1,0.1,0.3,33.4,3.1,Fruits & Produce,12.9,9.2,0.081,0.0,121.6,0.0,0.0,0.2,0.2,0.0,0.2,1.2,0.3,0.1,0.5,0.0,0.046,0.067,61.2,0.4,2.6,73.1,0.7,212.5,455.6,0.058,56.778,True,True,True,False,True,False,True,0.27593582887700535,4.919786096256684,0.06631016042780749,0.033689839572192515
french beans raw,631,3.7,0.4,0.3,2.2,118.0,0.0,Fruits & Produce,34.6,46.4,0.069,0.0,19.8,0.0,1.0,0.7,0.0,0.4,3.8,1.5,0.7,8.5,0.0,0.0,0.0,342.2,0.8,6.3,345.9,2.2,559.4,2421.4,0.049,3.5,559.7,True,True,True,False,True,False,True,0.21933438985736928,7.353407290015848,0.0,0.05277337559429478
chickpeas canned,352,7.0,0.5,1.2,2.4,57.0,0.0,Fruits & Produce,17.8,0.0,0.6,0.0,168.8,0.0,0.006,0.1,0.0,0.0,0.4,0.0,0.0,0.3,0.0,0.0,0.0,113.9,0.6,2.7,65.8,2.1,215.1,318.8,0.0,1.6,198.7,True,True,True,False,True,False,False,0.20227272727272727,0.0,0.0,0.17897727272727273
yellow beans cooked,255,1.9,0.5,0.2,0.8,44.7,0.0,Fruits & Produce,16.2,18.4,0.086,0.0,111.5,0.0,0.0,0.3,0.1,0.0,0.2,1.3,0.4,0.2,3.2,0.0,0.0,0.0,109.7,0.3,4.4,131.0,0.8,323.9,575.3,0.068,81.7,True,True,True,False,True,False,True,0.2541176470588235,7.215686274509803,0.0,0.06705882352941175
mung beans cooked,212,0.8,0.2,0.1,0.3,38.7,4.0,Fruits & Produce,14.2,15.4,0.083,0.0,146.8,0.0,0.0,0.3,0.3,0.0,0.1,1.2,0.8,0.1,2.0,0.0,0.3,0.005,54.5,0.3,2.8,97.0,0.6,200.0,537.3,0.099,69.586,True,True,True,False,True,False,True,0.2679245283018868,7.264150943396227,0.07547169811320754,0.033962264150943396
white beans canned,299,0.8,0.2,0.073,0.3,55.5,0.8,Fruits & Produce,19.0,12.6,0.079,0.0,183.7,0.0,0.3,0.2,0.0,0.026,0.3,0.5,0.2,0.0,0.0,2.1,0.052,191.3,0.6,7.8,133.6,1.3,238.4,1189.5,0.022,2.9,287.0,True,True,True,False,True,False,True,0.25418060200668896,4.214046822742475,0.010702341137123747,0.024080267558528427
pink beans cooked,252,0.8,0.2,0.045,0.4,47.2,0.6,Fruits & Produce,15.3,9.0,0.075,0.0,103.4,0.0,0.0,0.4,0.3,0.0,0.1,1.0,0.5,0.3,0.0,0.0,1.7,0.083,87.9,0.5,3.9,109.9,0.9,278.9,858.5,0.03,73.103,True,True,True,False,True,False,True,0.24285714285714285,3.5714285714285716,0.009523809523809523,0.02857142857142857
pink beans raw,720,2.4,0.6,0.2,1.0,134.8,4.5,Fruits & Produce,44.0,26.7,0.057,0.0,21.1,0.0,1.6,1.0,0.0,0.4,4.0,2.1,1.1,0.0,0.0,0.4,0.007,273.0,1.7,14.2,382.2,2.9,871.5,3074.4,0.077,5.4,495.1,True,True,True,False,True,False,True,0.24444444444444444,3.7083333333333335,0.025,0.029999999999999995
navy beans raw,701,3.1,0.4,0.5,2.9,126.4,8.1,Fruits & Produce,46.4,50.8,0.059,0.0,25.2,0.0,1.6,0.8,0.0,0.3,4.6,1.5,0.9,0.0,0.0,0.08,0.018,305.8,1.7,11.4,364.0,2.9,846.6,2464.8,0.028,7.6,543.9,True,True,True,False,True,False,True,0.2647646219686163,7.24679029957204,0.04621968616262482,0.03980028530670471
snap beans cooked,44,0.4,0.005,0.02,0.2,9.9,1.9,Fruits & Produce,2.4,4.0,0.086,0.0,111.5,0.0,0.0,0.053,0.076,0.0,0.1,0.8,0.021,0.061,12.1,0.0,0.6,0.053,55.0,0.015,0.8,22.5,0.4,36.3,182.5,0.02,16.848,True,True,True,False,False,False,True,0.21818181818181817,9.090909090909092,0.17272727272727273,0.08181818181818182
black eyed cowpeas raw,131,0.5,0.1,0.003,0.2,27.3,4.4,Fruits & Produce,4.3,7.3,0.048,0.0,111.9,0.0,0.2,0.2,0.0,0.2,2.1,0.2,0.086,3.6,0.0,0.0,0.0,182.7,0.2,1.6,74.0,0.8,76.9,625.0,0.099,1.5,227.3,True,True,True,False,False,False,True,0.13129770992366413,5.572519083969466,0.13435114503816795,0.03435114503816794
edamame cooked,189,8.1,1.0,2.0,3.3,13.8,3.4,Fruits & Produce,18.5,8.1,0.034,0.0,112.8,0.053,0.0,0.3,0.5,0.0,0.2,1.4,0.6,0.2,9.5,0.0,1.1,0.041,97.7,0.5,3.5,99.2,1.6,262.0,675.8,0.0,49.248,True,True,True,False,True,False,True,0.3915343915343915,4.285714285714286,0.07195767195767196,0.3857142857142857
black eyed cowpeas cooked,160,0.6,0.2,0.1,0.3,33.5,5.3,Fruits & Produce,5.2,8.3,0.036,0.0,124.5,0.0,0.0,0.2,0.2,0.0,0.2,2.3,0.3,0.1,3.6,0.0,0.4,0.0,211.2,0.2,1.8,85.8,0.9,84.2,689.7,0.033,47.9,True,True,True,False,False,False,True,0.13,5.187500000000001,0.1325,0.033749999999999995
hyacinth beans cooked,227,1.1,0.2,0.076,0.5,40.2,0.0,Fruits & Produce,15.8,0.0,0.0,0.0,0.003,134.1,0.0,0.5,0.023,0.0,0.001,0.8,0.6,0.014,0.0,0.0,0.0,0.0,77.6,0.7,8.9,159.1,0.9,232.8,653.8,0.021,191.981,True,True,True,False,True,False,False,0.2784140969162996,0.0,0.0,0.04361233480176212
cowpeas canned,185,1.3,0.3,0.1,0.6,32.7,0.0,Fruits & Produce,11.4,7.9,0.7,0.0,191.1,0.0,0.2,0.1,0.0,0.2,0.8,0.5,0.1,6.5,0.0,0.0,0.0,48.0,0.3,2.3,67.2,0.7,168.0,412.8,0.061,1.7,110.1,True,True,True,False,True,False,True,0.2464864864864865,4.27027027027027,0.0,0.06324324324324325
pinto beans cooked,245,1.1,0.2,0.2,0.3,44.8,0.6,Fruits & Produce,15.4,15.4,0.085,0.0,107.6,0.0,0.0,0.3,0.3,0.0,0.1,0.5,0.4,0.4,1.4,0.0,1.6,0.097,78.7,0.4,3.6,85.5,0.8,251.4,745.6,0.064,77.502,True,True,True,False,True,False,True,0.25142857142857145,6.285714285714286,0.009795918367346938,0.04040816326530612
winged beans cooked,253,10.0,1.4,3.7,2.7,25.7,0.0,Fruits & Produce,18.3,0.0,0.4,0.0,115.6,0.0,0.5,0.004,0.0,0.2,1.4,0.3,0.07,0.0,0.0,0.0,0.0,244.2,1.3,7.4,92.9,2.1,263.2,481.6,0.019,2.5,305.6,True,True,True,False,True,False,False,0.2893280632411067,0.0,0.0,0.3557312252964427
pinto beans raw,670,2.4,0.5,0.4,0.8,120.7,4.1,Fruits & Produce,41.3,29.9,0.036,0.0,21.9,0.0,1.4,1.0,0.0,0.4,2.3,1.5,0.9,12.2,0.0,0.4,0.062,218.1,1.7,9.8,339.7,2.2,793.2,2688.5,0.036,4.4,434.4,True,True,True,False,True,False,True,0.24656716417910446,4.462686567164179,0.024477611940298506,0.03223880597014925
black turtle beans raw,624,1.7,0.4,0.1,0.7,116.4,3.9,Fruits & Produce,39.1,28.5,0.041,0.0,20.2,0.0,1.7,0.8,0.0,0.4,3.6,1.7,0.5,0.0,0.0,0.4,0.032,294.4,1.8,16.0,294.4,1.8,809.6,2760.0,0.005,4.0,496.1,True,True,True,False,True,False,True,0.25064102564102564,4.5673076923076925,0.024999999999999998,0.02451923076923077
fava beans raw,512,2.3,0.4,0.5,0.9,87.4,8.6,Fruits & Produce,39.2,37.5,0.1,0.0,16.5,0.0,0.8,0.6,0.0,0.5,4.2,1.5,0.5,2.1,0.0,0.057,0.073,154.5,1.2,10.1,288.0,2.4,631.5,1593.0,0.016,4.7,333.1,True,True,True,False,True,False,True,0.30625,7.32421875,0.0671875,0.0404296875
lima beans canned,190,0.4,0.095,0.087,0.2,35.9,0.0,Fruits & Produce,11.9,11.6,0.8,0.0,185.8,0.0,0.1,0.1,0.0,0.028,0.6,0.6,0.2,0.0,0.0,0.0,0.0,50.6,0.4,4.4,94.0,0.9,178.3,530.2,0.025,1.6,114.8,True,True,True,False,True,False,True,0.2505263157894737,6.105263157894737,0.0,0.018947368421052633
hyacinth beans raw,722,3.5,0.6,0.2,1.5,127.6,0.0,Fruits & Produce,50.2,53.8,0.073,0.0,19.7,0.0,2.4,0.008,0.0,0.3,3.4,2.6,0.3,0.0,0.0,0.0,0.0,273.0,2.8,10.7,594.3,3.3,781.2,2593.5,0.062,19.5,518.8,True,True,True,False,True,False,True,0.27811634349030473,7.4515235457063715,0.0,0.04362880886426593
white beans raw,673,1.7,0.4,0.1,0.7,121.7,4.3,Fruits & Produce,47.2,30.7,0.051,0.0,22.9,0.0,0.9,0.8,0.0,0.3,1.0,1.5,0.6,0.0,0.0,0.4,0.03,484.8,2.0,21.1,383.8,3.6,608.0,3625.9,0.097,7.4,707.2,True,True,True,False,True,False,True,0.28053491827637445,4.561664190193165,0.025557206537890044,0.022734026745913818
snap beans canned,66,0.4,0.1,0.027,0.2,15.4,0.0,Fruits & Produce,3.5,6.6,0.09,0.0,415.6,0.0,0.1,0.036,0.0,0.2,0.9,0.5,0.1,14.9,0.0,0.6,0.0,105.4,0.3,4.0,57.1,1.5,83.4,403.9,0.057,0.9,150.2,True,True,True,False,False,False,True,0.21212121212121213,10.0,0.0,0.05454545454545455
navy beans canned,296,1.1,0.3,0.073,0.5,53.6,0.7,Fruits & Produce,19.7,13.4,1.2,0.0,184.6,0.0,0.4,0.2,0.0,0.1,1.3,0.5,0.3,1.8,0.0,2.0,0.022,123.1,0.5,4.8,123.1,1.0,351.1,754.6,0.003,2.0,217.5,True,True,True,False,True,False,True,0.2662162162162162,4.527027027027027,0.009459459459459458,0.033445945945945944
mung beans raw,718,2.4,0.7,0.3,0.8,129.6,13.7,Fruits & Produce,49.4,33.7,0.085,0.0,18.7,0.0,1.3,1.3,0.0,0.5,4.7,4.0,0.8,9.9,0.0,1.1,0.009,273.2,1.9,14.0,391.2,2.1,759.7,2579.2,0.001,5.5,512.2,True,True,True,False,True,False,True,0.27520891364902506,4.693593314763232,0.07632311977715878,0.030083565459610023
adzuki beans raw,648,1.0,0.4,0.034,0.2,123.9,0.0,Fruits & Produce,39.1,25.0,0.06,0.0,26.5,0.0,0.9,1.2,0.0,0.4,5.2,2.9,0.7,0.0,0.0,0.0,0.0,130.0,2.2,9.8,250.2,3.4,750.6,2470.4,0.055,9.9,328.8,True,True,True,False,True,False,True,0.24135802469135803,3.8580246913580245,0.0,0.013888888888888888
black turtle beans cooked,241,0.6,0.2,0.002,0.3,45.0,0.6,Fruits & Produce,15.1,15.4,0.06,0.0,121.6,0.0,0.0,0.4,0.2,0.0,0.1,1.0,0.5,0.1,0.0,0.0,1.6,0.004,101.8,0.5,5.3,90.7,0.6,281.2,801.1,0.058,76.721,True,True,True,False,True,False,True,0.25062240663900415,6.390041493775934,0.00995850622406639,0.022406639004149374
pink lentils raw,662,4.2,0.7,1.0,2.2,113.6,0.0,Fruits & Produce,47.9,20.7,0.092,0.0,22.6,0.0,1.0,0.4,0.0,0.2,2.9,0.7,0.8,3.3,0.0,0.0,0.0,78.7,2.5,14.5,138.2,2.7,564.5,1109.8,0.03,7.5,282.9,True,True,True,False,True,False,True,0.28942598187311175,3.1268882175226587,0.0,0.05709969788519638
yellow beans raw,676,5.1,1.3,0.4,2.2,119.0,0.0,Fruits & Produce,43.1,49.2,0.046,0.0,21.8,0.0,1.4,0.8,0.0,0.6,4.8,1.4,0.9,0.0,0.0,0.0,0.0,325.4,1.3,13.7,435.1,2.5,956.5,2042.3,0.074,5.5,555.5,True,True,True,False,True,False,True,0.25502958579881657,7.27810650887574,0.0,0.06789940828402366
white beans cooked,249,0.6,0.2,0.044,0.3,44.9,0.6,Fruits & Produce,17.4,11.3,0.045,0.0,112.9,0.0,0.0,0.2,0.1,0.0,0.05,0.3,0.4,0.2,0.0,0.0,1.7,0.029,161.1,0.5,6.6,112.8,1.1,202.3,1004.2,0.045,74.959,True,True,True,False,True,False,True,0.2795180722891566,4.538152610441767,0.009638554216867469,0.021686746987951804
lentils raw,678,2.0,0.3,0.4,1.0,115.4,3.9,Fruits & Produce,49.5,58.6,0.039,0.0,20.0,0.0,1.7,0.9,0.0,0.4,5.0,4.1,1.0,8.4,0.0,0.9,0.083,107.5,1.0,14.5,234.2,2.6,865.9,1833.6,0.048,9.2,355.9,True,True,True,False,True,False,True,0.2920353982300885,8.64306784660767,0.023008849557522124,0.02654867256637168
cranberry beans cooked,241,0.8,0.2,0.088,0.4,43.3,0.0,Fruits & Produce,16.5,17.7,0.4,0.0,114.4,0.0,0.0,0.4,0.4,0.0,0.1,0.9,0.4,0.1,0.0,0.0,0.0,0.0,88.5,0.4,3.7,88.5,0.7,239.0,685.0,0.09,78.8,True,True,True,False,True,False,True,0.27385892116182575,7.344398340248962,0.0,0.02987551867219917
chickpeas raw,728,12.1,1.3,2.7,5.4,121.3,21.4,Fruits & Produce,38.6,34.8,0.005,0.0,23.1,0.0,1.0,1.1,0.0,0.4,3.1,3.2,1.1,8.0,0.0,1.6,0.004,210.0,1.7,12.5,230.0,4.4,732.0,1750.0,0.095,6.9,437.3,True,True,True,False,True,False,True,0.21208791208791208,4.780219780219779,0.11758241758241758,0.14958791208791208
lentils cooked,230,0.8,0.1,0.1,0.3,39.9,3.6,Fruits & Produce,17.9,15.6,0.016,0.0,137.9,0.0,0.0,0.3,0.4,0.0,0.1,2.1,1.3,0.4,3.0,0.0,0.2,0.077,37.6,0.5,6.6,71.3,1.0,356.4,730.6,0.01,75.118,True,True,True,False,True,False,True,0.31130434782608696,6.782608695652174,0.06260869565217392,0.03130434782608696
baked beans canned,239,0.9,0.2,0.2,0.3,53.7,20.2,Fruits & Produce,12.1,10.4,0.9,0.0,182.9,0.0,0.2,0.036,0.0,0.078,1.1,0.5,0.2,0.0,0.0,0.4,0.019,86.4,0.4,3.0,68.6,0.3,188.0,569.0,0.082,5.8,166.5,True,True,True,False,True,False,True,0.20251046025104602,4.351464435146443,0.33807531380753136,0.033891213389121336
cranberry beans canned,216,0.7,0.2,0.083,0.3,39.3,0.0,Fruits & Produce,14.4,16.4,0.9,0.0,201.7,0.0,0.1,0.2,0.0,0.1,1.3,0.4,0.1,2.1,0.0,0.0,0.0,88.4,0.4,4.0,83.2,0.5,223.6,676.0,0.079,2.2,165.3,True,True,True,False,True,False,True,0.26666666666666666,7.592592592592592,0.0,0.029166666666666667
black beans cooked,227,0.9,0.2,0.02,0.4,40.8,0.0,Fruits & Produce,15.2,15.0,0.008,0.0,113.1,0.0,0.4,0.3,0.0,0.1,0.9,0.4,0.1,0.0,0.0,1.5,0.081,46.4,0.4,3.6,120.4,0.8,240.8,610.6,0.004,1.9,121.9,True,True,True,False,True,False,True,0.26784140969162995,6.607929515418502,0.0,0.03568281938325991
lima beans cooked,216,0.7,0.2,0.022,0.3,39.3,5.5,Fruits & Produce,14.7,13.2,0.012,0.0,131.2,0.0,0.0,0.3,0.2,0.0,0.1,0.8,0.8,0.3,0.0,0.0,0.3,0.052,32.0,0.4,4.5,80.8,1.0,208.7,955.0,0.027,68.6,True,True,True,False,True,False,True,0.2722222222222222,6.111111111111111,0.10185185185185185,0.029166666666666667
mungo beans raw,706,3.4,0.2,0.2,2.2,122.1,0.0,Fruits & Produce,52.2,37.9,0.004,0.0,22.4,0.0,0.6,0.4,0.0,0.5,3.0,1.9,0.6,0.0,0.0,0.0,0.0,285.7,2.0,15.7,552.7,3.2,784.5,2034.8,0.015,6.9,517.0,True,True,True,False,True,False,True,0.2957507082152975,5.368271954674221,0.0,0.043342776203966
pigeon peas raw,703,3.1,0.7,0.065,1.7,128.7,0.0,Fruits & Produce,44.5,30.8,0.04,0.0,21.7,0.0,1.3,0.9,0.0,0.4,6.1,2.6,0.6,0.0,0.0,0.0,0.0,266.5,2.2,10.7,375.2,3.7,752.4,2853.6,0.022,5.7,484.3,True,True,True,False,True,False,True,0.2532005689900427,4.38122332859175,0.0,0.03968705547652916
fava beans canned,182,0.6,0.092,0.1,0.2,31.8,0.0,Fruits & Produce,14.0,9.5,1.2,0.0,205.6,0.0,0.016,0.05,0.0,0.1,2.5,0.3,0.1,4.6,0.0,0.0,0.0,66.6,0.3,2.6,81.9,0.7,202.2,619.5,0.029,1.6,129.7,True,True,True,False,True,False,True,0.3076923076923077,5.21978021978022,0.0,0.02967032967032967
yellow snap beans raw,31,0.1,0.097,0.094,0.013,7.1,0.0,Fruits & Produce,1.8,3.4,0.085,0.0,90.3,0.0,0.005,0.002,0.0,0.1,0.8,0.074,0.05,16.3,0.0,0.0,0.0,37.0,0.077,1.0,25.0,0.2,38.0,209.0,0.067,0.2,66.7,True,True,True,False,True,False,True,0.23225806451612904,10.96774193548387,0.0,0.02903225806451613
snap beans raw,31,0.2,0.051,0.016,0.1,7.0,3.3,Fruits & Produce,1.8,2.7,0.025,0.0,90.3,0.0,0.02,0.061,0.0,0.1,0.7,0.2,0.1,12.2,0.0,0.4,0.066,37.0,0.093,1.0,25.0,0.2,38.0,211.0,0.003,0.2,61.9,True,True,True,False,True,False,True,0.23225806451612904,8.709677419354838,0.4258064516129032,0.05806451612903226
yellow snap beans canned,36,0.2,0.076,0.064,0.1,8.4,0.0,Fruits & Produce,1.9,3.6,0.6,0.0,227.2,0.0,0.097,0.071,0.0,0.1,0.5,0.3,0.087,8.2,0.0,0.0,0.0,57.6,0.2,2.2,31.2,0.8,45.6,235.2,0.056,0.5,82.1,True,True,True,False,False,False,True,0.2111111111111111,10.0,0.0,0.05
pigeon peas cooked,203,0.6,0.1,0.05,0.3,39.1,0.0,Fruits & Produce,11.4,11.3,0.036,0.0,115.2,0.0,0.2,0.2,0.0,0.02,1.3,0.5,0.081,0.0,0.0,0.0,0.0,72.2,0.5,1.9,77.3,0.8,199.9,645.1,0.01,1.5,136.5,True,True,True,False,True,False,True,0.2246305418719212,5.566502463054187,0.0,0.026600985221674874
catjang cowpeas raw,573,3.5,0.9,0.3,1.5,99.6,0.0,Fruits & Produce,39.8,17.9,0.07,0.0,18.5,0.0,1.1,1.1,0.0,0.3,4.7,2.5,0.6,2.5,0.0,0.0,0.0,142.0,1.8,16.6,556.1,2.6,731.5,2296.3,0.002,10.2,321.9,True,True,True,False,True,False,True,0.2778359511343804,3.1239092495636993,0.0,0.0549738219895288
navy beans cooked,255,1.1,0.2,0.3,0.9,47.4,0.7,Fruits & Produce,15.0,19.1,0.4,0.0,116.1,0.0,0.4,0.3,0.0,0.1,1.2,0.5,0.3,0.0,0.0,0.08,0.002,125.6,0.4,4.3,96.5,1.0,262.1,708.0,0.012,1.9,212.5,True,True,True,False,True,False,True,0.23529411764705882,7.4901960784313735,0.010980392156862744,0.03882352941176471
mothbeans raw,672,3.2,0.7,0.3,1.5,120.6,0.0,Fruits & Produce,45.0,0.0,0.001,0.0,19.0,0.0,1.1,1.3,0.0,0.2,5.5,3.0,0.7,7.8,0.0,0.0,0.0,294.0,1.3,21.3,746.8,3.6,958.4,2334.4,0.095,3.8,491.9,True,True,True,False,True,False,False,0.26785714285714285,0.0,0.0,0.04285714285714286
cowpeas cooked,81,0.4,0.037,0.039,0.2,14.5,2.3,Fruits & Produce,5.4,4.6,0.037,0.0,49.0,0.0,0.0,0.1,0.1,0.0,0.015,0.3,0.3,0.025,0.3,0.0,0.2,0.033,16.8,0.2,1.8,37.1,0.3,109.2,194.6,0.012,25.166,True,True,True,False,True,False,True,0.26666666666666666,5.679012345679012,0.11358024691358024,0.044444444444444446
mothbeans cooked,207,1.0,0.2,0.062,0.5,37.1,0.0,Fruits & Produce,13.8,0.0,0.086,0.0,122.5,0.0,0.2,0.3,0.0,0.088,1.2,0.7,0.2,1.8,0.0,0.0,0.0,5.3,0.3,5.6,184.1,0.9,265.5,538.1,0.034,1.0,64.6,True,True,True,False,True,False,False,0.26666666666666666,0.0,0.0,0.043478260869565216
french beans cooked,228,1.3,0.1,0.046,0.8,42.5,0.0,Fruits & Produce,12.5,16.6,0.003,0.0,117.8,0.0,0.0,0.2,0.1,0.0,0.1,1.0,0.4,0.2,2.1,0.0,0.0,0.0,111.5,0.2,1.9,99.1,0.7,180.5,654.9,0.041,73.3,True,True,True,False,True,False,True,0.21929824561403508,7.280701754385966,0.0,0.05131578947368422
lima beans raw,602,1.2,0.3,0.1,0.6,112.8,15.1,Fruits & Produce,38.2,33.8,0.078,0.0,18.1,0.0,0.9,0.7,0.0,0.4,2.7,2.4,0.9,0.0,0.0,1.3,0.058,144.2,1.3,13.4,398.7,3.0,685.3,3068.7,0.087,5.0,343.6,True,True,True,False,True,False,True,0.2538205980066445,5.614617940199334,0.10033222591362126,0.01794019933554817
winged beans raw,744,29.7,4.2,10.9,7.9,75.9,0.0,Fruits & Produce,54.0,47.1,0.09,0.0,15.2,0.0,1.9,0.084,0.0,0.8,5.6,1.4,0.3,0.0,0.0,0.0,0.0,800.8,5.2,24.5,325.8,6.8,820.8,1778.1,0.058,8.2,1032.0,True,True,True,False,True,False,True,0.2903225806451613,6.330645161290323,0.0,0.35927419354838713
adzuki beans cooked,294,0.2,0.067,0.021,0.024,57.0,0.0,Fruits & Produce,17.3,16.8,0.079,0.0,152.5,0.0,0.0,0.3,0.3,0.0,0.1,1.6,1.0,0.2,0.0,0.0,0.0,0.0,64.4,0.7,4.6,119.6,1.3,386.4,1223.6,0.022,92.2,True,True,True,False,True,False,True,0.23537414965986395,5.714285714285714,0.0,0.006122448979591837
black beans raw,662,2.8,0.7,0.2,1.2,121.0,4.1,Fruits & Produce,41.9,30.1,0.065,0.0,21.4,0.0,1.7,0.9,0.0,0.4,3.8,1.7,0.6,0.0,0.0,0.4,0.026,238.6,1.6,9.7,331.7,2.1,682.9,2877.0,0.057,7.1,444.1,True,True,True,False,True,False,True,0.25317220543806646,4.546827794561934,0.024773413897280966,0.038066465256797584
catjang cowpeas cooked,200,1.2,0.3,0.1,0.5,34.7,0.0,Fruits & Produce,13.9,6.2,0.021,0.0,119.2,0.0,0.0,0.3,0.2,0.0,0.055,1.2,0.7,0.2,0.7,0.0,0.0,0.0,44.5,0.5,5.2,164.2,0.8,242.8,641.3,0.045,56.7,True,True,True,False,True,False,True,0.278,3.1,0.0,0.05399999999999999
baby lima beans cooked,189,0.5,0.1,0.06,0.3,35.0,2.5,Fruits & Produce,12.0,10.8,0.064,0.0,130.2,0.0,0.0,0.1,0.003,0.0,0.097,1.4,0.3,0.2,10.4,0.0,1.2,0.06,50.4,0.4,3.5,100.8,1.5,201.6,739.8,0.079,58.952,True,True,True,False,True,False,True,0.25396825396825395,5.714285714285714,0.05291005291005291,0.023809523809523808
cowpeas raw,41,0.3,0.082,0.074,0.1,8.9,4.7,Fruits & Produce,3.1,3.1,0.026,0.0,80.8,0.0,0.1,0.087,0.0,0.1,1.1,0.9,0.2,31.0,0.0,0.5,0.025,61.1,0.038,0.9,54.5,0.3,61.1,202.1,0.066,0.3,108.4,True,True,True,False,True,False,True,0.3024390243902439,7.560975609756097,0.4585365853658537,0.06585365853658535
shellie beans canned,74,0.5,0.034,0.07,0.3,15.2,1.5,Fruits & Produce,4.3,8.3,0.8,0.0,222.2,0.0,0.0,0.06,0.008,0.0,0.1,0.5,0.3,0.1,7.6,0.0,0.048,0.051,71.1,0.2,2.4,36.8,0.9,73.5,267.1,0.094,28.668,True,True,True,False,True,False,True,0.23243243243243242,11.216216216216218,0.08108108108108109,0.060810810810810814
yardlong beans raw,579,2.2,0.6,0.2,0.9,103.4,0.0,Fruits & Produce,40.6,18.4,0.057,0.0,14.1,0.0,1.5,1.1,0.0,0.4,3.6,2.6,0.6,2.7,0.0,0.0,0.0,230.5,1.5,14.4,564.5,2.7,933.5,1932.2,0.054,5.8,412.2,True,True,True,False,True,False,True,0.2804835924006909,3.177892918825561,0.0,0.03419689119170984
pinto beans canned,197,1.3,0.3,0.3,0.5,36.4,2.4,Fruits & Produce,11.0,11.0,0.6,0.0,187.7,0.0,0.1,0.03,0.0,0.063,0.6,0.3,0.2,1.7,0.0,1.4,0.09,112.8,0.4,3.5,79.2,0.8,220.8,662.4,0.0,1.3,177.7,True,True,True,False,True,False,True,0.2233502538071066,5.583756345177665,0.048730964467005075,0.059390862944162445
chickpeas cooked,269,4.2,0.4,1.0,1.9,45.0,7.9,Fruits & Produce,14.5,12.5,0.08,0.0,98.7,0.0,0.2,0.3,0.0,0.1,0.9,0.5,0.2,2.1,0.0,0.6,0.024,80.4,0.6,4.7,78.7,1.7,275.5,477.2,0.031,2.5,163.4,True,True,True,False,True,False,True,0.21561338289962825,4.646840148698884,0.11747211895910781,0.1405204460966543
cranberry beans raw,653,2.4,0.6,0.2,1.0,117.1,0.0,Fruits & Produce,44.9,48.2,0.014,0.0,24.2,0.0,1.5,1.2,0.0,0.4,2.8,1.5,0.6,0.0,0.0,0.0,0.0,247.7,1.5,9.8,304.2,1.8,725.4,2597.4,0.041,7.1,470.1,True,True,True,False,True,False,True,0.2750382848392037,7.3813169984686064,0.0,0.033078101071975494
mungo beans cooked,189,1.0,0.065,0.001,0.6,33.0,3.6,Fruits & Produce,13.6,11.5,0.083,0.0,130.5,0.0,0.3,0.2,0.0,0.1,2.7,0.8,0.1,1.8,0.0,0.3,0.092,95.4,0.3,3.2,113.4,0.7,280.8,415.8,0.042,1.5,159.5,True,True,True,False,True,False,True,0.2878306878306878,6.084656084656085,0.0761904761904762,0.047619047619047616
tamarinds,5,0.013,0.023,0.038,0.036,1.3,0.8,Fruits & Produce,0.057,0.1,0.007,0.0,0.6,0.0,0.0,0.084,0.062,0.0,0.012,0.04,0.078,0.058,0.09,0.0,0.053,0.03,1.5,0.032,0.005,1.8,0.0,2.3,12.6,0.009,1.708,True,True,True,False,False,True,True,0.0456,2.0,0.64,0.023399999999999997
yellow snap beans cooked,44,0.4,0.037,0.065,0.2,9.9,4.5,Fruits & Produce,2.4,4.1,0.096,0.0,111.5,0.0,0.0,0.094,0.063,0.0,0.1,0.8,0.083,0.062,12.1,0.0,0.6,0.025,57.5,0.1,1.6,31.3,0.4,48.8,373.8,0.037,17.003,True,True,True,False,False,False,True,0.21818181818181817,9.318181818181817,0.4090909090909091,0.08181818181818182
yardlong beans cooked,202,0.8,0.2,0.027,0.3,36.1,0.0,Fruits & Produce,14.2,6.5,0.059,0.0,117.6,0.0,0.0,0.4,0.2,0.0,0.1,0.9,0.7,0.2,0.7,0.0,0.0,0.0,71.8,0.4,4.5,167.6,0.8,309.5,538.7,0.012,58.2,True,True,True,False,True,False,True,0.28118811881188116,3.217821782178218,0.0,0.03564356435643565
bacon beef steak,146,12.5,4.5,6.2,1.2,0.2,0.2,Fruits & Produce,8.2,0.0,0.4,28.9,6.1,0.0,0.2,0.077,0.054,0.09,1.4,0.3,0.1,0.0,0.0,0.0,0.091,4.0,0.039,0.5,4.8,0.064,40.2,109.0,0.02,0.9,25.4,False,False,False,True,True,True,False,0.22465753424657534,0.0,0.005479452054794521,0.7705479452054794
lamb foreshank raw,912,60.7,26.4,24.9,4.8,0.0,0.0,Fruits & Produce,85.8,0.0,0.3,326.6,304.0,0.0,0.5,0.014,0.013,0.9,24.8,3.1,0.7,0.0,0.0,1.1,0.0,49.9,0.5,7.6,99.8,0.072,771.1,970.7,0.095,23.7,204.0,False,False,False,True,True,True,False,0.3763157894736842,0.0,0.0,0.599013157894737
bacon,106,10.2,0.0,0.0,0.0,0.2,0.2,Fruits & Produce,3.3,0.0,0.1,0.0,11.7,0.0,0.0,0.0,0.069,0.0,0.0,0.0,0.0,0.0,0.0,0.1,0.0,1.0,0.08,0.1,3.1,0.077,46.8,131.6,0.0,0.3,14.8,False,False,False,True,False,True,False,0.12452830188679245,0.0,0.007547169811320755,0.8660377358490565
lamb rib cooked,915,76.0,32.6,31.9,5.5,0.0,0.0,Fruits & Produce,53.9,0.0,0.2,247.4,122.1,0.0,0.2,0.084,0.082,0.5,17.2,1.6,0.3,0.0,0.0,0.3,0.0,56.1,0.3,4.1,51.0,0.001,423.3,691.1,0.065,8.9,190.1,False,False,False,True,True,True,False,0.23562841530054643,0.0,0.0,0.7475409836065574
lamb shank raw,912,61.2,26.3,25.1,4.9,0.0,0.0,Fruits & Produce,84.3,0.0,0.3,303.9,304.7,0.0,0.6,0.033,0.002,1.0,28.2,3.1,0.7,0.0,0.0,1.0,0.0,36.3,0.5,7.8,108.9,0.056,807.4,1183.9,0.068,15.9,189.6,False,False,False,True,True,True,False,0.36973684210526314,0.0,0.0,0.6039473684210527
scrapple,60,3.9,1.3,1.7,0.5,4.0,0.063,Fruits & Produce,2.3,0.052,0.1,13.9,17.7,0.2,0.091,0.032,0.011,0.049,0.6,0.0,0.03,0.7,0.075,0.039,0.057,2.0,0.024,0.5,3.7,0.0,21.5,44.7,0.017,0.3,13.63,False,True,True,False,False,True,False,0.15333333333333332,0.08666666666666667,0.0042,0.5850000000000001
chicken nuggets,61,4.1,0.7,1.5,1.3,3.0,0.039,Fruits & Produce,3.2,0.2,0.1,8.6,9.3,0.015,0.011,0.041,0.064,0.049,0.054,1.2,0.2,0.095,0.1,0.01,0.2,0.058,2.2,0.091,0.2,4.8,0.023,54.4,50.2,0.009,10.792,False,False,False,True,False,True,False,0.2098360655737705,0.32786885245901637,0.0025573770491803278,0.6049180327868853
ground lamb cooked,886,61.5,25.4,26.0,4.4,0.0,0.0,Fruits & Produce,77.5,0.0,0.3,303.6,172.4,0.0,0.3,0.062,0.064,0.8,21.0,2.1,0.4,0.0,0.079,0.4,0.003,68.9,0.4,5.6,75.1,0.071,629.1,1061.1,0.024,14.6,213.5,False,False,False,True,True,True,False,0.34988713318284426,0.0,0.0,0.6247178329571106
lamb meat cooked,678,45.0,18.6,19.1,3.2,0.0,0.0,Fruits & Produce,63.8,0.0,0.2,240.0,139.6,0.0,0.3,0.013,0.068,0.7,16.4,1.7,0.4,0.0,0.0,0.0,0.0,40.0,0.3,4.8,60.0,0.07,482.5,795.0,0.026,11.9,153.6,False,False,False,True,True,True,False,0.3764011799410029,0.0,0.0,0.5973451327433629
meat extender,275,2.6,0.4,0.6,1.5,33.7,0.0,Fruits & Produce,33.5,15.4,0.041,0.0,6.6,0.0,0.6,0.2,0.065,0.8,19.4,1.3,1.2,0.0,0.0,0.0,0.0,179.5,0.3,10.6,190.1,0.2,562.3,1673.8,0.038,1.9,275.3,False,False,False,True,True,False,True,0.48727272727272725,5.6,0.0,0.08509090909090909
lamb leg raw,1043,77.4,33.7,31.8,6.1,0.0,0.0,Fruits & Produce,81.2,0.0,0.3,313.0,291.8,0.0,0.6,0.055,0.042,1.0,28.4,3.1,0.7,0.0,0.0,1.0,0.0,40.8,0.5,7.5,104.3,0.09,771.1,1129.5,0.025,15.1,206.9,False,False,False,True,True,True,False,0.31140939597315437,0.0,0.0,0.6678811121764142
lamb loin cooked,202,14.8,6.3,6.2,1.1,0.0,0.0,Fruits & Produce,16.1,0.0,0.089,64.0,33.0,0.0,0.034,0.003,0.014,0.2,4.5,0.4,0.013,0.0,0.024,0.087,0.062,12.8,0.068,1.2,15.4,0.09,125.4,209.3,0.039,2.2,44.9,False,False,False,True,True,True,False,0.3188118811881188,0.0,0.0,0.6594059405940594
chicken patty,172,11.7,2.2,5.0,2.9,7.7,0.0,Fruits & Produce,8.9,0.2,0.3,25.8,30.5,0.0,0.067,0.063,0.072,0.042,2.9,0.7,0.1,0.0,0.0,0.8,0.082,11.4,0.056,0.6,14.4,0.2,124.8,156.6,0.014,0.6,40.5,False,False,False,True,False,True,False,0.20697674418604653,0.11627906976744186,0.0,0.6122093023255814
lamb shank roasted,605,33.5,13.7,14.2,2.4,0.0,0.0,Fruits & Produce,71.0,0.0,0.2,242.1,163.2,0.0,0.3,0.085,0.051,0.7,17.6,1.9,0.4,0.0,0.0,0.4,0.0,26.9,0.3,5.3,67.3,0.089,532.6,876.9,0.057,12.5,136.7,False,False,False,True,True,True,False,0.46942148760330576,0.0,0.0,0.4983471074380165
barbecue loaf,40,2.0,0.7,1.0,0.2,1.5,0.0,Fruits & Produce,3.6,0.0,0.3,8.5,14.9,0.0,0.042,0.038,0.039,0.086,0.5,0.4,0.07,0.0,0.099,0.0,0.0,12.7,0.029,0.3,3.9,0.089,30.4,75.7,0.009,0.6,20.1,False,True,True,False,True,True,False,0.36,0.0,0.0,0.45
lamb sirloin cooked,765,54.2,22.9,22.8,3.9,0.0,0.0,Fruits & Produce,64.5,0.0,0.2,254.1,141.8,0.0,0.3,0.086,0.086,0.7,17.3,1.8,0.4,0.0,0.0,0.3,0.0,28.8,0.3,5.2,57.6,0.028,479.5,788.6,0.089,10.8,152.7,False,False,False,True,True,True,False,0.33725490196078434,0.0,0.0,0.6376470588235295
poultry salad,26,1.8,0.4,0.4,0.8,1.0,0.0,Fruits & Produce,1.5,0.0,0.079,3.9,8.6,0.084,0.066,0.093,0.037,0.081,0.2,0.011,0.009,0.1,0.063,0.3,0.0,1.3,0.072,0.097,1.3,0.049,4.3,23.8,0.024,0.1,5.781,False,True,True,False,True,True,False,0.23076923076923078,0.0,0.0,0.6230769230769231
ground lamb raw,80,6.6,2.9,2.7,0.5,0.0,0.0,Fruits & Produce,4.7,0.0,0.05,20.7,16.8,0.0,0.021,0.012,0.01,0.055,1.7,0.2,0.022,0.0,0.028,0.044,0.06,4.5,0.099,0.4,5.9,0.017,44.4,62.8,0.07,1.0,16.2,False,False,False,True,True,True,False,0.23500000000000001,0.0,0.0,0.7424999999999999
lamb loin raw,88,7.5,3.3,3.1,0.6,0.0,0.0,Fruits & Produce,4.6,0.0,0.003,20.9,16.0,0.0,0.088,0.003,0.065,0.061,1.8,0.2,0.074,0.0,0.0,0.042,0.0,4.2,0.049,0.5,5.9,0.027,43.0,60.6,0.023,0.7,16.8,False,False,False,True,False,True,False,0.20909090909090908,0.0,0.0,0.7670454545454546
lamb sirloin raw,1234,100.3,44.1,41.2,7.8,0.0,0.0,Fruits & Produce,76.8,0.0,0.3,326.6,273.5,0.0,0.5,0.027,0.072,1.0,28.8,3.2,0.6,0.0,0.0,1.0,0.0,45.4,0.5,7.3,99.8,0.024,721.2,1047.8,0.056,14.0,229.8,False,False,False,True,True,True,False,0.24894651539708265,0.0,0.0,0.7315235008103728
sausage patty mcdonalds,115,11.2,3.6,4.7,1.4,0.4,0.1,Fruits & Produce,4.3,0.0,0.2,20.9,11.7,0.0,0.008,0.0,0.025,0.01,1.3,0.2,0.077,0.0,0.0,0.0,0.0,6.5,0.017,0.3,4.5,0.038,39.6,75.8,0.0,0.4,22.7,False,False,False,True,False,True,False,0.14956521739130435,0.0,0.0034782608695652175,0.8765217391304347
lamb foreshank cooked,360,19.9,8.3,8.4,1.4,0.0,0.0,Fruits & Produce,42.0,0.0,0.1,156.9,84.1,0.0,0.087,0.026,0.008,0.3,8.1,0.9,0.1,0.0,0.002,0.3,0.091,29.6,0.2,3.2,32.6,0.024,245.7,380.4,0.087,11.4,94.7,False,False,False,True,True,True,False,0.4666666666666667,0.0,0.0,0.4975
ham salad,97,7.0,2.3,3.2,1.2,4.8,0.0,Fruits & Produce,3.9,0.0,0.5,16.7,28.2,0.0,0.2,0.084,0.039,0.006,0.9,0.1,0.047,0.0,0.012,0.8,0.0,3.6,0.065,0.3,4.5,0.083,54.0,67.5,0.059,0.5,19.6,False,False,False,True,False,True,False,0.16082474226804122,0.0,0.0,0.6494845360824743
lamb rib raw,1687,156.0,68.8,64.1,12.2,0.0,0.0,Fruits & Produce,65.9,0.0,0.3,344.7,230.4,0.0,0.5,0.044,0.009,0.9,27.6,2.8,0.5,0.0,0.0,0.8,0.0,68.0,0.4,6.3,81.6,0.015,621.4,861.8,0.019,12.3,296.2,False,False,False,True,True,True,False,0.15625370480142264,0.0,0.0,0.8322465915826912
lamb shoulder raw,1198,97.3,42.1,39.9,7.8,0.0,0.0,Fruits & Produce,75.2,0.0,0.3,326.6,278.5,0.0,0.5,0.035,0.07,1.0,25.7,3.1,0.6,0.0,0.015,1.0,0.041,72.6,0.4,6.8,95.3,0.023,716.7,1043.3,0.02,17.9,251.9,False,False,False,True,True,True,False,0.25108514190317194,0.0,0.0,0.7309682804674457
lamb meat raw,1102,84.6,36.6,34.7,6.7,0.0,0.0,Fruits & Produce,79.6,0.0,0.3,317.5,286.5,0.0,0.5,0.016,0.021,1.0,27.5,3.1,0.6,0.0,0.0,0.0,0.0,54.4,0.5,7.3,99.8,0.01,753.0,1084.1,0.078,16.0,225.9,False,False,False,True,True,True,False,0.28892921960072593,0.0,0.0,0.6909255898366606
lamb shoulder cooked,750,53.5,22.5,21.9,4.4,0.0,0.0,Fruits & Produce,62.5,0.0,0.2,252.9,98.5,0.0,0.2,0.041,0.024,0.5,13.8,1.3,0.2,0.0,0.0,0.3,0.0,54.5,0.3,5.2,52.3,0.04,405.5,540.6,0.094,13.9,175.7,False,False,False,True,True,True,False,0.3333333333333333,0.0,0.0,0.642
mutton cooked,66,3.1,1.5,1.3,0.2,0.027,0.0,Fruits & Produce,9.5,0.0,0.07,30.8,15.3,0.0,0.036,0.0,0.066,0.027,1.8,0.3,0.1,0.0,0.0,0.2,0.0,2.8,0.068,1.3,8.8,0.0,77.0,115.7,0.094,1.7,16.744,False,True,True,False,True,True,False,0.5757575757575758,0.0,0.0,0.4227272727272728
lamb leg cooked,684,43.7,18.3,18.4,3.1,0.0,0.0,Fruits & Produce,67.7,0.0,0.2,246.5,152.3,0.0,0.3,0.058,0.065,0.7,17.5,1.8,0.4,0.0,0.099,0.4,0.025,29.2,0.3,5.2,63.6,0.071,506.2,829.5,0.064,11.7,145.8,False,False,False,True,True,True,False,0.39590643274853804,0.0,0.0,0.5750000000000001
beef stick,110,9.9,4.2,4.1,0.9,1.1,0.0,Fruits & Produce,4.3,0.0,0.3,26.6,3.8,0.0,0.071,0.0,0.002,0.063,0.9,0.016,0.024,1.4,0.0,0.0,0.0,13.6,0.097,0.7,4.2,0.007,36.0,51.4,0.0,0.5,31.0,False,False,False,True,False,True,False,0.15636363636363634,0.0,0.0,0.81
veal sirloin cooked,517,26.9,10.6,10.6,1.8,0.0,0.0,Fruits & Produce,64.1,0.0,0.2,221.4,111.7,0.0,0.1,0.032,0.048,0.7,13.5,2.1,0.7,0.0,0.0,0.8,0.0,34.9,0.3,2.5,55.4,0.072,498.2,658.1,0.058,8.9,128.4,False,False,False,True,True,True,False,0.4959381044487427,0.0,0.0,0.4682785299806576
veal rib cooked,444,22.2,8.8,8.2,1.7,0.0,0.0,Fruits & Produce,57.4,0.0,0.2,246.0,94.4,0.0,0.033,0.058,0.057,0.5,13.3,1.9,0.6,0.0,0.0,0.6,0.092,38.9,0.2,2.5,44.3,0.076,371.7,541.6,0.046,9.9,121.0,False,False,False,True,True,True,False,0.517117117117117,0.0,0.0,0.44999999999999996
veal meat cooked,483,23.8,8.9,9.2,1.7,0.0,0.0,Fruits & Produce,62.9,0.0,0.2,238.3,119.3,0.0,0.1,0.064,0.057,0.7,16.7,2.6,0.6,0.0,0.0,0.8,0.069,46.0,0.2,2.4,54.3,0.084,499.5,679.3,0.061,9.9,135.1,False,False,False,True,True,True,False,0.5209109730848861,0.0,0.0,0.44347826086956527
beef rib roasted,238,19.1,7.7,8.2,0.7,0.0,0.0,Fruits & Produce,15.4,0.0,0.01,57.0,32.0,0.0,0.049,0.075,0.031,0.1,2.5,0.2,0.2,0.0,0.037,0.2,0.015,6.7,0.086,1.6,13.4,0.062,115.9,196.3,0.01,3.9,42.8,False,False,False,True,True,True,False,0.25882352941176473,0.0,0.0,0.7222689075630252
veal sirloin raw,689,35.4,15.2,13.8,2.3,0.0,0.0,Fruits & Produce,86.5,0.0,0.3,353.8,325.9,0.0,0.4,0.016,0.004,1.4,38.3,6.2,2.2,0.0,0.0,1.1,0.093,49.9,0.5,3.5,108.9,0.1,948.0,1492.3,0.004,11.6,175.3,False,False,False,True,True,True,False,0.502177068214804,0.0,0.0,0.4624092888243831
beef top loin filet grilled,323,19.0,6.5,8.6,0.6,0.8,0.0,Fruits & Produce,37.0,0.0,0.1,116.1,76.7,0.9,0.063,0.1,0.018,0.016,0.4,5.6,0.0,0.6,0.0,0.03,0.0,0.019,9.5,0.2,4.5,36.5,0.0,318.6,507.6,0.077,58.507,False,False,False,True,True,True,False,0.4582043343653251,0.0,0.0,0.5294117647058824
beef under blade steak cooked,983,46.7,17.9,22.6,2.3,0.0,0.0,Fruits & Produce,140.8,0.0,0.3,480.4,260.9,1.9,0.002,0.3,0.03,0.068,1.1,17.9,3.5,1.5,0.0,0.022,0.4,0.044,62.9,0.5,14.4,98.8,0.085,929.4,1382.9,0.2,191.483,False,False,False,True,True,True,False,0.5729399796541201,0.0,0.0,0.42756866734486265
mock tender steak raw,244,8.3,3.6,4.3,0.7,0.0,0.0,Fruits & Produce,42.2,0.0,0.2,132.7,145.9,0.069,0.2,0.085,0.011,0.4,7.1,1.7,0.8,0.0,0.055,0.4,0.099,21.8,0.2,4.8,49.5,0.087,445.5,685.1,0.032,15.8,77.128,False,False,False,True,True,True,False,0.6918032786885246,0.0,0.0,0.3061475409836066
ground beef cooked,375,24.8,10.0,12.0,0.7,0.0,0.0,Fruits & Produce,35.5,0.0,0.1,122.3,77.5,1.6,0.0,0.007,0.098,0.06,0.3,6.8,1.1,0.6,0.0,0.0,0.7,0.052,57.0,0.1,3.4,27.8,0.044,280.8,455.9,0.081,62.697,False,False,False,True,True,True,False,0.37866666666666665,0.0,0.0,0.5952000000000001
ground beef raw,1506,136.1,51.2,59.7,3.2,0.0,0.0,Fruits & Produce,65.1,0.0,0.3,353.8,246.7,0.0,0.2,0.071,0.004,0.6,15.3,1.9,1.3,0.0,0.0,2.2,0.004,108.9,0.2,7.4,63.5,0.045,598.8,988.8,0.001,16.2,317.5,False,False,False,True,True,True,False,0.17290836653386452,0.0,0.0,0.8133466135458166
beef diced asda,48,0.7,0.3,0.0,0.0,10.5,0.054,Fruits & Produce,0.0,0.0,0.0,0.0,0.0,0.0,0.0,0.0,0.0,0.0,0.0,0.0,0.0,0.0,0.0,0.0,0.0,0.0,0.0,0.0,0.0,0.0,0.0,0.0,0.0,0.0,11.2,False,False,False,True,False,False,False,0.0,0.0,0.0045,0.13125
veal rib raw,735,40.9,16.8,15.6,2.9,0.0,0.0,Fruits & Produce,85.5,0.0,0.4,372.0,322.7,0.0,0.3,0.082,0.085,1.0,30.3,5.1,1.9,0.0,0.0,1.0,0.0,59.0,0.5,3.9,99.8,0.1,834.6,1315.4,0.045,14.7,189.3,False,False,False,True,True,True,False,0.46530612244897956,0.0,0.0,0.5008163265306121
ground veal raw,41,1.9,0.8,0.7,0.1,0.0,0.0,Fruits & Produce,5.5,0.0,0.029,23.2,20.6,0.0,0.093,0.005,0.045,0.095,2.1,0.4,0.1,0.0,0.0,0.086,0.0,4.2,0.048,0.2,6.8,0.026,57.4,89.1,0.076,0.9,11.8,False,True,True,False,True,True,False,0.5365853658536586,0.0,0.0,0.41707317073170724
t bone steak cooked,1049,74.1,30.3,33.3,3.3,0.0,0.0,Fruits & Produce,89.3,0.0,0.2,301.3,197.8,4.6,0.0,0.2,0.042,0.046,0.8,19.9,1.1,2.4,0.0,0.095,0.0,0.0,69.0,0.2,11.8,65.3,0.001,729.6,900.2,0.041,170.6,False,False,False,True,True,True,False,0.34051477597712104,0.0,0.0,0.6357483317445186
veal leg round raw,531,14.0,5.4,5.1,1.1,0.0,0.0,Fruits & Produce,95.2,0.0,0.3,353.8,339.3,0.0,0.4,0.064,0.019,1.2,42.7,4.9,2.1,0.0,0.0,1.4,0.03,22.7,0.5,3.6,117.9,0.1,997.9,1664.7,0.005,10.4,135.5,False,False,False,True,True,True,False,0.7171374764595104,0.0,0.0,0.23728813559322035
beef top sirloin steak raw,1222,77.3,31.2,33.1,2.9,0.0,0.0,Fruits & Produce,123.4,0.0,0.3,456.0,401.8,0.0,0.4,0.016,0.001,0.6,36.4,3.6,3.4,0.0,0.0,2.2,0.066,145.9,0.4,9.0,127.7,0.074,1137.0,1915.2,0.1,21.6,355.6,False,False,False,True,True,True,False,0.40392798690671033,0.0,0.0,0.5693126022913256
beef plate steak grilled,508,35.6,12.9,14.3,2.0,0.0,0.0,Fruits & Produce,47.1,0.0,0.1,177.5,89.5,1.7,0.021,0.2,0.017,0.054,1.4,8.9,2.3,0.8,0.0,0.011,0.2,0.047,13.9,0.4,8.9,41.8,0.4,321.9,487.2,0.088,85.652,False,False,False,True,True,True,False,0.3708661417322835,0.0,0.0,0.6307086614173228
ground veal cooked,514,22.6,9.1,8.5,1.6,0.0,0.0,Fruits & Produce,72.9,0.0,0.2,308.0,199.6,0.0,0.2,0.03,0.032,0.8,24.0,3.5,1.2,0.0,0.0,0.4,0.006,50.8,0.3,3.0,71.8,0.1,648.8,1007.6,0.011,11.6,149.3,False,False,False,True,True,True,False,0.5673151750972764,0.0,0.0,0.3957198443579767
veal leg round cooked,574,17.2,6.9,6.4,1.3,0.0,0.0,Fruits & Produce,98.4,0.0,0.2,364.5,150.9,0.0,0.2,0.067,0.072,1.0,28.7,2.8,1.0,0.0,0.0,1.3,0.096,21.8,0.4,3.6,78.9,0.1,677.3,1041.8,0.089,10.8,141.0,False,False,False,True,True,True,False,0.6857142857142857,0.0,0.0,0.2696864111498258
porterhouse steak raw,1170,91.1,36.4,40.6,3.4,0.0,0.0,Fruits & Produce,81.6,0.0,0.2,308.4,273.1,0.0,0.5,0.095,0.02,0.8,15.9,1.4,1.7,0.0,0.0,0.0,0.0,27.2,0.3,8.8,86.2,0.011,762.0,1338.1,0.013,14.3,208.7,False,False,False,True,True,True,False,0.27897435897435896,0.0,0.0,0.7007692307692307
veal shank raw,513,15.8,4.8,5.7,1.6,0.0,0.0,Fruits & Produce,86.9,0.0,0.4,340.2,348.9,0.0,0.4,0.075,0.035,1.2,33.8,5.9,2.0,0.0,0.0,0.0,0.0,90.7,0.3,3.4,95.3,0.009,866.4,1424.3,0.068,18.1,196.8,False,False,False,True,True,True,False,0.6775828460038987,0.0,0.0,0.2771929824561404
veal breast cooked,753,47.5,18.5,22.7,3.2,0.0,0.0,Fruits & Produce,76.3,0.0,0.2,319.8,158.3,0.0,0.2,0.089,0.081,0.8,22.6,2.9,0.7,0.0,0.0,0.0,0.0,25.5,0.2,2.2,56.6,0.027,540.5,769.8,0.057,10.3,151.5,False,False,False,True,True,True,False,0.40531208499335986,0.0,0.0,0.5677290836653387
corned beef canned,53,3.1,1.3,1.3,0.1,0.0,0.0,Fruits & Produce,5.7,0.0,0.2,18.1,12.1,0.0,0.076,0.057,0.018,0.049,0.5,0.1,0.032,0.0,0.016,0.02,0.041,2.5,0.012,0.4,2.9,0.092,23.3,28.6,0.054,0.7,11.7,False,False,False,True,True,True,False,0.43018867924528303,0.0,0.0,0.5264150943396226
rib eye steak grilled,680,47.7,21.2,23.0,2.2,0.0,0.0,Fruits & Produce,62.4,0.0,0.1,195.8,139.5,0.047,0.2,0.036,0.002,0.8,12.9,0.0,1.3,0.0,0.032,0.0,0.065,30.1,0.2,6.0,57.7,0.0,409.1,700.3,0.085,15.9,146.262,False,False,False,True,True,True,False,0.36705882352941177,0.0,0.0,0.6313235294117647
veal shoulder raw,0,0.0,0.0,0.0,0.0,0.0,0.0,Fruits & Produce,0.0,0.0,0.0,0.0,0.0,0.0,0.0,0.0,0.0,0.0,0.0,0.0,0.0,0.0,0.0,0.0,0.0,0.0,0.0,0.0,0.0,0.0,0.0,0.0,0.0,0.0,0.0,True,True,True,False,False,True,False,0.0,0.0,0.0,0.0
t bone steak raw,1052,76.3,30.4,33.9,2.8,0.0,0.0,Fruits & Produce,85.7,0.0,0.2,281.2,282.5,0.0,0.5,0.007,0.038,0.8,16.4,1.4,1.7,0.0,0.0,0.0,0.0,27.2,0.4,9.5,90.7,0.034,784.7,1397.1,0.044,14.7,198.7,False,False,False,True,True,True,False,0.3258555133079848,0.0,0.0,0.6527566539923954
sirloin steak,324,14.1,5.2,6.1,1.1,0.0,0.0,Fruits & Produce,49.5,0.0,0.6,144.4,99.9,0.6,0.0,0.1,0.0,0.051,0.6,9.4,1.5,1.1,0.0,0.0,0.9,0.0,16.6,0.2,4.3,44.8,0.082,381.8,629.1,0.083,65.5,False,False,False,True,True,True,False,0.6111111111111112,0.0,0.0,0.39166666666666666
mock tender steak cooked,137,4.9,1.5,2.3,0.3,0.0,0.0,Fruits & Produce,21.9,0.0,0.028,55.3,55.7,0.0,0.09,0.025,0.063,0.2,3.1,0.0,0.3,0.0,0.0,0.1,0.0,6.8,0.1,2.6,19.6,0.0,198.9,249.1,0.073,6.7,36.2,False,True,True,False,True,True,False,0.6394160583941605,0.0,0.0,0.3218978102189781
beef round steak cooked,385,12.1,4.3,5.1,0.5,0.0,0.0,Fruits & Produce,64.8,0.0,0.011,174.3,126.8,0.0,0.1,0.032,0.042,0.3,11.3,1.3,0.9,0.0,0.0,0.8,0.064,14.4,0.2,5.2,41.0,0.033,395.7,516.6,0.091,10.7,96.5,False,False,False,True,True,True,False,0.6732467532467532,0.0,0.0,0.28285714285714286
chuck blade roast raw,1125,88.0,35.5,38.6,3.2,0.0,0.0,Fruits & Produce,77.8,0.0,0.3,322.1,277.7,0.0,0.5,0.04,0.028,0.8,9.9,1.3,1.6,0.0,0.0,0.0,0.0,45.4,0.3,9.3,77.1,0.056,734.8,1229.3,0.049,22.6,220.5,False,False,False,True,True,True,False,0.2766222222222222,0.0,0.0,0.704
beef shoulder steak raw,349,17.3,7.5,9.0,1.8,0.0,0.0,Fruits & Produce,48.2,0.0,0.2,164.9,171.8,0.014,0.2,0.082,0.021,0.6,9.2,2.2,1.0,0.0,0.017,0.4,0.06,28.7,0.2,6.0,45.4,0.02,480.4,800.7,0.09,18.0,100.218,False,False,False,True,True,True,False,0.5524355300859599,0.0,0.0,0.44613180515759315
beef top blade cooked,184,10.0,3.3,4.6,0.4,0.0,0.0,Fruits & Produce,21.9,0.0,0.002,51.9,52.3,0.0,0.1,0.016,0.095,0.2,3.2,0.8,0.3,0.0,0.0,0.1,0.0,6.0,0.057,2.3,20.4,0.0,181.9,254.2,0.098,7.4,40.2,False,False,False,True,True,True,False,0.4760869565217391,0.0,0.0,0.4891304347826087
corned beef cooked,53,4.0,1.3,1.9,0.1,0.006,0.0,Fruits & Produce,3.8,0.0,0.2,20.6,12.6,0.0,0.048,0.094,0.066,0.027,0.6,0.082,0.034,0.0,0.015,0.022,0.096,1.7,0.009,0.4,2.5,0.025,26.3,30.5,0.034,1.0,9.905,False,False,False,True,True,True,False,0.28679245283018867,0.0,0.0,0.6792452830188679
beef round steak raw,753,36.0,14.2,15.5,1.4,0.0,0.0,Fruits & Produce,100.1,0.0,0.3,313.0,313.2,0.0,0.4,0.079,0.067,0.6,29.9,2.9,3.0,0.0,0.0,1.5,0.079,95.3,0.4,8.4,108.9,0.035,961.6,1583.1,0.1,18.5,239.8,False,False,False,True,True,True,False,0.5317397078353253,0.0,0.0,0.4302788844621514
beef shoulder steak grilled,155,5.8,2.5,3.0,0.6,0.0,0.0,Fruits & Produce,24.0,0.0,0.014,68.9,54.4,0.063,0.083,0.043,0.055,0.2,4.7,0.7,0.6,0.0,0.012,0.072,0.067,10.2,0.056,2.5,21.3,0.03,208.3,311.1,0.084,6.8,42.589,False,False,False,True,True,True,False,0.6193548387096774,0.0,0.0,0.33677419354838706
chuck eye steak raw,856,62.8,26.7,29.7,4.5,0.0,0.0,Fruits & Produce,72.4,0.0,0.3,261.1,247.6,0.095,0.3,0.017,0.03,0.6,16.7,2.5,1.4,0.0,0.047,0.6,0.077,53.8,0.2,8.1,73.0,0.007,687.4,1263.4,0.097,27.9,197.159,False,False,False,True,True,True,False,0.3383177570093458,0.0,0.0,0.6602803738317756
beef bottom round steak cooked,980,35.1,12.1,14.7,1.5,0.0,0.0,Fruits & Produce,155.8,0.0,0.2,426.4,261.0,0.0,0.4,0.045,0.014,0.9,28.0,3.1,2.1,0.0,0.075,2.0,0.091,31.8,0.4,13.0,104.3,0.038,984.3,1279.2,0.2,26.8,235.7,False,False,False,True,True,True,False,0.6359183673469389,0.0,0.0,0.32234693877551024
porterhouse steak cooked,235,16.4,6.2,7.4,0.6,0.0,0.0,Fruits & Produce,20.4,0.0,0.085,57.0,46.5,0.0,0.099,0.069,0.024,0.2,3.6,0.3,0.3,0.0,0.0,0.2,0.0,6.0,0.1,2.5,18.7,0.095,164.1,254.2,0.087,3.9,45.3,False,True,True,False,True,True,False,0.34723404255319146,0.0,0.0,0.6280851063829787
beef under blade steak raw,1235,80.8,32.6,37.4,5.9,0.0,0.0,Fruits & Produce,126.8,0.0,0.3,431.0,241.6,0.057,0.3,0.061,0.091,1.0,16.9,3.3,1.4,0.0,0.093,0.4,0.076,62.9,0.4,12.6,89.8,0.036,812.7,1225.8,0.1,42.9,283.198,False,False,False,True,True,True,False,0.4106882591093117,0.0,0.0,0.588825910931174
beef plate steak raw,617,46.8,19.0,20.6,2.3,0.9,0.0,Fruits & Produce,47.8,0.0,0.2,188.9,168.0,0.071,0.3,0.089,0.058,1.5,10.9,3.0,1.0,0.0,0.008,0.4,0.016,16.0,0.5,9.1,50.5,0.5,377.7,643.7,0.048,12.6,120.656,False,False,False,True,True,True,False,0.3098865478119935,0.0,0.0,0.6826580226904376
beef meat canned,111,7.9,3.9,3.6,0.4,0.0,0.0,Fruits & Produce,9.2,0.0,0.095,34.7,27.5,0.0,0.037,0.013,0.037,0.082,1.9,0.041,0.041,0.0,0.0,0.9,0.018,4.5,0.079,1.0,7.2,0.088,63.0,102.2,0.055,2.2,22.6,False,False,False,True,True,True,False,0.33153153153153153,0.0,0.0,0.6405405405405407
beef breakfast strips raw,92,8.8,3.6,4.2,0.5,0.2,0.0,Fruits & Produce,2.8,0.0,0.2,18.5,10.2,0.0,0.068,0.067,0.027,0.074,0.7,0.078,0.078,5.4,0.0,0.0,0.0,0.9,0.013,0.3,2.5,0.031,22.6,34.6,0.033,0.5,18.4,False,False,False,True,False,True,False,0.1217391304347826,0.0,0.0,0.8608695652173913
beef brisket cooked,589,43.6,16.8,19.4,1.5,0.0,0.0,Fruits & Produce,46.0,0.0,0.1,165.5,88.3,0.0,0.1,0.026,0.021,0.4,5.8,0.6,0.5,0.0,0.041,0.3,0.082,12.5,0.2,4.4,35.6,0.076,368.5,446.8,0.063,10.3,106.5,False,False,False,True,True,True,False,0.31239388794567063,0.0,0.0,0.6662139219015281
corned beef raw,898,67.6,21.5,32.6,2.4,0.6,0.0,Fruits & Produce,66.6,0.0,5.5,244.9,301.9,0.0,0.2,0.007,0.006,0.7,16.6,2.6,1.3,122.5,0.0,0.0,0.0,31.8,0.5,7.7,63.5,0.012,530.7,1347.2,0.07,12.9,296.8,False,False,False,True,True,True,False,0.29665924276169264,0.0,0.0,0.6775055679287305
beef mince meat asda,55,3.1,1.3,0.0,0.0,6.8,0.054,Fruits & Produce,0.0,0.0,0.0,0.0,0.0,0.0,0.0,0.0,0.0,0.0,0.0,0.0,0.0,0.0,0.0,0.0,0.0,0.0,0.0,0.0,0.0,0.0,0.0,0.0,0.0,0.0,9.9,False,False,False,True,False,False,False,0.0,0.0,0.003927272727272727,0.5072727272727273
pastrami beef fat free,9,0.1,0.0,0.036,0.099,0.1,0.0,Fruits & Produce,1.9,0.0,0.005,4.5,7.1,0.0,0.04,0.076,0.051,0.043,0.5,0.073,0.079,3.3,0.0,0.0,0.0,0.9,0.078,0.3,1.7,0.047,14.3,21.7,0.044,0.4,6.6,False,False,False,True,True,True,False,0.8444444444444444,0.0,0.0,0.1
rib eye steak raw,743,54.5,24.0,25.7,2.6,0.4,0.0,Fruits & Produce,62.8,0.0,0.2,221.7,205.4,0.087,0.3,0.025,0.039,0.8,15.6,0.0,1.3,0.0,0.088,0.0,0.076,26.1,0.2,5.9,65.2,0.0,446.6,802.0,0.01,16.2,149.722,False,False,False,True,True,True,False,0.3380888290713324,0.0,0.0,0.6601615074024226
beef tenderloin steak cooked,374,24.0,9.4,10.0,0.9,0.0,0.0,Fruits & Produce,37.0,0.0,0.061,135.8,78.5,0.0,0.1,0.016,0.067,0.2,9.9,0.7,0.8,0.0,0.028,0.7,0.028,26.6,0.1,2.4,30.8,0.076,287.0,460.6,0.018,6.7,90.0,False,False,False,True,True,True,False,0.39572192513368987,0.0,0.0,0.5775401069518716
chuck blade roast cooked,842,62.0,24.7,26.8,2.2,0.0,0.0,Fruits & Produce,66.1,0.0,0.2,256.9,117.7,0.0,0.2,0.005,0.024,0.6,6.0,0.8,0.6,0.0,0.003,0.5,0.006,32.1,0.3,7.7,46.9,0.089,498.9,575.5,0.061,20.8,167.9,False,False,False,True,True,True,False,0.31401425178147263,0.0,0.0,0.66270783847981
cured beef dried,4,0.019,0.086,0.088,0.007,0.06,0.006,Fruits & Produce,0.9,0.0,0.049,2.2,1.5,0.0,0.017,0.058,0.025,0.002,0.1,0.065,0.032,0.0,0.0,0.026,0.087,0.2,0.091,0.004,0.5,0.018,5.1,6.6,0.01,0.1,1.333,False,False,False,True,True,True,False,0.9,0.0,0.006,0.042749999999999996
beef flank steak cooked,380,17.5,7.2,7.1,0.7,0.0,0.0,Fruits & Produce,51.8,0.0,0.068,152.3,119.1,0.0,0.1,0.021,0.003,0.2,14.0,1.0,1.0,0.0,0.0,0.7,0.069,33.8,0.2,3.4,41.4,0.095,377.9,612.9,0.073,9.0,106.5,False,False,False,True,True,True,False,0.5452631578947368,0.0,0.0,0.4144736842105263
chuck eye steak grilled,853,60.5,26.7,29.1,4.4,0.0,0.0,Fruits & Produce,76.9,0.0,0.2,268.0,170.1,4.0,0.012,0.2,0.083,0.085,0.6,14.4,2.3,1.1,0.0,0.093,0.3,0.02,49.3,0.2,7.5,67.8,0.045,594.4,1001.0,0.012,142.79,False,False,False,True,True,True,False,0.36060961313012896,0.0,0.0,0.638335287221571
veal meat raw,653,30.7,12.7,11.7,2.2,0.0,0.0,Fruits & Produce,87.8,0.0,0.4,372.0,330.4,0.0,0.4,0.097,0.061,1.2,34.0,5.9,1.9,0.0,0.0,1.2,0.0,68.0,0.5,3.8,108.9,0.1,920.8,1428.8,0.095,13.9,190.3,False,False,False,True,True,True,False,0.5378254211332312,0.0,0.0,0.42312404287901995
veal loin cooked,80,4.9,1.9,1.9,0.3,0.0,0.0,Fruits & Produce,8.5,0.0,0.001,33.4,14.7,0.0,0.011,0.096,0.069,0.053,2.6,0.2,0.039,0.0,0.0,0.1,0.049,7.9,0.074,0.3,6.8,0.047,62.3,79.2,0.082,1.0,21.6,False,True,True,False,True,True,False,0.425,0.0,0.0,0.55125
veal loin raw,46,2.6,1.1,1.0,0.2,0.0,0.0,Fruits & Produce,5.3,0.0,0.079,22.4,19.9,0.0,0.025,0.033,0.072,0.091,2.4,0.4,0.1,0.0,0.0,0.02,0.094,4.5,0.027,0.2,6.5,0.07,56.3,86.0,0.089,0.7,12.6,False,True,True,False,True,True,False,0.4608695652173913,0.0,0.0,0.5086956521739131
veal shoulder cooked,435,19.4,7.2,7.4,1.4,0.0,0.0,Fruits & Produce,61.2,0.0,0.2,240.7,107.7,0.0,0.1,0.049,0.005,0.6,12.3,2.9,0.5,0.0,0.0,0.8,0.06,66.9,0.3,2.7,51.6,0.037,477.5,590.2,0.091,12.6,150.2,False,False,False,True,True,True,False,0.5627586206896552,0.0,0.0,0.4013793103448276
beef tenderloin steak raw,405,29.8,12.0,12.7,1.1,0.0,0.0,Fruits & Produce,32.2,0.0,0.032,139.4,100.9,0.0,0.1,0.087,0.098,0.2,9.5,0.9,0.9,0.0,0.0,0.7,0.056,37.7,0.1,2.3,32.8,0.094,295.2,495.3,0.049,5.6,102.0,False,False,False,True,True,True,False,0.31802469135802475,0.0,0.0,0.6622222222222222
veal shank cooked,371,12.0,4.0,4.5,1.0,0.0,0.0,Fruits & Produce,61.2,0.0,0.2,240.6,119.8,0.0,0.062,0.018,0.016,0.6,18.3,2.4,0.5,0.0,0.0,0.0,0.0,64.0,0.2,2.4,48.5,0.017,436.5,591.7,0.099,12.9,139.6,False,False,False,True,True,True,False,0.6598382749326146,0.0,0.0,0.29110512129380056
beef brisket raw,1139,86.5,34.2,38.6,3.0,0.0,0.0,Fruits & Produce,83.6,0.0,0.3,308.4,277.1,0.0,0.4,0.036,0.016,0.7,15.8,1.4,1.7,0.0,0.0,0.0,0.0,27.2,0.3,7.7,86.2,0.034,802.9,1279.2,0.033,16.8,205.0,False,False,False,True,True,True,False,0.29359086918349425,0.0,0.0,0.6834942932396839
pastrami beef,104,4.1,1.9,1.5,0.1,0.3,0.08,Fruits & Produce,15.5,0.0,0.8,48.3,49.4,0.0,0.084,0.031,0.072,0.1,3.0,0.2,0.2,0.2,0.09,0.085,0.038,7.1,0.024,1.6,12.1,0.048,124.3,149.1,0.075,3.5,28.8,False,False,False,True,True,True,False,0.5961538461538461,0.0,0.003076923076923077,0.35480769230769227
beef flank steak raw,47,2.3,1.0,1.0,0.038,0.0,0.0,Fruits & Produce,6.0,0.0,0.054,19.2,19.7,0.0,0.082,0.05,0.046,0.07,1.9,0.2,0.2,0.0,0.097,0.034,0.072,7.6,0.095,0.4,6.2,0.061,54.6,93.4,0.076,1.1,16.3,False,False,False,True,True,True,False,0.5106382978723404,0.0,0.0,0.4404255319148936
beef top sirloin steak cooked,430,25.2,9.9,10.5,1.0,0.0,0.0,Fruits & Produce,47.7,0.0,0.055,162.8,103.3,0.0,0.1,0.075,0.072,0.2,12.7,0.9,1.0,0.0,0.009,0.8,0.069,35.4,0.1,3.1,38.9,0.063,369.9,594.7,0.026,8.6,111.4,False,False,False,True,True,True,False,0.44372093023255815,0.0,0.0,0.5274418604651162
veal breast raw,943,66.9,26.7,32.5,4.3,0.0,0.0,Fruits & Produce,79.2,0.0,0.3,322.1,307.0,0.0,0.0,0.0,0.0,0.0,0.0,0.0,0.0,0.0,0.0,0.0,0.0,31.8,0.4,2.4,81.6,0.046,780.2,1297.3,0.007,10.6,180.3,False,False,False,True,True,True,False,0.335949098621421,0.0,0.0,0.6384941675503711
beef rib raw,1433,123.8,51.2,53.0,4.5,0.0,0.0,Fruits & Produce,73.8,0.0,0.2,322.1,247.3,0.0,0.4,0.017,0.061,0.6,11.8,1.5,1.3,0.0,0.0,0.0,0.0,36.3,0.3,7.8,72.6,0.045,694.0,1179.4,0.067,17.0,241.7,False,False,False,True,True,True,False,0.2060013956734124,0.0,0.0,0.777529658060014
beef jerky,82,5.1,2.2,2.3,0.2,2.2,1.8,Fruits & Produce,6.6,0.4,0.4,9.6,4.7,0.0,0.059,0.093,0.061,0.084,0.3,0.045,0.048,0.0,0.022,0.018,0.081,4.0,0.029,1.1,10.2,0.072,81.4,119.4,0.046,1.6,19.4,False,False,False,True,True,True,False,0.32195121951219513,0.4878048780487805,0.0878048780487805,0.5597560975609756
beef breakfast strips cooked,51,3.9,1.6,1.9,0.2,0.2,0.0,Fruits & Produce,3.5,0.0,0.3,13.4,3.0,0.0,0.077,0.02,0.001,0.034,0.7,0.085,0.013,0.0,0.025,0.05,0.016,1.0,0.06,0.4,3.1,0.097,26.7,46.6,0.023,0.7,9.0,False,False,False,True,True,True,False,0.27450980392156865,0.0,0.0,0.6882352941176471
pork olive loaf,66,4.6,1.6,2.2,0.5,2.6,0.0,Fruits & Produce,3.3,0.0,0.3,10.6,16.3,0.019,0.097,0.069,0.03,0.071,0.5,0.2,0.073,0.0,0.024,0.031,0.065,30.5,0.023,0.2,5.3,0.015,35.6,83.2,0.087,0.4,41.265,False,False,False,True,False,True,False,0.19999999999999998,0.0,0.0,0.6272727272727272
beef luncheon meat jellied,31,0.9,0.4,0.4,0.034,0.0,0.0,Fruits & Produce,5.3,0.0,0.4,9.5,20.9,0.0,0.01,0.027,0.068,0.094,1.4,0.2,0.078,0.0,0.0,0.0,0.0,2.8,0.1,1.0,5.0,0.058,38.9,112.6,0.032,1.0,10.0,False,False,False,True,True,True,False,0.6838709677419355,0.0,0.0,0.26129032258064516
turkey pastrami,38,1.8,0.5,0.6,0.5,0.5,1.0,Fruits & Produce,4.6,0.062,0.3,19.4,20.4,0.057,0.044,0.035,0.043,0.071,1.0,0.2,0.021,2.3,0.003,0.058,0.0,3.1,0.023,1.2,4.0,0.055,57.0,98.3,0.014,0.6,13.579,False,False,False,True,True,True,False,0.4842105263157894,0.1631578947368421,0.10526315789473684,0.4263157894736842
pork salami,41,3.4,1.2,1.6,0.4,0.2,0.0,Fruits & Produce,2.3,0.0,0.2,7.9,3.6,0.0,0.056,0.094,0.035,0.072,0.6,0.1,0.072,0.0,0.0,0.0,0.0,1.3,0.077,0.1,2.2,0.042,22.9,37.8,0.041,0.4,7.3,False,False,False,True,True,True,False,0.224390243902439,0.0,0.0,0.7463414634146341
canadian style bacon raw,45,2.0,0.6,0.9,0.2,0.5,0.0,Fruits & Produce,5.9,0.0,0.3,14.3,19.1,0.0,0.2,0.04,0.017,0.093,1.8,0.1,0.1,0.0,0.004,0.035,0.0,2.3,0.069,0.2,4.8,0.006,69.3,98.0,0.082,0.4,10.9,False,False,False,True,True,True,False,0.5244444444444445,0.0,0.0,0.4
honey loaf,85,3.6,1.3,1.7,0.3,2.6,2.6,Fruits & Produce,9.9,0.0,0.4,26.2,38.4,0.0,0.2,0.046,0.028,0.2,1.8,0.4,0.2,0.0,0.021,0.1,0.048,30.8,0.085,0.6,11.4,0.002,96.9,224.6,0.038,1.8,47.5,False,True,True,False,True,True,False,0.46588235294117647,0.0,0.1223529411764706,0.3811764705882353
pork beef salami,37,3.1,1.1,1.4,0.5,0.076,0.008,Fruits & Produce,2.1,0.0,0.2,10.6,4.0,0.093,0.086,0.042,0.0,0.042,0.096,0.6,0.1,0.032,0.0,0.059,0.088,0.0,2.4,0.042,0.1,2.0,0.06,18.8,35.6,0.06,5.334,False,False,False,True,True,True,False,0.22702702702702704,0.0,0.0008648648648648649,0.7540540540540541
beef pork bologna,92,7.4,2.8,3.2,0.3,1.6,1.3,Fruits & Produce,4.6,0.0,0.3,18.0,15.6,0.078,0.058,0.072,0.06,0.031,0.8,0.1,0.099,0.2,0.045,0.0,0.002,25.5,0.081,0.4,5.1,0.027,48.9,94.5,0.093,0.7,39.702,False,False,False,True,False,True,False,0.19999999999999998,0.0,0.05652173913043478,0.7239130434782609
pork beef salami cooked,41,3.2,1.1,1.4,0.3,0.3,0.1,Fruits & Produce,2.7,0.0,0.2,10.9,5.6,0.0,0.079,0.039,0.014,0.007,0.7,0.1,0.001,0.0,0.09,0.075,0.048,1.8,0.071,0.2,2.3,0.1,23.5,38.9,0.022,0.4,8.2,False,False,False,True,True,True,False,0.2634146341463415,0.0,0.00975609756097561,0.702439024390244
pork breakfast strips raw,88,8.4,2.9,3.8,1.3,0.2,0.0,Fruits & Produce,2.7,0.0,0.2,15.6,10.7,0.0,0.1,0.047,0.066,0.049,0.8,0.1,0.084,6.1,0.0,0.0,0.0,1.8,0.057,0.2,2.7,0.034,31.0,46.1,0.037,0.4,19.4,False,False,False,True,False,True,False,0.12272727272727274,0.0,0.0,0.8590909090909092
pickle pimiento loaf,86,6.1,2.0,2.7,1.1,3.2,3.2,Fruits & Produce,4.3,0.6,0.4,22.0,22.9,0.007,0.1,0.093,0.063,0.065,0.9,0.2,0.2,3.0,0.079,0.2,0.036,41.4,0.005,0.5,12.9,0.024,58.1,141.0,0.047,0.6,59.105,False,True,True,False,False,True,False,0.19999999999999998,0.6976744186046512,0.14883720930232558,0.6383720930232558
luxury loaf,39,1.3,0.4,0.7,0.1,1.4,0.0,Fruits & Produce,5.2,0.0,0.3,10.1,19.1,0.0,0.2,0.055,0.055,0.033,1.0,0.1,0.011,0.0,0.08,0.0,0.0,10.1,0.015,0.3,5.6,0.004,51.8,105.6,0.009,0.9,18.3,False,True,True,False,True,True,False,0.5333333333333333,0.0,0.0,0.30000000000000004
mortadella,47,3.8,1.4,1.7,0.5,0.5,0.0,Fruits & Produce,2.5,0.0,0.2,8.4,7.8,0.0,0.07,0.015,0.011,0.089,0.4,0.084,0.094,0.0,0.021,0.067,0.018,2.7,0.032,0.2,1.7,0.098,14.6,24.5,0.036,0.3,9.7,False,True,True,False,False,True,False,0.2127659574468085,0.0,0.0,0.727659574468085
pork bologna,69,5.6,1.9,2.7,0.6,0.2,0.0,Fruits & Produce,4.3,0.0,0.3,16.5,17.0,0.0,0.1,0.077,0.087,0.077,1.1,0.2,0.096,0.0,0.032,0.035,0.04,3.1,0.099,0.2,3.9,0.092,38.9,78.7,0.023,0.6,13.4,False,False,False,True,True,True,False,0.24927536231884057,0.0,0.0,0.7304347826086957
turkey salami cooked,9,0.5,0.1,0.2,0.1,0.081,0.063,Fruits & Produce,1.0,0.054,0.023,3.8,3.4,0.085,0.068,0.036,0.048,0.075,0.2,0.061,0.001,0.0,0.057,0.017,0.094,2.0,0.026,0.026,1.1,0.025,13.3,10.8,0.072,0.1,3.796,False,False,False,True,True,True,False,0.4444444444444444,0.6000000000000001,0.028,0.5
pepperoni beef,10,0.9,0.3,0.3,0.053,0.0,0.0,Fruits & Produce,0.5,0.0,0.09,2.1,0.6,0.0,0.088,0.07,0.032,0.014,0.026,0.07,0.006,0.097,0.04,0.0,0.043,0.4,0.009,0.035,0.4,0.014,3.5,5.6,0.035,0.027,1.902,False,False,False,True,False,True,False,0.2,0.0,0.0,0.8099999999999999
peppered loaf,42,1.8,0.6,0.9,0.1,1.3,1.3,Fruits & Produce,4.9,0.0,0.2,13.1,19.2,0.0,0.1,0.064,0.012,0.005,0.9,0.2,0.081,0.0,0.079,0.084,0.032,15.4,0.047,0.3,5.7,0.046,48.5,112.3,0.059,0.9,23.7,False,True,True,False,True,True,False,0.4666666666666667,0.0,0.12380952380952381,0.3857142857142857
luncheon meat beef,10,0.3,0.1,0.1,0.013,0.0,0.0,Fruits & Produce,1.8,0.0,0.1,3.2,6.9,0.0,0.057,0.095,0.5,0.067,0.4,0.007,0.054,0.0,0.026,0.059,0.076,0.9,0.011,0.3,1.7,0.054,12.9,37.4,0.055,0.3,3.3,False,False,False,True,True,True,False,0.72,0.0,0.0,0.26999999999999996
lebanon bologna,98,6.0,1.6,2.5,0.1,0.3,0.0,Fruits & Produce,10.8,0.0,0.8,31.4,37.5,0.052,0.066,0.024,0.093,0.051,1.8,0.2,0.2,0.5,0.065,0.3,0.073,11.4,0.093,1.2,11.4,0.002,109.4,188.1,0.059,2.2,30.243,False,True,True,False,True,True,False,0.44081632653061226,0.0,0.0,0.5510204081632653
chicken pork bologna,94,8.6,2.8,3.7,1.2,1.2,0.0,Fruits & Produce,2.9,0.0,0.3,24.4,14.2,0.01,0.094,0.081,0.001,0.041,1.0,0.2,0.081,3.7,0.0,0.2,0.048,54.9,0.056,0.3,4.5,0.042,62.4,45.4,0.0,0.3,71.678,False,False,False,True,False,True,False,0.12340425531914893,0.0,0.0,0.8234042553191488
turkey roll,40,1.9,0.6,0.6,0.5,0.6,0.0,Fruits & Produce,4.9,0.0,0.1,14.9,18.9,0.0,0.038,0.072,0.075,0.013,1.3,0.2,0.089,0.0,0.075,0.009,0.0,8.6,0.088,0.4,4.9,0.085,45.4,72.9,0.049,0.5,16.4,False,False,False,True,True,True,False,0.49000000000000005,0.0,0.0,0.42749999999999994
beef salami cooked,68,5.8,2.6,2.8,0.3,0.5,0.4,Fruits & Produce,3.3,0.0,0.3,18.5,15.6,0.0,0.046,0.036,0.012,0.099,0.8,0.2,0.051,0.0,0.044,0.093,0.082,1.6,0.014,0.6,3.4,0.083,53.3,48.9,0.088,0.5,11.8,False,False,False,True,False,True,False,0.1941176470588235,0.0,0.023529411764705882,0.7676470588235293
yachtwurst cooked,150,12.7,4.4,0.0,0.0,0.8,0.0,Fruits & Produce,8.3,0.0,0.5,35.8,32.6,0.0,0.0,0.0,0.0,0.0,0.0,0.0,0.0,0.0,0.0,0.0,0.0,10.6,0.0,0.6,0.0,0.0,0.0,0.0,0.0,0.0,33.0,False,True,True,False,True,True,False,0.22133333333333335,0.0,0.0,0.762
italian salami,43,3.7,1.3,1.8,0.4,0.1,0.1,Fruits & Produce,2.2,0.0,0.2,8.0,3.5,0.0,0.025,0.024,0.071,0.009,0.6,0.1,0.015,0.0,0.0,0.0,0.0,1.0,0.057,0.2,2.2,0.052,22.9,34.0,0.035,0.4,7.2,False,True,True,False,False,True,False,0.2046511627906977,0.0,0.009302325581395349,0.7744186046511629
turkey ham,38,1.6,0.1,0.2,0.3,0.3,0.1,Fruits & Produce,5.5,0.0,0.3,18.8,20.2,0.0,0.094,0.096,0.044,0.011,1.0,0.2,0.024,0.0,0.0,0.1,0.0,1.4,0.047,0.4,5.6,0.074,85.1,83.7,0.043,0.7,9.2,False,False,False,True,True,True,False,0.5789473684210527,0.0,0.010526315789473684,0.37894736842105264
turkey bologna,59,4.5,1.2,1.9,1.1,1.3,0.8,Fruits & Produce,3.2,0.1,0.3,21.0,18.1,0.025,0.046,0.098,0.0,0.085,0.7,0.1,0.004,3.7,0.032,0.1,0.037,34.4,0.04,0.8,4.5,0.086,31.9,37.8,0.059,0.4,48.096,False,False,False,True,False,True,False,0.2169491525423729,0.1694915254237288,0.054237288135593226,0.6864406779661016
sliced turkey breast,17,0.6,0.1,0.2,0.2,0.4,0.1,Fruits & Produce,2.4,0.0,0.1,7.8,12.2,0.038,0.0,0.084,0.021,0.076,0.087,1.1,0.089,0.006,0.0,0.049,0.007,0.0,2.2,0.023,0.051,3.0,0.025,39.8,59.4,0.097,3.572,False,False,False,True,True,True,False,0.5647058823529412,0.0,0.023529411764705882,0.3176470588235294
luncheon meat pork beef,99,9.0,3.2,4.2,1.0,0.7,0.0,Fruits & Produce,3.5,0.0,0.4,15.4,13.8,0.0,0.072,0.011,0.028,0.074,0.8,0.2,0.025,0.0,0.094,0.038,0.058,2.5,0.041,0.2,3.9,0.092,24.1,56.6,0.058,0.5,15.9,False,False,False,True,False,True,False,0.1414141414141414,0.0,0.0,0.8181818181818182
beef bologna,90,7.8,3.1,3.7,0.4,1.3,0.6,Fruits & Produce,3.3,0.0,0.3,17.1,16.6,0.4,0.043,0.019,0.052,0.031,0.014,0.7,0.1,0.085,4.6,0.083,0.2,0.053,6.3,0.01,0.4,3.9,0.055,46.2,105.3,0.018,12.962,False,False,False,True,False,True,False,0.14666666666666667,0.0,0.026666666666666665,0.78
turkey bacon cooked,313,22.9,6.8,8.9,5.6,2.5,0.0,Fruits & Produce,24.3,0.0,1.9,80.4,26.7,0.0,0.04,0.021,0.045,0.2,2.9,0.0,0.3,0.0,0.076,0.8,0.028,7.4,0.1,1.7,23.8,0.0,377.2,323.9,0.092,2.5,58.8,False,False,False,True,True,True,False,0.31054313099041536,0.0,0.0,0.6584664536741214
ground emu cooked,178,5.1,1.4,2.1,0.7,0.0,0.0,Fruits & Produce,31.0,0.0,0.025,94.8,71.8,0.2,0.0,0.3,0.038,0.014,0.6,9.7,3.4,0.9,0.0,0.0,0.3,0.044,8.7,0.3,5.5,31.6,0.085,293.2,408.8,0.044,37.595,False,True,True,False,True,True,False,0.6966292134831461,0.0,0.0,0.25786516853932584
ostrich leg raw,94,1.5,0.5,0.5,0.3,0.0,0.0,Fruits & Produce,19.0,0.0,0.067,56.1,64.6,0.0,0.2,0.034,0.097,0.3,4.1,1.0,0.4,0.0,0.0,0.2,0.0,4.3,0.1,2.0,18.7,0.06,187.0,272.0,0.026,3.3,26.8,False,True,True,False,True,True,False,0.8085106382978723,0.0,0.0,0.14361702127659576
ostrich strip raw,108,2.4,0.8,1.0,0.5,0.0,0.0,Fruits & Produce,20.1,0.0,0.086,62.1,63.0,0.0,0.2,0.011,0.03,0.3,4.4,1.1,0.5,0.0,0.0,0.2,0.0,4.3,0.1,3.6,19.6,0.088,192.1,280.5,0.005,3.4,30.4,False,True,True,False,True,True,False,0.7444444444444445,0.0,0.0,0.19999999999999998
emu fillet cooked,607,9.1,2.3,3.6,1.3,0.0,0.0,Fruits & Produce,123.2,0.0,0.2,323.1,261.7,0.0,1.4,0.05,0.062,2.4,38.7,13.3,3.6,0.0,0.0,0.9,0.0,23.6,0.9,18.0,118.2,0.1,1071.7,1564.2,0.2,12.6,173.9,False,False,False,True,True,True,False,0.8118616144975288,0.0,0.0,0.13492586490939043
ostrich tenderloin raw,105,2.7,1.0,1.0,0.6,0.0,0.0,Fruits & Produce,18.8,0.0,0.005,68.0,63.3,0.0,0.2,0.1,0.049,0.2,4.1,1.0,0.4,0.0,0.0,0.2,0.0,5.1,0.1,4.1,18.7,0.019,187.0,272.0,0.087,3.3,30.7,False,True,True,False,True,True,False,0.7161904761904763,0.0,0.0,0.23142857142857143
emu drums cooked,649,8.4,2.7,3.6,1.7,0.0,0.0,Fruits & Produce,134.7,0.0,0.5,378.6,267.5,0.084,1.7,0.042,0.084,2.6,42.3,14.6,3.9,0.0,0.0,1.0,0.0,25.0,1.1,30.2,137.3,0.1,1277.1,1297.9,0.2,21.2,198.375,False,False,False,True,True,True,False,0.8302003081664098,0.0,0.0,0.1164869029275809
green turtle raw,25,0.1,0.015,0.093,0.074,0.0,0.0,Fruits & Produce,5.6,0.0,0.099,14.2,22.2,0.089,0.024,0.087,0.019,0.084,0.3,0.0,0.088,0.0,0.0,0.1,0.081,33.4,0.08,0.4,5.7,0.0,50.9,65.1,0.035,0.3,39.567,False,True,True,False,True,True,False,0.8959999999999999,0.0,0.0,0.036000000000000004
ground bison cooked,448,21.6,8.7,8.2,1.0,0.0,0.0,Fruits & Produce,63.6,0.0,0.2,177.5,162.7,0.0,0.3,0.015,0.006,0.7,14.9,0.0,1.0,0.0,0.0,0.5,0.011,35.0,0.4,8.0,57.5,0.0,532.5,882.5,0.006,13.4,128.2,False,False,False,True,True,True,False,0.5678571428571428,0.0,0.0,0.43392857142857144
goat meat raw,494,10.5,3.2,4.7,0.8,0.0,0.0,Fruits & Produce,93.4,0.0,0.4,258.6,344.0,0.0,0.5,0.084,0.03,2.2,17.0,0.0,0.0,0.0,0.0,0.0,0.0,59.0,1.2,12.8,0.0,0.2,816.5,1746.4,0.01,18.1,175.7,False,False,False,True,True,True,False,0.7562753036437248,0.0,0.0,0.19129554655870445
ground emu raw,157,4.7,1.2,1.9,0.7,0.0,0.0,Fruits & Produce,26.6,0.0,0.062,80.7,85.3,0.0,0.3,0.073,0.051,0.5,8.8,3.2,0.8,0.0,0.0,0.3,0.0,8.2,0.2,4.7,28.1,0.02,259.7,374.4,0.061,4.1,44.2,False,True,True,False,True,True,False,0.6777070063694268,0.0,0.0,0.26942675159235674
ground ostrich raw,180,9.5,2.4,2.9,1.0,0.0,0.0,Fruits & Produce,22.0,0.0,0.021,77.4,77.5,0.0,0.2,0.071,0.032,0.3,4.8,1.2,0.5,0.0,0.0,0.3,0.0,7.6,0.1,3.2,21.8,0.025,216.9,317.2,0.067,3.8,42.3,False,True,True,False,True,True,False,0.4888888888888889,0.0,0.0,0.475
ostrich tip cooked,123,2.2,0.9,0.8,0.4,0.0,0.0,Fruits & Produce,24.2,0.0,0.086,72.3,58.2,0.0,0.2,0.02,0.077,0.2,6.1,1.1,0.5,0.0,0.0,0.2,0.0,5.1,0.1,2.4,21.3,0.013,213.4,307.7,0.019,4.1,33.9,False,True,True,False,True,True,False,0.7869918699186992,0.0,0.0,0.16097560975609757
caribou cooked,210,6.4,2.5,2.0,1.0,0.0,0.0,Fruits & Produce,38.0,0.0,0.004,141.2,86.4,0.1,0.4,0.055,0.032,1.1,7.8,2.0,0.5,0.0,0.0,1.2,0.009,6.6,0.4,6.3,31.7,0.049,283.8,323.4,0.073,5.7,57.4,False,False,False,True,True,True,False,0.7238095238095238,0.0,0.0,0.2742857142857143
ground ostrich cooked,163,6.6,1.7,2.0,0.7,0.0,0.0,Fruits & Produce,24.3,0.0,0.099,77.2,62.4,0.2,0.0,0.2,0.045,0.044,0.2,6.1,1.1,0.5,0.0,0.033,0.2,0.0,7.4,0.1,3.2,21.4,0.076,208.3,300.4,0.033,31.712,False,True,True,False,True,True,False,0.596319018404908,0.0,0.0,0.36441717791411044
ostrich leg cooked,120,1.6,0.6,0.6,0.3,0.0,0.0,Fruits & Produce,24.7,0.0,0.016,62.1,59.5,0.0,0.2,0.074,0.023,0.3,6.2,1.1,0.5,0.0,0.0,0.2,0.0,5.1,0.1,2.7,21.3,0.035,207.4,299.2,0.05,4.0,34.1,False,True,True,False,True,True,False,0.8233333333333334,0.0,0.0,0.12000000000000001
ostrich top loin cooked,132,3.3,1.1,1.1,0.3,0.0,0.0,Fruits & Produce,23.9,0.0,0.029,79.1,57.8,0.1,0.0,0.2,0.082,0.062,0.2,6.0,1.1,0.5,0.0,0.0,0.2,0.046,5.1,0.1,2.8,21.3,0.075,208.3,300.1,0.017,27.982,False,True,True,False,True,True,False,0.7242424242424242,0.0,0.0,0.225
ostrich strip cooked,139,3.6,1.5,1.5,0.6,0.0,0.0,Fruits & Produce,25.0,0.0,0.034,82.5,56.6,0.0,0.2,0.012,0.081,0.3,6.3,1.2,0.5,0.0,0.0,0.2,0.0,4.3,0.1,4.1,22.1,0.013,215.1,311.1,0.018,4.2,37.0,False,True,True,False,True,True,False,0.7194244604316546,0.0,0.0,0.2330935251798561
ostrich tip raw,97,2.0,0.7,0.7,0.4,0.0,0.0,Fruits & Produce,18.6,0.0,0.041,61.2,64.7,0.0,0.2,0.099,0.017,0.2,4.0,1.0,0.4,0.0,0.0,0.2,0.0,4.3,0.1,2.4,18.7,0.034,181.1,263.5,0.033,3.2,27.3,False,True,True,False,True,True,False,0.7670103092783506,0.0,0.0,0.18556701030927836
ostrich round raw,99,2.0,0.7,0.7,0.4,0.0,0.0,Fruits & Produce,18.7,0.0,0.074,60.4,64.3,0.0,0.2,0.087,0.012,0.2,4.0,1.0,0.4,0.0,0.0,0.2,0.0,4.3,0.1,3.0,18.7,0.018,183.6,267.8,0.073,3.2,28.0,False,True,True,False,True,True,False,0.7555555555555555,0.0,0.0,0.18181818181818182
ground bison raw,124,6.1,2.5,2.3,0.3,0.099,0.0,Fruits & Produce,17.2,0.0,0.042,46.8,60.9,0.0,0.1,0.02,0.008,0.2,4.5,0.0,0.3,0.0,0.0,0.2,0.023,9.4,0.1,2.4,17.9,0.0,164.9,278.8,0.014,3.9,35.102,False,True,True,False,True,True,False,0.5548387096774193,0.0,0.0,0.442741935483871
ostrich fan raw,99,2.3,0.8,0.8,0.4,0.0,0.0,Fruits & Produce,18.5,0.0,0.04,62.1,64.5,0.0,0.2,0.045,0.09,0.2,4.0,1.0,0.4,0.0,0.0,0.2,0.0,5.1,0.1,3.7,18.7,0.018,179.4,261.8,0.003,3.2,29.6,False,True,True,False,True,True,False,0.7474747474747475,0.0,0.0,0.20909090909090908
ostrich top loin raw,101,2.5,1.0,0.9,0.5,0.0,0.0,Fruits & Produce,18.4,0.0,0.073,63.8,64.0,0.0,0.2,0.042,0.032,0.2,4.0,1.0,0.4,0.0,0.0,0.2,0.0,5.1,0.1,2.7,18.7,0.082,181.9,265.2,0.099,3.2,28.7,False,True,True,False,True,True,False,0.7287128712871287,0.0,0.0,0.22277227722772278
veal brain cooked,461,32.6,7.4,5.9,5.1,0.0,0.0,Fruits & Produce,38.9,0.0,0.5,10509.0,260.7,0.0,0.3,0.024,0.084,0.7,8.2,3.4,0.6,44.1,0.0,0.0,0.0,54.2,0.9,5.7,54.2,0.1,1305.2,725.5,0.055,5.5,175.5,False,False,False,True,True,True,False,0.337527114967462,0.0,0.0,0.6364425162689805
veal tongue cooked,515,25.8,11.1,11.8,1.0,0.0,0.0,Fruits & Produce,65.9,0.0,0.2,606.9,163.4,0.0,0.2,0.098,0.016,0.9,3.7,1.9,0.4,15.3,0.0,0.0,0.0,23.0,0.5,5.3,45.9,0.1,423.3,413.1,0.016,11.5,135.3,False,False,False,True,True,True,False,0.5118446601941748,0.0,0.0,0.45087378640776704
beef heart cooked,47,1.3,0.4,0.3,0.3,0.057,0.0,Fruits & Produce,8.1,0.0,0.024,60.0,18.6,0.016,0.0,0.062,0.047,0.05,0.3,1.9,0.5,0.048,0.0,0.022,0.089,0.038,1.4,0.2,1.8,5.9,0.03,71.9,62.0,0.015,9.714,False,False,False,True,True,True,False,0.6893617021276596,0.0,0.0,0.24893617021276598
turkey liver cooked,100,4.3,1.2,0.6,1.1,0.0,0.0,Fruits & Produce,14.3,0.0,0.083,343.4,33.9,5.7,0.1,0.4,0.096,1.4,5.9,2.3,0.5,12.0,0.0,0.083,0.068,10.1,0.6,0.9,13.8,0.2,165.4,81.1,0.022,2.4,47.3,False,False,False,True,True,True,False,0.5720000000000001,0.0,0.0,0.38699999999999996
veal thymus cooked,35,0.9,0.3,0.3,0.066,0.0,0.0,Fruits & Produce,6.4,0.0,0.036,99.1,20.8,0.0,0.055,0.052,0.095,0.084,1.0,0.3,0.005,11.2,0.0,0.079,0.0,1.1,0.029,0.4,6.8,0.063,177.4,123.1,0.059,0.6,20.0,False,True,True,False,True,True,False,0.7314285714285714,0.0,0.0,0.23142857142857143
beef brain cooked,688,55.6,13.1,14.0,8.1,0.0,0.0,Fruits & Produce,44.1,0.0,0.6,7002.5,248.3,0.0,0.5,0.097,0.057,0.9,13.3,2.0,1.4,11.6,0.0,0.0,0.0,31.6,0.8,7.8,52.7,0.1,1354.9,1242.5,0.09,4.7,150.7,False,False,False,True,True,True,False,0.2563953488372093,0.0,0.0,0.7273255813953489
beef pancreas cooked,602,38.2,13.1,13.2,7.1,0.0,0.0,Fruits & Produce,60.2,0.0,0.1,581.6,123.4,0.0,0.4,0.093,0.052,1.1,8.8,9.4,0.4,45.1,0.0,0.0,0.0,35.5,0.2,5.8,46.6,0.5,1005.7,546.1,0.1,10.2,184.8,False,False,False,True,True,True,False,0.4,0.0,0.0,0.5710963455149501
beef tripe cooked,80,3.4,1.2,1.4,0.2,1.7,0.0,Fruits & Produce,10.0,0.0,0.045,133.5,69.4,0.0,0.0,0.038,0.053,0.0,0.4,0.089,0.0,0.0,0.0,0.1,0.0,68.9,0.0,0.6,12.8,0.041,56.1,35.7,0.01,1.5,84.6,False,False,False,True,True,True,False,0.5,0.0,0.0,0.38249999999999995
chicken gizzard cooked,223,3.9,1.0,0.8,0.5,0.0,0.0,Fruits & Produce,44.1,0.0,0.069,536.5,98.5,0.0,0.094,0.074,0.095,0.3,4.5,0.7,0.1,0.0,0.0,0.3,0.0,24.7,0.2,4.6,4.4,0.1,274.1,259.6,0.047,6.4,77.3,False,False,False,True,True,True,False,0.7910313901345292,0.0,0.0,0.15739910313901345
pork pancreas cooked,537,26.5,9.1,9.2,5.0,0.0,0.0,Fruits & Produce,69.8,0.0,0.1,771.8,147.7,0.0,0.2,0.086,0.058,1.6,7.9,11.6,1.1,14.0,0.0,0.0,0.0,39.2,0.3,6.6,56.4,0.5,713.0,411.6,0.2,10.5,156.1,False,False,False,True,True,True,False,0.5199255121042831,0.0,0.0,0.4441340782122905
beef tongue cooked,80,6.3,2.3,2.9,0.2,0.0,0.0,Fruits & Produce,5.5,0.0,0.029,37.4,16.4,0.0,0.042,0.007,0.072,0.025,1.0,0.2,0.067,0.4,0.067,0.074,0.049,1.4,0.048,0.7,4.2,0.03,41.0,52.1,0.065,1.2,14.3,False,False,False,True,True,True,False,0.275,0.0,0.0,0.70875
lamb heart cooked,353,15.1,6.0,4.2,1.5,3.7,0.0,Fruits & Produce,47.7,0.0,0.1,475.6,122.6,0.0,0.3,0.006,0.051,2.3,8.3,2.6,0.6,13.4,0.0,0.0,0.0,26.7,1.2,10.5,45.8,0.1,485.1,359.1,0.04,7.0,117.1,False,False,False,True,True,True,False,0.5405099150141643,0.0,0.0,0.384985835694051
beef spleen cooked,447,12.9,4.3,3.4,1.0,0.0,0.0,Fruits & Produce,77.3,0.0,0.2,1068.8,215.5,0.0,0.1,0.035,0.06,0.9,17.1,2.7,0.1,154.9,0.0,0.0,0.0,37.0,2.8,121.2,58.5,0.2,939.4,874.7,0.3,8.6,403.3,False,False,False,True,True,True,False,0.6917225950782997,0.0,0.0,0.25973154362416107
veal kidneys cooked,300,10.4,3.2,2.3,2.1,0.0,0.0,Fruits & Produce,48.4,0.0,0.2,1455.4,124.5,0.4,0.3,0.056,0.002,3.7,8.5,1.6,0.3,14.7,0.0,0.0,0.0,53.4,0.7,5.6,44.2,0.2,684.5,292.6,0.2,7.8,132.9,False,False,False,True,True,True,False,0.6453333333333333,0.0,0.0,0.31200000000000006
chicken heart cooked,268,11.5,3.3,2.9,3.3,0.1,0.0,Fruits & Produce,38.3,0.0,0.081,350.9,94.0,0.033,0.1,0.1,0.034,1.1,4.1,3.8,0.5,2.6,0.0,0.0,0.0,27.6,0.7,13.1,29.0,0.2,288.6,191.4,0.027,10.6,93.286,False,False,False,True,True,True,False,0.5716417910447761,0.0,0.0,0.38619402985074625
lamb tongue cooked,701,51.7,20.0,25.5,3.2,0.0,0.0,Fruits & Produce,55.0,0.0,0.2,482.0,147.5,0.0,0.2,0.082,0.027,1.1,9.4,0.9,0.4,17.9,0.0,0.0,0.0,25.5,0.5,6.7,40.8,0.076,341.7,402.9,0.072,7.6,156.8,False,False,False,True,True,True,False,0.31383737517831667,0.0,0.0,0.6637660485021398
veal heart cooked,368,13.4,3.6,2.8,3.5,0.3,0.0,Fruits & Produce,57.7,0.0,0.1,348.5,123.1,0.0,0.7,0.029,0.048,1.8,9.7,3.3,0.4,19.8,0.0,0.0,0.0,15.8,0.9,8.6,35.6,0.1,495.0,394.0,0.1,4.4,115.6,False,False,False,True,True,True,False,0.6271739130434782,0.0,0.0,0.32771739130434785
chicken liver cooked,76,2.8,0.9,0.6,0.6,0.5,0.0,Fruits & Produce,11.3,0.0,0.079,248.2,28.7,0.006,1.9,0.1,0.2,0.015,1.0,6.1,3.7,0.4,1.2,0.0,0.3,0.0,4.4,0.2,5.7,11.9,0.2,194.5,138.6,0.052,15.238,False,False,False,True,True,True,False,0.5947368421052632,0.0,0.0,0.33157894736842103
lamb pancreas cooked,541,34.9,15.8,12.6,1.7,0.0,0.0,Fruits & Produce,52.7,0.0,0.1,924.0,137.8,0.0,0.022,0.089,0.026,0.5,5.9,2.0,0.1,46.2,0.0,0.0,0.0,27.7,0.2,4.9,43.9,0.049,995.6,672.2,0.1,6.2,166.4,False,False,False,True,True,True,False,0.38964879852125694,0.0,0.0,0.5805914972273567
veal spleen cooked,445,10.0,3.3,2.7,0.7,0.0,0.0,Fruits & Produce,83.1,0.0,0.2,1542.2,245.8,0.0,0.2,0.022,0.051,1.0,18.4,0.0,0.2,138.0,0.0,0.0,0.0,24.2,3.2,25.4,48.3,0.3,1076.4,741.8,0.3,6.6,280.7,False,False,False,True,True,True,False,0.7469662921348315,0.0,0.0,0.20224719101123595
lamb liver cooked,739,29.6,11.5,6.2,4.4,8.5,0.0,Fruits & Produce,102.7,0.0,0.2,1683.4,190.4,25.2,0.8,0.2,0.3,13.5,40.8,13.3,1.6,13.4,0.0,0.0,0.0,26.9,23.8,27.8,73.9,1.7,1411.2,742.6,0.4,26.5,234.1,False,False,False,True,True,True,False,0.5558863328822734,0.0,0.0,0.3604871447902572
turkey gizzard cooked,70,2.1,0.5,0.4,0.3,0.0,0.0,Fruits & Produce,11.9,0.0,0.031,203.4,31.1,0.091,0.03,0.045,0.067,0.2,2.9,0.2,0.027,2.8,0.0,0.025,0.0,7.7,0.1,1.7,9.5,0.063,84.2,86.9,0.033,1.8,26.231,False,False,False,True,True,True,False,0.68,0.0,0.0,0.27
lamp spleen cooked,460,14.1,4.7,3.7,1.0,0.0,0.0,Fruits & Produce,78.1,0.0,0.2,1135.8,195.8,0.0,0.2,0.062,0.028,0.9,17.3,0.0,0.2,76.7,0.0,0.0,0.0,38.4,0.4,114.1,62.0,0.2,1006.0,731.6,0.1,11.6,321.4,False,False,False,True,True,True,False,0.6791304347826086,0.0,0.0,0.2758695652173913
turkey heart cooked,35,1.5,0.4,0.3,0.4,0.0,0.0,Fruits & Produce,5.0,0.0,0.046,71.8,13.4,0.085,0.07,0.091,0.089,0.3,1.6,0.3,0.1,0.6,0.0,0.013,0.0,4.2,0.2,1.4,5.6,0.017,48.2,40.6,0.001,0.9,12.759,False,False,False,True,True,True,False,0.5714285714285714,0.0,0.0,0.38571428571428573
beef liver cooked,130,3.6,1.2,0.4,0.4,3.5,0.0,Fruits & Produce,19.8,0.0,0.068,269.3,40.0,0.2,6.4,0.1,0.2,0.01,2.3,11.9,4.8,0.7,1.3,0.034,0.3,0.07,4.1,9.7,4.4,14.3,0.2,338.0,239.4,0.023,37.539,False,False,False,True,True,True,False,0.6092307692307692,0.0,0.0,0.24923076923076923
lamb lungs cooked,431,11.8,4.0,3.0,1.6,0.0,0.0,Fruits & Produce,75.7,0.0,0.3,1082.0,288.9,0.1,0.1,0.012,0.1,0.5,9.3,0.0,0.2,106.7,0.0,0.0,0.0,45.7,0.9,17.4,41.9,0.064,716.3,483.9,0.095,7.4,257.4,False,False,False,True,True,True,False,0.7025522041763341,0.0,0.0,0.24640371229698377
pork brain cooked,527,36.3,8.2,6.6,5.6,0.0,0.0,Fruits & Produce,46.4,0.0,0.3,9748.6,289.9,0.0,0.3,0.063,0.031,0.9,12.7,7.0,0.5,53.5,0.0,0.0,0.0,34.4,1.0,7.0,45.8,0.3,840.4,744.9,0.003,5.7,177.6,False,False,False,True,True,True,False,0.3521821631878558,0.0,0.0,0.6199240986717267
goose liver,125,4.0,1.5,0.8,0.2,5.9,0.0,Fruits & Produce,15.4,0.0,0.1,484.1,67.5,8.8,0.5,0.7,0.022,0.8,6.1,5.8,0.7,4.2,0.0,0.0,0.0,40.4,7.1,28.7,22.6,0.0,245.3,216.2,0.067,2.9,107.4,False,False,False,True,True,True,False,0.4928,0.0,0.0,0.288
pork kidneys cooked,211,6.6,2.1,2.2,0.5,0.0,0.0,Fruits & Produce,35.6,0.0,0.1,672.0,96.2,0.1,0.6,0.098,0.028,2.2,8.1,4.0,0.6,14.8,0.0,0.0,0.0,18.2,1.0,7.4,25.2,0.2,336.0,200.2,0.4,5.8,82.7,False,False,False,True,True,True,False,0.6748815165876777,0.0,0.0,0.28151658767772514
lamb brain cooked,503,35.3,9.0,6.4,3.6,0.0,0.0,Fruits & Produce,43.5,0.0,0.5,7089.2,262.8,0.0,0.4,0.007,0.088,0.8,8.6,3.4,0.4,41.6,0.0,0.0,0.0,41.6,0.7,5.8,48.6,0.2,1169.4,711.4,0.066,4.7,167.8,False,False,False,True,True,True,False,0.34592445328031807,0.0,0.0,0.6316103379721669
pork heart cooked,215,7.3,1.9,1.7,1.9,0.6,0.0,Fruits & Produce,34.2,0.0,0.053,320.5,98.7,0.017,0.8,0.023,0.0,2.5,8.8,3.6,0.6,2.9,0.0,0.0,0.0,10.2,0.7,8.5,34.8,0.1,258.1,298.7,0.082,4.5,63.745,False,False,False,True,True,True,False,0.6362790697674419,0.0,0.0,0.3055813953488372
lamb kidneys cooked,349,9.2,3.1,2.0,1.7,2.5,0.0,Fruits & Produce,60.3,0.0,0.4,1440.8,179.6,0.3,0.9,0.2,0.2,5.3,15.3,5.2,0.3,30.6,0.0,0.0,0.0,45.9,0.9,31.6,51.0,0.4,739.5,453.9,0.6,9.7,180.4,False,False,False,True,True,True,False,0.6911174785100286,0.0,0.0,0.23724928366762177
beef lungs cooked,364,11.2,3.8,2.9,1.5,0.0,0.0,Fruits & Produce,61.8,0.0,0.3,839.3,231.5,0.095,0.1,0.062,0.09,0.4,7.6,1.9,0.066,99.1,0.0,0.0,0.0,33.3,0.7,16.4,30.3,0.015,539.3,524.2,0.2,5.0,221.858,False,False,False,True,True,True,False,0.679120879120879,0.0,0.0,0.27692307692307694
veal pancreas cooked,614,35.0,12.0,12.1,6.5,0.0,0.0,Fruits & Produce,69.8,0.0,0.2,0.0,133.7,0.0,0.4,0.068,0.082,1.2,10.0,0.0,0.5,14.4,0.0,0.0,0.0,43.2,0.2,5.7,57.6,0.6,1228.8,667.2,0.098,12.5,168.1,True,True,True,False,True,True,False,0.4547231270358306,0.0,0.0,0.5130293159609121
pork liver cooked,584,15.6,5.0,2.2,3.7,13.3,0.0,Fruits & Produce,92.1,0.0,0.2,1256.7,227.7,19.1,0.9,0.6,0.071,7.8,29.9,16.9,2.0,83.5,0.0,0.0,0.0,35.4,2.2,63.4,49.6,1.1,853.1,531.0,0.2,23.8,322.4,False,False,False,True,True,True,False,0.6308219178082192,0.0,0.0,0.2404109589041096
beef kidneys cooked,45,1.3,0.3,0.2,0.2,0.0,0.0,Fruits & Produce,7.7,0.0,0.029,202.6,18.9,0.0,0.001,0.073,0.013,0.8,1.1,0.4,0.1,0.0,0.095,0.099,0.0,5.4,0.2,1.6,3.4,0.007,86.0,38.2,0.049,0.8,16.0,False,False,False,True,True,True,False,0.6844444444444444,0.0,0.0,0.26
turkey giblets cooked,164,6.3,1.6,1.0,1.5,0.0,0.0,Fruits & Produce,25.1,0.0,0.1,495.0,63.3,0.095,4.4,0.2,0.3,0.063,1.5,8.2,2.2,0.5,0.0,0.0,0.1,0.014,17.1,0.7,3.2,23.8,0.2,236.6,168.2,0.072,32.643,False,False,False,True,True,True,False,0.6121951219512195,0.0,0.0,0.34573170731707314
duck liver raw,60,2.0,0.6,0.3,0.3,1.6,0.0,Fruits & Produce,8.2,0.0,0.089,226.6,31.6,5.3,0.2,0.3,0.046,0.4,2.9,2.7,0.3,2.0,0.0,0.0,0.0,4.8,2.6,13.4,10.6,0.1,118.4,101.2,0.069,1.4,37.3,False,False,False,True,True,True,False,0.5466666666666666,0.0,0.0,0.3
veal liver cooked,154,5.0,1.6,0.9,0.9,3.0,0.0,Fruits & Produce,22.7,0.0,0.046,408.8,47.9,0.2,16.9,0.1,0.3,0.09,2.3,10.5,5.2,0.7,0.9,0.0,0.5,0.043,4.8,12.0,4.1,16.0,0.2,368.0,263.2,0.043,43.638,False,False,False,True,True,True,False,0.5896103896103896,0.0,0.0,0.2922077922077922
pork lungs cooked,297,9.3,3.3,2.1,1.1,0.0,0.0,Fruits & Produce,49.8,0.0,0.2,1161.0,240.0,0.0,0.2,0.069,0.049,1.0,4.1,2.0,0.2,23.7,0.0,0.0,0.0,24.0,0.2,49.2,36.0,0.029,558.0,453.0,0.085,7.4,156.0,False,False,False,True,True,True,False,0.6707070707070707,0.0,0.0,0.2818181818181818
veal lungs cooked,312,7.9,2.7,2.0,1.1,0.0,0.0,Fruits & Produce,56.2,0.0,0.2,789.0,232.8,0.0,0.072,0.032,0.016,0.4,6.9,0.0,0.2,102.0,0.0,0.0,0.0,21.0,0.7,10.8,24.0,0.082,696.0,426.0,0.067,3.6,197.9,False,False,False,True,True,True,False,0.7205128205128205,0.0,0.0,0.2278846153846154
beef thymus cooked,1215,95.2,32.8,32.9,17.8,0.0,0.0,Fruits & Produce,83.2,0.0,0.4,1120.1,201.3,0.0,0.3,0.058,0.092,0.9,7.0,7.5,0.3,115.1,0.0,0.0,0.0,38.1,0.2,5.7,38.1,0.4,1386.8,1649.7,0.029,8.4,337.3,False,False,False,True,True,True,False,0.2739094650205761,0.0,0.0,0.7051851851851852
ham,46,2.5,0.1,1.2,0.2,1.0,0.3,Fruits & Produce,4.6,0.4,0.2,16.0,18.8,0.0,0.2,0.079,0.074,0.094,0.8,0.1,0.041,1.1,0.08,0.076,0.0,6.7,0.002,0.3,6.2,0.2,42.8,80.4,0.063,0.4,16.6,False,False,False,True,True,True,False,0.39999999999999997,0.8695652173913043,0.02608695652173913,0.4891304347826087
pork meat cooked,283,14.1,4.4,6.8,2.1,0.0,0.0,Fruits & Produce,14.1,0.0,0.7,112.6,79.2,0.02,0.8,0.0,0.044,0.3,11.0,0.7,0.7,0.0,0.095,0.0,0.0,10.7,0.082,0.7,41.5,0.077,369.8,615.1,0.048,2.6,39.657,False,False,False,True,True,True,False,0.19929328621908127,0.0,0.0,0.44840989399293285
bacon roasted,43,3.3,1.1,1.5,0.4,0.1,0.0,Fruits & Produce,3.0,0.0,0.034,8.8,1.0,0.0,0.037,0.05,0.007,0.081,0.015,0.9,0.051,0.09,0.0,0.002,0.039,0.097,0.9,0.096,0.1,2.6,0.003,42.6,45.2,0.09,6.516,False,False,False,True,True,True,False,0.27906976744186046,0.0,0.0,0.6906976744186046
pork top loin roasts raw,3644,182.8,35.1,40.8,14.3,0.0,0.0,Fruits & Produce,468.4,0.0,1.0,1404.8,1539.6,0.09,9.4,0.0,0.075,4.0,122.2,15.8,15.8,0.0,0.042,2.6,0.0,153.7,1.2,11.6,526.8,0.2,4741.2,7858.1,0.6,38.0,816.574,False,False,False,True,True,True,False,0.5141602634467618,0.0,0.0,0.45148188803512623
pork blade roll raw,76,6.2,2.2,2.8,0.7,0.0,0.0,Fruits & Produce,4.7,0.0,0.4,15.0,16.7,0.0,0.2,0.076,0.08,0.089,0.8,0.2,0.097,0.014,0.0,0.0,0.0,2.0,0.084,0.2,3.7,0.042,56.3,83.5,0.078,0.7,13.143,False,False,False,True,True,True,False,0.2473684210526316,0.0,0.0,0.7342105263157895
pork backribs raw,2399,174.9,61.9,73.5,28.7,0.0,0.0,Fruits & Produce,204.2,0.0,0.9,739.0,679.8,0.035,4.9,0.0,0.028,3.3,72.6,8.8,4.5,0.0,0.025,2.6,0.0,332.0,1.0,8.1,171.4,0.085,1649.3,2645.4,0.3,27.2,719.224,False,False,False,True,True,True,False,0.3404751979991663,0.0,0.0,0.656148395164652
pork spareribs cooked,703,53.6,19.7,23.9,4.8,0.0,0.0,Fruits & Produce,51.4,0.0,0.2,214.2,71.5,0.065,0.7,0.022,0.016,0.7,9.7,1.3,0.6,0.0,0.043,0.6,0.0,83.2,0.3,3.3,42.5,0.083,462.0,566.4,0.092,8.1,191.598,False,False,False,True,True,True,False,0.29246088193456615,0.0,0.0,0.6862019914651494
pork stomach cooked,44,2.1,0.8,0.6,0.2,0.029,0.0,Fruits & Produce,6.1,0.0,0.035,89.4,20.0,0.0,0.08,0.09,0.067,0.05,0.4,0.2,0.038,0.0,0.0,0.087,0.0,4.2,0.048,0.3,4.2,0.015,36.5,24.1,0.077,0.8,12.779,False,False,False,True,True,True,False,0.5545454545454546,0.0,0.0,0.4295454545454546
honey smoked ham cooked,67,1.3,0.6,0.9,0.2,4.0,0.0,Fruits & Produce,9.9,0.0,0.5,12.1,38.5,0.0,0.2,0.013,0.091,0.097,1.3,0.1,0.1,0.3,0.0,0.0,0.0,3.3,0.039,0.2,4.4,0.096,211.2,90.8,0.099,0.5,19.0,False,False,False,True,True,True,False,0.591044776119403,0.0,0.0,0.17462686567164182
boston butt steak raw,844,56.1,19.7,23.6,7.2,0.0,0.0,Fruits & Produce,79.0,0.0,0.3,281.2,313.8,0.051,2.4,0.0,0.088,1.6,19.2,6.6,2.2,0.0,0.028,1.0,0.0,72.6,0.4,5.1,90.7,0.098,861.8,1442.4,0.1,14.0,212.848,False,False,False,True,True,True,False,0.3744075829383886,0.0,0.0,0.5982227488151659
pork sirloin chops cooked,140,4.5,1.5,1.8,0.8,0.0,0.0,Fruits & Produce,23.3,0.0,0.001,65.6,53.9,0.075,0.075,0.5,0.0,0.07,0.2,6.4,0.8,0.4,0.0,0.01,0.1,0.0,9.0,0.012,0.6,20.5,0.073,238.6,337.0,0.043,28.239,False,False,False,True,True,True,False,0.6657142857142857,0.0,0.0,0.2892857142857143
pork country style ribs raw,242,15.1,3.0,3.5,1.2,0.0,0.0,Fruits & Produce,24.8,0.0,0.061,94.7,87.3,0.009,0.5,0.0,0.055,0.3,3.9,2.1,0.7,0.0,0.028,0.3,0.0,28.2,0.023,1.1,26.9,0.072,247.0,407.0,0.048,3.6,69.223,False,False,False,True,True,True,False,0.4099173553719008,0.0,0.0,0.5615702479338843
ham patties,205,18.3,6.6,8.6,2.0,1.1,0.0,Fruits & Produce,8.3,0.0,0.7,45.5,35.4,0.0,0.3,0.061,0.084,0.1,2.0,0.2,0.1,0.0,0.0,0.0,0.0,5.2,0.039,0.7,6.5,0.064,96.9,155.4,0.075,1.0,33.6,False,False,False,True,False,True,False,0.16195121951219513,0.0,0.0,0.8034146341463415
pork feet cooked,67,4.5,1.2,2.3,0.4,0.0,0.0,Fruits & Produce,6.2,0.0,0.046,30.3,17.8,0.0,0.08,0.014,0.048,0.029,0.2,0.047,0.081,0.0,0.0,0.054,0.0,0.0,0.014,0.3,1.4,0.017,23.2,9.3,0.04,0.3,11.0,False,False,False,True,True,True,False,0.3701492537313433,0.0,0.0,0.6044776119402985
ground pork cooked,930,65.0,24.2,29.0,5.9,0.0,0.0,Fruits & Produce,80.4,0.0,0.2,294.2,165.1,0.01,2.2,0.005,0.058,0.7,13.2,1.6,1.2,2.2,0.066,0.7,0.0,68.9,0.1,4.0,75.1,0.081,707.4,1133.1,0.1,10.0,220.513,False,False,False,True,True,True,False,0.34580645161290324,0.0,0.0,0.6290322580645161
pork centre loin chops cooked,328,17.4,5.5,6.6,2.1,0.0,0.0,Fruits & Produce,40.2,0.0,0.065,131.9,97.8,0.2,0.021,0.9,0.0,0.059,0.4,12.8,1.0,1.1,0.0,0.089,0.2,0.0,37.7,0.1,1.2,39.3,0.005,345.4,540.1,0.07,59.0,False,False,False,True,True,True,False,0.49024390243902444,0.0,0.0,0.4774390243902439
pork leg cap steak cooked,307,8.6,2.6,3.7,1.1,0.0,0.0,Fruits & Produce,53.5,0.0,0.1,157.1,133.3,0.0,0.9,0.071,0.068,0.8,15.9,1.5,0.8,0.0,0.0,0.2,0.0,13.6,0.1,1.9,44.6,0.061,428.7,710.0,0.035,8.0,77.6,False,False,False,True,True,True,False,0.6970684039087948,0.0,0.0,0.2521172638436482
pork blade chops raw,376,15.4,5.2,6.1,2.1,0.0,0.0,Fruits & Produce,55.8,0.0,0.2,155.2,191.6,0.039,1.4,0.0,0.055,0.9,18.7,2.9,1.2,0.0,0.067,0.5,0.0,78.9,0.2,1.9,47.3,0.059,594.4,823.2,0.038,7.2,152.089,False,False,False,True,True,True,False,0.5936170212765958,0.0,0.0,0.36861702127659574
pork tenderloin raw,606,17.8,6.0,6.8,2.8,0.0,0.0,Fruits & Produce,104.3,0.0,0.3,328.3,378.6,0.0,5.0,0.0,0.023,1.7,33.4,4.2,3.9,0.0,0.075,1.1,0.0,30.3,0.4,4.9,136.4,0.098,1227.2,1984.7,0.2,9.4,157.3,False,False,False,True,True,True,False,0.6884488448844884,0.0,0.0,0.26435643564356437
pork sirloin chops raw,1090,23.3,8.2,9.9,3.7,0.0,0.0,Fruits & Produce,205.5,0.0,0.6,567.6,669.4,0.023,5.5,0.0,0.083,2.3,66.2,6.6,5.5,0.0,0.005,1.5,0.0,81.1,0.6,5.0,207.2,0.094,2261.5,3189.5,0.3,15.5,314.931,False,False,False,True,True,True,False,0.7541284403669725,0.0,0.0,0.19238532110091744
pork leg cap steak raw,284,7.8,2.7,3.9,1.2,0.0,0.0,Fruits & Produce,50.0,0.0,0.2,145.5,173.7,0.0,1.2,0.004,0.072,1.0,16.4,1.9,1.3,0.0,0.0,0.2,0.0,16.2,0.1,1.9,50.8,0.069,478.2,843.2,0.009,7.3,75.9,False,False,False,True,True,True,False,0.704225352112676,0.0,0.0,0.2471830985915493
pork carcass raw,1706,159.1,56.4,72.3,17.2,0.0,0.0,Fruits & Produce,63.1,0.0,0.2,335.7,226.0,0.007,2.7,0.002,0.096,0.9,17.4,2.4,1.3,1.8,0.0,1.3,0.0,86.2,0.2,3.1,59.0,0.081,703.1,1147.6,0.1,7.2,313.327,False,False,False,True,True,True,False,0.14794841735052755,0.0,0.0,0.8393317702227432
pork splean cooked,446,9.6,3.2,2.6,0.7,0.0,0.0,Fruits & Produce,84.3,0.0,0.3,1507.0,199.4,0.0,0.4,0.002,0.071,0.8,17.8,2.7,0.2,34.7,0.0,0.0,0.0,38.9,0.4,66.5,44.9,0.1,846.2,678.7,0.1,10.6,234.0,False,False,False,True,True,True,False,0.7560538116591928,0.0,0.0,0.19372197309417039
chopped ham,50,2.9,1.0,1.4,0.4,1.2,0.0,Fruits & Produce,4.6,0.0,0.3,16.5,18.3,0.0,0.2,0.008,0.006,0.035,1.1,0.0,0.01,0.0,0.025,0.087,0.0,2.0,0.049,0.2,4.5,0.0,43.4,89.3,0.098,0.5,10.9,False,False,False,True,True,True,False,0.368,0.0,0.0,0.5219999999999999
pork centre loin chops raw,338,18.0,6.0,7.1,2.4,0.0,0.0,Fruits & Produce,41.2,0.0,0.1,137.3,138.7,0.048,1.0,0.0,0.02,0.4,13.2,1.4,1.4,0.0,0.062,0.2,0.0,37.8,0.1,1.3,49.8,0.096,415.9,682.6,0.052,3.5,98.301,False,False,False,True,True,True,False,0.48757396449704143,0.0,0.0,0.47928994082840237
pork blade chops cooked,265,14.6,4.3,5.1,1.9,1.1,0.0,Fruits & Produce,32.4,0.0,0.072,100.9,81.4,0.069,0.8,0.0,0.068,0.3,10.1,1.5,0.7,0.0,0.028,0.3,0.0,10.5,0.1,1.2,31.4,0.076,355.0,533.2,0.085,3.0,59.882,False,False,False,True,True,True,False,0.4890566037735849,0.0,0.0,0.4958490566037736
boston butt steak cooked,494,32.7,12.2,14.8,3.8,0.0,0.0,Fruits & Produce,46.4,0.0,0.1,181.3,101.7,0.066,0.9,0.0,0.064,0.7,7.2,2.4,0.8,0.0,0.051,0.2,0.0,48.1,0.2,3.2,42.6,0.063,384.8,564.3,0.04,9.0,130.498,False,False,False,True,True,True,False,0.3757085020242915,0.0,0.0,0.595748987854251
pork meat raw,179,18.6,6.2,7.9,3.7,0.0,0.0,Fruits & Produce,2.6,0.0,0.021,20.4,7.0,0.094,0.05,0.0,0.086,0.059,0.7,0.1,0.07,0.0,0.055,0.1,0.0,4.0,0.076,0.07,1.7,0.0,23.8,94.2,0.046,0.2,25.261,False,False,False,True,False,True,False,0.05810055865921788,0.0,0.0,0.935195530726257
pork top loin chops raw,287,12.8,4.5,5.5,1.6,0.0,0.0,Fruits & Produce,39.9,0.0,0.099,124.0,130.2,0.074,1.2,0.0,0.087,0.3,14.8,1.3,1.3,0.0,0.089,0.2,0.0,13.0,0.1,0.9,48.1,0.02,418.1,690.1,0.096,2.9,66.684,False,False,False,True,True,True,False,0.5560975609756097,0.0,0.0,0.4013937282229965
pork blade steak braised,694,44.7,16.6,20.1,5.3,0.087,0.0,Fruits & Produce,68.2,0.0,0.4,256.1,148.2,0.4,0.0,1.1,0.0,0.1,0.9,9.5,3.5,1.2,0.0,0.032,0.3,0.0,71.3,0.5,4.5,52.8,0.06,599.3,976.8,0.1,115.063,False,False,False,True,True,True,False,0.3930835734870317,0.0,0.0,0.5796829971181556
pork boston steaks cooked,438,28.1,10.1,12.5,2.5,0.0,0.0,Fruits & Produce,43.2,0.0,0.1,160.6,96.8,0.06,1.2,0.096,0.046,0.7,6.9,1.2,0.5,0.5,0.091,0.5,0.0,60.8,0.003,2.4,35.5,0.037,354.9,550.9,0.06,7.6,135.049,False,False,False,True,True,True,False,0.3945205479452055,0.0,0.0,0.5773972602739726
bacon cooked,43,3.1,1.1,1.4,0.5,0.068,0.0,Fruits & Produce,3.5,0.0,0.2,10.1,1.9,0.053,0.0,0.031,0.0,0.037,0.066,1.0,0.1,0.047,0.0,0.0,0.009,0.0,1.2,0.047,0.1,3.1,0.071,35.4,47.8,0.064,6.747,False,False,False,True,True,True,False,0.32558139534883723,0.0,0.0,0.6488372093023256
pickled pork hocks,48,3.0,0.9,1.5,0.3,0.0,0.0,Fruits & Produce,5.4,0.0,0.3,25.2,19.2,0.055,0.056,0.058,0.061,0.066,0.3,0.02,0.047,0.0,0.0,0.047,0.0,5.4,0.063,0.3,1.7,0.018,17.0,13.3,0.089,0.7,14.146,False,False,False,True,True,True,False,0.45,0.0,0.0,0.5625
pork boston roast cooked,705,49.4,18.3,21.7,4.6,0.0,0.0,Fruits & Produce,60.5,0.0,0.2,225.3,150.6,0.061,1.7,0.084,0.041,0.9,10.6,1.7,0.6,1.8,0.029,0.5,0.0,73.4,0.3,3.8,47.2,0.052,516.1,869.8,0.022,10.4,188.948,False,False,False,True,True,True,False,0.3432624113475177,0.0,0.0,0.6306382978723404
canadian style bacon grilled,43,2.0,0.7,0.9,0.2,0.3,0.0,Fruits & Produce,5.7,0.0,0.4,13.6,14.5,0.0,0.2,0.07,0.03,0.054,1.6,0.1,0.1,0.0,0.048,0.061,0.0,2.4,0.043,0.2,4.9,0.023,69.6,91.7,0.058,0.4,10.6,False,False,False,True,True,True,False,0.5302325581395348,0.0,0.0,0.4186046511627907
ham steak,70,2.4,0.8,1.1,0.3,0.0,0.0,Fruits & Produce,11.1,0.0,0.7,25.7,41.2,0.0,0.5,0.064,0.08,0.1,2.9,0.4,0.2,18.4,0.0,0.0,0.0,2.3,0.05,0.6,10.8,0.011,148.2,185.3,0.068,1.2,34.8,False,False,False,True,True,True,False,0.6342857142857142,0.0,0.0,0.30857142857142855
pork backfat,3683,402.3,146.1,190.3,46.9,0.0,0.0,Fruits & Produce,13.2,0.0,0.064,258.6,34.9,0.032,0.4,0.072,0.035,0.2,4.5,0.5,0.2,0.5,0.003,0.0,0.0,9.1,0.094,0.8,9.1,0.082,172.4,294.8,0.063,1.7,425.932,False,False,False,True,True,True,False,0.01433613901710562,0.0,0.0,0.9830844420309531
bacon baked,44,3.5,1.1,1.5,0.4,0.1,0.0,Fruits & Produce,2.9,0.0,0.2,8.7,1.0,0.0,0.052,0.09,0.095,0.053,0.058,0.9,0.077,0.084,0.0,0.0,0.038,0.047,0.8,0.054,0.1,2.4,0.078,41.0,43.7,0.003,6.673,False,False,False,True,True,True,False,0.2636363636363636,0.0,0.0,0.7159090909090909
pork arm picnic raw,5298,343.4,113.6,147.3,67.9,0.0,0.0,Fruits & Produce,513.6,0.0,2.3,1729.4,1875.9,0.1,16.1,0.0,0.04,6.8,124.0,27.9,12.1,0.0,0.064,5.8,0.0,329.4,2.0,15.6,494.1,0.3,5490.0,11336.9,0.6,59.0,1202.1,False,False,False,True,True,True,False,0.38776896942242356,0.0,0.0,0.5833522083805209
salt pork raw,212,22.8,8.3,10.7,2.7,0.0,0.0,Fruits & Produce,1.4,0.0,0.8,24.3,3.1,0.0,0.054,0.011,0.049,0.01,0.5,0.078,0.048,0.0,0.035,0.0,0.0,1.7,0.053,0.1,2.0,0.073,14.7,18.7,0.056,0.3,26.0,False,False,False,True,False,True,False,0.02641509433962264,0.0,0.0,0.9679245283018869
pork arm picnic cooked,5292,322.7,109.3,139.0,62.7,0.0,0.0,Fruits & Produce,560.3,0.0,2.2,1936.7,1351.9,0.007,9.9,0.1,0.086,7.3,119.5,27.0,7.8,0.0,0.062,5.9,0.0,360.3,2.4,20.7,495.4,0.5,5404.8,8039.6,0.7,69.8,1264.074,False,False,False,True,True,True,False,0.4235071806500378,0.0,0.0,0.5488095238095237
pork top loin chops cooked,270,11.2,4.3,4.9,1.7,0.0,0.0,Fruits & Produce,39.4,0.0,0.064,97.2,84.3,0.062,0.02,0.7,0.0,0.067,0.3,13.4,1.4,0.7,0.0,0.043,0.3,0.0,16.2,0.1,1.2,31.1,0.052,298.4,352.4,0.079,51.481,False,False,False,True,True,True,False,0.5837037037037037,0.0,0.0,0.37333333333333335
ground pork raw,329,26.5,9.8,11.8,2.4,0.0,0.0,Fruits & Produce,21.1,0.0,0.033,90.0,76.3,0.034,0.9,0.055,0.005,0.3,5.4,0.8,0.5,0.9,0.0,0.0,0.0,17.5,0.08,1.1,23.8,0.083,218.8,358.8,0.039,2.8,67.15,False,False,False,True,True,True,False,0.25653495440729485,0.0,0.0,0.7249240121580547
pork shoulder raw,1070,81.6,28.3,36.3,8.7,0.0,0.0,Fruits & Produce,77.9,0.0,0.3,322.1,290.4,0.087,3.5,0.077,0.034,1.2,17.4,3.3,1.6,3.2,0.025,0.9,0.0,68.0,0.4,4.8,81.6,0.083,825.6,1369.9,0.1,12.2,235.572,False,False,False,True,True,True,False,0.29121495327102803,0.0,0.0,0.6863551401869159
pork chitterlings cooked,66,5.8,2.7,2.0,0.3,0.0,0.0,Fruits & Produce,3.5,0.0,0.078,78.4,19.2,0.0,0.0,0.099,0.024,0.056,0.093,0.065,0.059,0.0,0.0,0.0,0.083,0.0,7.1,0.056,0.4,2.5,0.033,18.7,4.0,0.07,9.329,False,False,False,True,False,True,False,0.21212121212121213,0.0,0.0,0.7909090909090909
pork breakfast strips cooked,52,4.1,1.4,1.9,0.6,0.1,0.0,Fruits & Produce,3.3,0.0,0.2,11.9,3.0,0.0,0.039,0.02,0.02,0.073,0.9,0.1,0.068,0.0,0.066,0.057,0.0,1.6,0.054,0.2,2.9,0.085,29.9,52.7,0.061,0.4,9.3,False,False,False,True,True,True,False,0.25384615384615383,0.0,0.0,0.7096153846153845
pork blade roll roasted,1079,88.3,31.5,41.5,9.4,1.4,0.0,Fruits & Produce,65.0,0.0,3.7,251.9,211.2,0.0,1.7,0.032,0.007,1.1,8.9,2.9,0.8,12.0,0.0,0.0,0.0,26.3,0.3,3.3,48.9,0.098,586.6,729.4,0.1,9.2,196.3,False,False,False,True,True,True,False,0.24096385542168675,0.0,0.0,0.7365152919369786
pork tail cooked,1089,98.5,34.2,46.4,10.8,0.0,0.0,Fruits & Produce,46.8,0.0,0.093,354.8,128.4,0.0,0.2,0.002,0.061,0.2,3.1,1.2,0.7,0.0,0.0,0.0,0.0,38.5,0.2,2.2,19.3,0.087,129.3,431.8,0.087,4.5,186.0,False,False,False,True,True,True,False,0.171900826446281,0.0,0.0,0.8140495867768595
pork centre rib roasts raw,275,9.7,3.3,4.0,1.1,0.0,0.0,Fruits & Produce,44.0,0.0,0.1,113.1,146.2,0.0,1.0,0.0,0.094,0.4,13.5,1.5,1.5,0.0,0.072,0.3,0.0,48.5,0.1,1.2,50.5,0.053,436.3,725.2,0.05,4.0,103.4,False,False,False,True,True,True,False,0.64,0.0,0.0,0.31745454545454543
pork centre rib roasts roasted,1942,114.9,42.6,48.4,19.4,0.0,0.0,Fruits & Produce,211.3,0.0,0.7,610.7,452.3,0.8,0.041,4.1,0.0,0.018,2.3,74.3,11.6,3.8,0.0,0.094,1.6,0.0,148.8,0.7,7.5,164.4,0.063,1800.9,2129.8,0.3,331.5,False,False,False,True,True,True,False,0.43522142121524204,0.0,0.0,0.5324922760041195
minced ham,55,4.3,1.5,2.0,0.5,0.4,0.0,Fruits & Produce,3.4,0.0,0.3,14.7,12.0,0.0,0.1,0.094,0.059,0.073,0.9,0.094,0.081,0.0,0.058,0.012,0.0,2.1,0.029,0.2,3.4,0.074,33.0,65.3,0.048,0.4,10.4,False,False,False,True,True,True,False,0.24727272727272726,0.0,0.0,0.7036363636363635
ham roasted,316,21.3,7.1,9.9,2.5,0.6,0.0,Fruits & Produce,28.7,0.0,1.3,86.8,85.3,0.0,1.1,0.033,0.054,0.4,7.4,1.0,0.4,19.6,0.0,0.0,0.0,11.2,0.2,1.9,23.8,0.084,340.2,499.8,0.053,3.5,83.3,False,False,False,True,True,True,False,0.3632911392405063,0.0,0.0,0.6066455696202532
pork loin raw,232,14.7,5.1,6.6,1.6,0.0,0.0,Fruits & Produce,23.1,0.0,0.003,73.7,78.3,0.049,1.1,0.013,0.019,0.3,5.4,0.8,0.6,0.7,0.044,0.2,0.0,21.1,0.037,0.9,24.6,0.066,230.5,416.5,0.013,2.0,60.563,False,False,False,True,True,True,False,0.39827586206896554,0.0,0.0,0.570258620689655
pork backribs roasted,2564,188.9,68.5,81.6,31.0,0.0,0.0,Fruits & Produce,202.0,0.0,0.8,737.5,481.3,1.7,0.023,4.0,0.0,0.08,2.9,67.0,11.1,3.6,0.0,0.068,2.2,0.0,403.9,0.9,8.1,149.3,0.065,1448.7,2107.2,0.3,397.1,False,False,False,True,True,True,False,0.31513260530421217,0.0,0.0,0.6630655226209049
pork belly raw,2350,240.5,87.7,112.0,25.6,0.0,0.0,Fruits & Produce,42.4,0.0,0.1,326.6,166.7,0.095,1.8,0.088,0.075,1.1,21.1,1.2,0.6,1.4,0.0,1.8,0.0,22.7,0.2,2.4,18.1,0.01,489.9,839.2,0.085,4.6,309.486,False,False,False,True,True,True,False,0.07217021276595745,0.0,0.0,0.921063829787234
ham raw,266,18.2,6.0,8.7,2.1,0.046,0.0,Fruits & Produce,23.8,0.0,1.5,54.6,93.2,0.0,1.3,0.021,0.034,0.3,4.5,0.6,0.7,0.0,0.054,0.3,0.0,8.4,0.075,1.2,19.6,0.063,245.0,442.4,0.065,2.3,51.697,False,False,False,True,True,True,False,0.35789473684210527,0.0,0.0,0.6157894736842104
ham extra lean,45,2.3,0.8,1.1,0.3,0.6,0.0,Fruits & Produce,5.1,0.0,0.4,14.8,18.7,0.0,0.2,0.022,0.097,0.028,1.4,0.1,0.1,0.0,0.094,0.04,0.0,2.0,0.075,0.3,5.0,0.049,66.1,83.2,0.041,0.6,10.3,False,False,False,True,True,True,False,0.4533333333333333,0.0,0.0,0.45999999999999996
pork feet pickled,635,45.5,13.4,25.8,3.6,0.029,0.0,Fruits & Produce,52.8,0.0,4.3,376.5,340.2,0.098,0.031,0.061,0.003,0.085,1.0,1.2,0.058,0.0,0.01,1.0,0.0,145.2,0.2,1.4,49.9,0.049,394.6,59.0,0.003,0.9,245.019,False,False,False,True,True,True,False,0.3325984251968504,0.0,0.0,0.6448818897637796
pork shoulder cooked,394,28.9,10.6,12.8,2.8,0.0,0.0,Fruits & Produce,31.4,0.0,0.001,121.5,74.0,0.004,0.8,0.065,0.007,0.4,5.4,0.8,0.4,0.7,0.007,0.3,0.0,32.4,0.2,1.8,24.3,0.084,286.2,444.2,0.026,5.0,95.226,False,False,False,True,True,True,False,0.3187817258883249,0.0,0.0,0.6601522842639593
pork top loin roasts roasted,1628,74.8,24.1,29.8,8.5,0.0,0.0,Fruits & Produce,224.3,0.0,0.4,678.4,540.7,0.7,0.011,4.6,0.0,0.051,2.0,60.2,5.7,5.9,0.0,0.017,0.9,0.0,59.4,0.7,5.4,212.0,0.052,1891.0,2959.5,0.3,306.4,False,False,False,True,True,True,False,0.5511056511056511,0.0,0.0,0.41351351351351345
pork skin,154,8.9,3.2,4.2,1.0,0.0,0.0,Fruits & Produce,17.3,0.0,0.5,26.9,0.5,0.037,0.009,0.0,0.036,0.034,0.4,0.1,0.096,0.1,0.0,0.1,0.0,8.5,0.033,0.2,3.1,0.066,24.1,35.9,0.062,0.2,35.03,False,False,False,True,True,True,False,0.4493506493506494,0.0,0.0,0.5201298701298702
pork country style ribs cooked,235,15.2,5.4,6.6,1.8,0.0,0.0,Fruits & Produce,22.8,0.0,0.049,88.6,46.4,0.098,0.4,0.0,0.016,0.2,4.8,1.2,0.4,0.0,0.09,0.1,0.0,29.2,0.072,1.2,19.8,0.025,173.7,247.7,0.026,3.6,68.402,False,False,False,True,True,True,False,0.3880851063829787,0.0,0.0,0.582127659574468
pork blade steak raw,664,43.7,15.4,18.4,5.6,0.6,0.0,Fruits & Produce,67.6,0.0,0.6,243.7,276.5,0.0,1.9,0.0,0.01,1.3,14.8,5.6,1.9,0.0,0.083,0.8,0.0,59.0,0.5,3.8,70.7,0.0,829.2,1536.6,0.1,11.1,174.7,False,False,False,True,True,True,False,0.40722891566265057,0.0,0.0,0.5923192771084338
pork tenderloin cooked,153,6.2,2.2,2.5,0.6,0.0,0.0,Fruits & Produce,22.7,0.0,0.091,71.4,46.4,0.017,0.7,0.051,0.014,0.3,3.8,0.7,0.4,0.8,0.0,0.0,0.0,3.8,0.045,1.1,26.6,0.072,220.4,337.4,0.082,2.2,34.679,False,False,False,True,True,True,False,0.5934640522875817,0.0,0.0,0.3647058823529412
pork loin cooked,213,12.1,4.5,5.4,1.0,0.0,0.0,Fruits & Produce,24.2,0.0,0.077,71.2,51.9,0.008,0.6,0.066,0.024,0.2,3.9,0.6,0.3,0.5,0.007,0.2,0.0,18.7,0.006,1.0,16.9,0.033,161.1,332.9,0.02,2.1,56.575,False,False,False,True,True,True,False,0.4544600938967136,0.0,0.0,0.5112676056338028
pork ears cooked,184,12.0,4.3,5.5,1.3,0.2,0.0,Fruits & Produce,17.7,0.0,0.2,99.9,80.6,0.0,0.004,0.0,0.0,0.07,0.6,0.051,0.066,0.0,0.0,0.0,0.0,20.0,0.086,1.7,7.8,0.086,26.6,44.4,0.044,0.2,51.6,False,False,False,True,True,True,False,0.3847826086956522,0.0,0.0,0.5869565217391305
pork tongue cooked,626,43.0,14.9,20.2,4.5,0.0,0.0,Fruits & Produce,55.7,0.0,0.3,337.3,131.4,0.0,0.7,0.019,0.077,1.2,12.3,1.2,0.5,3.9,0.0,0.0,0.0,43.9,0.3,11.5,46.2,0.054,401.9,547.5,0.04,10.5,158.0,False,False,False,True,True,True,False,0.3559105431309904,0.0,0.0,0.6182108626198083
pork spareribs raw,3593,303.5,97.7,110.8,51.3,0.0,0.0,Fruits & Produce,200.6,0.0,1.1,1037.6,775.0,0.0,4.1,0.0,0.055,3.3,60.5,8.1,7.4,0.0,0.084,4.8,0.0,194.6,1.0,11.8,207.5,0.1,1828.8,3138.7,0.3,32.4,710.5,False,False,False,True,True,True,False,0.22332312830503756,0.0,0.0,0.760228221541887
ham patties grilled,205,18.5,6.7,8.8,2.0,1.0,0.0,Fruits & Produce,8.0,0.0,0.6,43.2,30.8,0.0,0.2,0.034,0.046,0.1,1.9,0.2,0.085,0.0,0.056,0.3,0.0,5.4,0.043,1.0,6.0,0.045,60.6,146.4,0.028,1.1,33.9,False,False,False,True,False,True,False,0.15609756097560976,0.0,0.0,0.8121951219512196
chicken skin roasted,508,45.6,12.8,19.1,9.6,0.0,0.0,Fruits & Produce,22.8,0.0,0.028,93.0,45.1,0.083,0.021,0.08,0.099,0.1,6.3,0.8,0.1,0.0,0.026,0.4,0.032,15.7,0.034,1.7,16.8,0.083,140.0,152.3,0.2,1.4,85.844,False,False,False,True,True,True,False,0.1795275590551181,0.0,0.0,0.8078740157480315
turkey breast raw,3554,158.9,43.2,60.2,37.6,0.0,0.0,Fruits & Produce,495.6,0.0,1.3,1471.6,1585.9,0.015,1.3,0.2,0.004,2.6,117.7,14.1,10.9,0.0,0.0,0.0,0.0,294.3,1.7,27.2,543.4,0.4,4211.0,6226.0,0.5,35.5,976.092,False,False,False,True,True,True,False,0.5577940348902645,0.0,0.0,0.4023916713562184
ground turkey raw,169,8.7,2.3,3.0,2.5,0.0,0.0,Fruits & Produce,22.4,0.0,0.047,78.7,82.5,0.041,0.037,0.073,0.08,0.2,7.7,1.1,0.6,0.0,0.086,0.1,0.0,21.7,0.1,1.2,26.2,0.096,228.0,270.2,0.025,2.7,54.095,False,False,False,True,True,True,False,0.5301775147928994,0.0,0.0,0.4633136094674556
chicken wing cooked,52,3.5,1.0,1.4,0.8,0.0,0.0,Fruits & Produce,4.8,0.0,0.086,14.7,13.1,0.041,0.036,0.071,0.092,0.097,1.0,0.1,0.086,0.0,0.022,0.052,0.092,2.5,0.095,0.2,3.4,0.041,25.4,29.2,0.092,0.3,11.058,False,False,False,True,True,True,False,0.3692307692307692,0.0,0.0,0.6057692307692307
turkey roast roasted,209,7.8,2.6,1.6,2.2,4.1,0.0,Fruits & Produce,28.8,0.0,0.9,71.6,91.6,0.0,0.058,0.054,0.079,0.2,8.5,1.1,0.4,0.0,0.084,0.5,0.09,6.8,0.037,2.2,29.7,0.066,329.4,402.3,0.081,3.4,49.7,False,False,False,True,True,True,False,0.5511961722488038,0.0,0.0,0.33588516746411484
pheasant meat raw,1448,74.3,21.6,34.6,9.4,0.0,0.0,Fruits & Produce,181.6,0.0,0.3,568.0,542.2,0.4,0.6,0.064,0.015,1.1,51.4,7.4,5.3,42.4,0.0,0.0,0.0,96.0,0.5,9.2,160.0,0.1,1712.0,1944.0,0.1,7.7,403.9,False,False,False,True,True,True,False,0.5016574585635359,0.0,0.0,0.4618093922651933
chicken back raw,188,17.0,4.9,7.2,3.6,0.0,0.0,Fruits & Produce,8.3,0.0,0.043,46.6,34.3,0.087,0.022,0.084,0.026,0.063,2.9,0.5,0.1,0.9,0.0,0.2,0.03,7.7,0.066,0.6,8.9,0.024,66.7,85.0,0.009,0.7,34.564,False,False,False,True,False,True,False,0.17659574468085107,0.0,0.0,0.8138297872340425
chicken back cooked,93,6.5,1.8,2.6,1.4,0.0,0.0,Fruits & Produce,8.0,0.0,0.091,28.1,21.9,0.005,0.026,0.035,0.052,0.035,1.6,0.3,0.048,0.0,0.084,0.074,0.051,6.5,0.052,0.4,5.8,0.016,43.2,52.2,0.055,0.7,21.425,False,False,False,True,True,True,False,0.34408602150537637,0.0,0.0,0.6290322580645161
chicken leg fried,431,25.5,6.8,10.4,6.1,13.8,0.0,Fruits & Produce,34.4,0.5,0.4,142.2,82.3,0.07,0.2,0.089,0.056,0.3,8.6,1.6,0.4,0.0,0.0,0.0,0.0,28.4,0.1,2.2,31.6,0.043,240.2,298.6,0.041,3.4,104.858,False,False,False,True,True,True,False,0.31925754060324824,0.11600928074245939,0.0,0.5324825986078886
chicken feet cooked,975,66.2,17.8,24.9,13.5,0.9,0.0,Fruits & Produce,88.0,0.0,0.3,381.0,298.5,0.1,0.3,0.4,0.011,0.9,1.8,0.0,0.052,0.0,0.068,1.2,0.036,399.2,0.5,4.1,22.7,0.0,376.5,140.6,0.033,3.1,558.5,False,False,False,True,True,True,False,0.36102564102564105,0.0,0.0,0.6110769230769232
turkey steak fried,179,10.8,2.8,4.4,2.8,10.9,0.0,Fruits & Produce,9.1,0.0,0.5,41.0,31.6,0.092,0.075,0.071,0.088,0.1,1.3,0.3,0.1,0.0,0.0,0.0,0.0,9.0,0.01,1.4,9.6,0.028,149.8,166.4,0.013,0.9,41.229,False,False,False,True,False,True,False,0.20335195530726255,0.0,0.0,0.5430167597765363
turkey taco meat cooked,271,13.9,3.2,4.7,3.9,5.5,0.0,Fruits & Produce,30.7,0.0,1.2,129.9,128.1,0.0,0.1,0.051,0.062,0.6,5.5,1.1,0.5,0.0,0.0,0.5,0.089,126.3,0.072,3.3,49.4,0.3,329.4,543.5,0.067,4.6,179.7,False,False,False,True,True,True,False,0.4531365313653136,0.0,0.0,0.4616236162361624
chicken leg raw,736,54.9,15.0,22.8,11.5,0.6,0.0,Fruits & Produce,56.3,0.0,0.3,319.9,231.5,0.018,0.3,0.053,0.096,0.5,16.3,3.4,1.1,0.7,0.033,0.8,0.096,31.0,0.2,2.4,65.4,0.088,533.2,698.3,0.091,5.1,145.973,False,False,False,True,True,True,False,0.3059782608695652,0.0,0.0,0.6713315217391304
chicken meat raw,1978,138.6,39.7,57.4,29.7,0.0,0.0,Fruits & Produce,171.1,0.0,0.6,690.0,607.1,0.4,0.6,0.039,0.069,1.1,62.6,8.4,3.2,14.7,0.054,2.8,0.054,101.2,0.4,8.3,184.0,0.2,1352.4,1738.8,0.1,12.1,434.3,False,False,False,True,True,True,False,0.3460060667340748,0.0,0.0,0.6306370070778563
chicken neck cooked,94,6.9,1.9,2.7,1.5,0.0,0.0,Fruits & Produce,7.5,0.0,0.085,26.6,23.5,0.065,0.05,0.078,0.079,0.035,1.3,0.2,0.033,0.0,0.087,0.1,0.032,10.3,0.065,0.9,4.9,0.095,46.4,41.0,0.054,1.0,25.616,False,False,False,True,True,True,False,0.3191489361702128,0.0,0.0,0.6606382978723404
chicken drumstick fried,193,11.3,3.0,4.6,2.7,6.0,0.0,Fruits & Produce,15.8,0.2,0.2,61.9,38.0,0.028,0.049,0.065,0.061,0.2,3.7,1.2,0.2,0.0,0.0,0.0,0.0,12.2,0.063,1.0,14.4,0.004,105.8,133.9,0.018,1.7,46.519,False,False,False,True,True,True,False,0.3274611398963731,0.10362694300518134,0.0,0.5269430051813472
quail egg,14,1.0,0.3,0.4,0.1,0.08,0.048,Fruits & Produce,1.2,0.0,0.042,76.0,6.7,0.083,0.014,0.089,0.039,0.001,0.076,0.2,0.016,0.0,0.047,0.03,0.01,5.8,0.078,0.3,1.2,0.061,20.3,11.9,0.091,0.1,8.343,False,False,True,False,True,True,False,0.34285714285714286,0.0,0.013714285714285715,0.6428571428571429
duck meat cooked,472,39.7,13.5,18.1,5.1,0.0,0.0,Fruits & Produce,26.6,0.0,0.041,117.6,72.6,0.008,0.2,0.073,0.098,0.4,6.8,1.5,0.3,0.0,0.067,1.0,0.047,15.4,0.3,3.8,22.4,0.071,218.4,285.6,0.092,2.6,85.544,False,False,False,True,True,True,False,0.22542372881355932,0.0,0.0,0.7569915254237288
chicken wing roasted,216,14.3,4.2,6.6,3.1,0.0,0.0,Fruits & Produce,20.2,0.0,0.039,119.9,50.5,0.073,0.017,0.005,0.069,0.08,0.1,5.4,0.8,0.5,0.0,0.094,0.6,0.024,15.3,0.092,0.7,16.2,0.095,125.0,180.2,0.032,35.155,False,False,False,True,True,True,False,0.37407407407407406,0.0,0.0,0.5958333333333334
quail meat cooked,1028,63.9,17.9,22.2,15.8,0.0,0.0,Fruits & Produce,113.7,0.0,0.2,389.6,271.8,0.3,1.0,0.098,0.02,1.4,35.9,0.0,2.8,10.4,0.003,3.2,0.074,68.0,2.7,20.1,99.7,0.0,1263.9,978.5,0.063,14.0,276.4,False,False,False,True,True,True,False,0.44241245136186774,0.0,0.0,0.5594357976653697
goose meat cooked,427,30.7,9.6,14.4,3.5,0.0,0.0,Fruits & Produce,35.2,0.0,0.089,127.4,72.7,0.081,0.1,0.039,0.076,0.5,5.8,2.1,0.5,0.0,0.002,2.4,0.026,18.2,0.4,4.0,30.8,0.082,378.0,460.6,0.047,3.7,88.168,False,False,False,True,True,True,False,0.3297423887587822,0.0,0.0,0.647072599531616
chicken breast cooked,114,4.5,1.3,1.8,1.0,0.0,0.0,Fruits & Produce,17.3,0.0,0.058,48.7,36.2,0.08,0.018,0.092,0.074,0.056,7.4,0.5,0.3,0.0,0.019,0.2,0.004,8.1,0.012,0.6,15.7,0.024,124.1,142.1,0.046,0.6,30.552,False,False,False,True,True,True,False,0.6070175438596491,0.0,0.0,0.35526315789473684
chicken neck raw,149,13.1,3.6,5.3,2.8,0.0,0.0,Fruits & Produce,7.0,0.0,0.027,49.5,30.0,0.066,0.079,0.05,0.028,0.021,1.8,0.4,0.005,0.0,0.0,0.2,0.0,9.0,0.075,1.0,6.5,0.093,56.0,68.5,0.073,0.9,30.146,False,False,False,True,False,True,False,0.18791946308724833,0.0,0.0,0.7912751677852349
duck egg,130,9.6,2.6,4.6,0.9,1.0,0.7,Fruits & Produce,9.0,0.0,0.1,618.8,49.6,0.1,0.1,0.09,0.02,0.3,0.1,1.3,0.2,0.0,0.026,0.9,0.098,44.8,0.035,2.7,11.9,0.058,154.0,155.4,0.058,1.0,67.2,False,False,False,True,True,True,False,0.27692307692307694,0.0,0.021538461538461538,0.6646153846153845
pheasant breast raw,484,11.8,4.0,3.8,2.0,0.0,0.0,Fruits & Produce,88.7,0.0,0.1,211.1,263.5,0.2,0.3,0.088,0.009,0.4,31.1,3.5,2.7,21.8,0.0,0.0,0.0,10.9,0.2,2.9,76.4,0.051,728.0,880.9,0.06,2.3,136.3,False,False,False,True,True,True,False,0.7330578512396695,0.0,0.0,0.2194214876033058
duck meat raw,5123,498.8,167.6,237.0,64.4,0.0,0.0,Fruits & Produce,145.7,0.0,0.8,963.7,615.0,0.6,2.5,0.2,0.048,2.7,49.9,12.1,2.4,35.5,0.088,8.9,0.025,139.5,3.0,30.4,190.2,0.2,1762.5,2650.1,0.2,17.2,850.5,False,False,False,True,True,True,False,0.11376146788990825,0.0,0.0,0.8762834276790943
squab meat raw,585,47.4,16.8,19.3,6.1,0.0,0.0,Fruits & Produce,36.8,0.0,0.1,189.1,112.6,0.1,0.4,0.054,0.012,0.4,12.0,1.5,0.8,10.3,0.0,0.0,0.0,23.9,0.9,7.0,43.8,0.021,493.5,396.0,0.087,4.4,125.5,False,False,False,True,True,True,False,0.2516239316239316,0.0,0.0,0.7292307692307691
chicken drumstick raw,211,12.4,3.3,4.9,2.6,0.1,0.0,Fruits & Produce,23.4,0.0,0.1,122.4,96.4,0.067,0.1,0.039,0.042,0.2,6.4,1.4,0.4,0.0,0.044,0.3,0.007,13.3,0.039,0.8,26.6,0.064,220.8,296.6,0.063,2.6,50.075,False,False,False,True,True,True,False,0.44360189573459713,0.0,0.0,0.5289099526066351
turkey meat roasted,284,11.1,3.2,4.0,3.2,0.031,0.0,Fruits & Produce,42.8,0.0,0.2,163.5,95.3,0.004,0.073,0.083,0.019,0.4,14.4,1.4,0.9,0.0,0.091,0.1,0.0,21.0,0.1,1.6,45.0,0.053,334.5,358.5,0.022,3.7,76.629,False,False,False,True,True,True,False,0.6028169014084507,0.0,0.0,0.35176056338028167
chicken breast raw,299,16.1,4.6,6.6,3.4,0.0,0.0,Fruits & Produce,36.3,0.0,0.1,111.4,120.9,0.026,0.1,0.082,0.057,0.1,17.2,1.4,0.9,0.0,0.053,0.5,0.0,19.1,0.003,1.3,43.5,0.017,302.8,382.8,0.029,1.4,72.834,False,False,False,True,True,True,False,0.48561872909698994,0.0,0.0,0.4846153846153846
ground chicken cooked,474,27.4,7.8,12.2,5.2,0.0,0.0,Fruits & Produce,58.4,0.0,0.2,268.6,162.9,0.2,0.0,0.3,0.093,0.079,0.8,17.8,3.3,1.4,0.0,0.0,1.0,0.044,20.1,0.2,2.3,70.3,0.038,587.3,1699.3,0.047,87.678,False,False,False,True,True,True,False,0.4928270042194093,0.0,0.0,0.520253164556962
turkey wing cooked,426,23.1,6.3,8.7,5.5,0.0,0.0,Fruits & Produce,50.9,0.0,0.1,150.7,110.7,0.0,0.092,0.095,0.051,0.2,10.7,1.1,0.8,0.0,0.03,0.3,0.0,44.6,0.1,2.7,46.5,0.05,366.4,494.8,0.026,3.9,121.3,False,False,False,True,True,True,False,0.4779342723004695,0.0,0.0,0.4880281690140845
goose meat raw,6077,550.7,160.2,291.1,61.6,0.0,0.0,Fruits & Produce,259.8,0.0,1.2,1310.4,813.4,0.3,1.4,0.094,0.049,4.0,59.1,21.2,6.4,68.8,0.0,0.0,0.0,196.6,4.4,41.0,294.8,0.3,3832.9,5045.0,0.2,28.2,1117.2,False,False,False,True,True,True,False,0.17100543031100873,0.0,0.0,0.8155833470462399
turkey breast roasted,3266,128.0,36.3,42.3,31.1,0.0,0.0,Fruits & Produce,496.1,0.0,1.1,1278.7,1092.4,0.0,1.0,0.1,0.004,2.3,110.0,11.0,8.3,0.0,0.0,0.0,0.0,362.9,0.8,24.2,466.6,0.3,3628.8,4976.6,0.5,35.1,1011.2,False,False,False,True,True,True,False,0.6075933864053888,0.0,0.0,0.35272504592774034
chicken fajita strips,13,0.5,0.2,0.2,0.1,0.2,0.0,Fruits & Produce,1.7,0.0,0.044,8.3,6.6,0.041,0.028,0.062,0.011,0.021,0.4,0.005,0.049,0.0,0.0,0.031,0.015,1.2,0.034,0.097,2.1,0.099,26.0,26.7,0.018,0.1,3.66,False,False,False,True,True,True,False,0.5230769230769231,0.0,0.0,0.34615384615384615
crispy chicken strips tyson,145,6.0,7.7,14.5,1.0,0.0,0.0,Fruits & Produce,0.0,0.0,0.0,0.0,0.0,0.0,0.0,0.0,0.0,0.0,0.0,0.0,0.0,0.0,0.0,0.0,0.0,0.0,0.0,0.0,0.0,0.0,0.0,0.0,0.0,0.0,6.0,False,False,False,True,False,True,False,0.0,0.0,0.0,0.3724137931034483
chocolate pudding fat free,105,0.3,0.0,0.0,0.0,23.6,17.8,Desserts & Sweets,1.0,0.5,0.05,0.0,,,,,,,,,,,,,,,,,,,,,,,,True,True,True,False,False,False,False,0.0380952380952381,0.47619047619047616,0.6780952380952381,0.02571428571428571
tapioca pudding,143,4.3,1.1,2.8,0.088,23.9,16.4,Desserts & Sweets,1.0,0.5,0.05,0.0,,,,,,,,,,,,,,,,,,,,,,,,True,True,True,False,False,False,False,0.027972027972027972,0.34965034965034963,0.4587412587412587,0.2706293706293706
tapioca pudding fat free,105,0.4,0.1,0.08,0.067,23.9,15.9,Desserts & Sweets,1.0,0.5,0.05,0.0,,,,,,,,,,,,,,,,,,,,,,,,True,True,True,False,False,False,False,0.0380952380952381,0.47619047619047616,0.6057142857142858,0.03428571428571429
rice pudding,122,2.4,1.4,0.6,0.1,20.8,13.1,Desserts & Sweets,1.0,0.5,0.05,0.0,,,,,,,,,,,,,,,,,,,,,,,,True,True,True,False,False,False,False,0.03278688524590164,0.4098360655737705,0.42950819672131146,0.17704918032786884
corn pudding,328,12.6,6.3,3.9,1.4,42.4,16.5,Desserts & Sweets,1.0,0.5,0.05,0.0,,,,,,,,,,,,,,,,,,,,,,,,True,True,True,False,False,False,False,0.012195121951219513,0.1524390243902439,0.20121951219512196,0.34573170731707314
chocolate pudding,213,6.9,1.9,4.1,0.2,34.5,25.8,Desserts & Sweets,1.0,0.5,0.05,0.0,,,,,,,,,,,,,,,,,,,,,,,,True,True,True,False,False,False,False,0.018779342723004695,0.2347417840375587,0.48450704225352115,0.2915492957746479
lemon pudding,173,4.4,2.6,1.3,0.2,30.2,0.0,Desserts & Sweets,1.0,0.5,0.05,0.0,,,,,,,,,,,,,,,,,,,,,,,,True,True,True,False,False,False,False,0.023121387283236993,0.28901734104046245,0.0,0.22890173410404624
vanilla pudding,195,5.7,1.5,3.4,0.1,33.9,25.5,Desserts & Sweets,1.0,0.5,0.05,0.0,,,,,,,,,,,,,,,,,,,,,,,,True,True,True,False,False,False,False,0.020512820512820513,0.2564102564102564,0.5230769230769231,0.2630769230769231
profeel proteiinirahka valio,140,0.4,0.2,16.8,16.8,19.3,0.2,Desserts & Sweets,1.0,0.5,0.05,0.0,,,,,,,,,,,,,,,,,,,,,,,,True,True,True,False,False,False,False,0.02857142857142857,0.35714285714285715,0.005714285714285714,0.025714285714285714
cottage cheese creamed,20,0.9,0.3,0.2,0.084,0.7,0.5,Desserts & Sweets,1.0,0.5,0.05,0.0,,,,,,,,,,,,,,,,,,,,,,,,False,True,True,False,False,True,True,0.2,2.5,0.1,0.40499999999999997
zaziki milfina,51,4.4,1.6,1.2,0.0,0.0,0.0,Desserts & Sweets,1.0,0.5,0.05,0.0,,,,,,,,,,,,,,,,,,,,,,,,True,True,True,False,False,True,False,0.0784313725490196,0.9803921568627451,0.0,0.7764705882352941
cottage cheese low fat,163,2.3,1.5,0.7,0.041,6.1,6.1,Desserts & Sweets,1.0,0.5,0.05,0.0,,,,,,,,,,,,,,,,,,,,,,,,False,True,True,False,False,True,False,0.024539877300613498,0.3067484662576687,0.14969325153374233,0.12699386503067484
cottage cheese nonfat,104,0.4,0.2,0.1,0.066,9.7,2.7,Desserts & Sweets,1.0,0.5,0.05,0.0,,,,,,,,,,,,,,,,,,,,,,,,False,True,True,False,False,False,False,0.038461538461538464,0.4807692307692308,0.10384615384615385,0.03461538461538462
vanilla yogurt low fat,208,3.1,2.0,0.8,0.036,33.8,33.8,Desserts & Sweets,1.0,0.5,0.05,0.0,,,,,,,,,,,,,,,,,,,,,,,,False,True,True,False,False,False,False,0.019230769230769232,0.2403846153846154,0.6499999999999999,0.1341346153846154
classique yogurt plain 2 liberte,30,1.2,0.7,0.7,0.0,1.7,1.7,Desserts & Sweets,1.0,0.5,0.05,0.0,,,,,,,,,,,,,,,,,,,,,,,,False,True,True,False,False,True,True,0.13333333333333333,1.6666666666666667,0.22666666666666666,0.36
yoplait light strawberry yogurt yoplait,79,0.0,14.1,8.8,4.4,0.074,0.0,Desserts & Sweets,1.0,2.5,0.05,0.0,,,,,,,,,,,,,,,,,,,,,,,,False,True,True,False,False,True,True,0.05063291139240506,3.1645569620253164,0.0,0.0
vanilla yogurt,145,2.1,1.3,0.5,0.069,23.5,23.5,Desserts & Sweets,1.0,0.5,0.05,0.0,,,,,,,,,,,,,,,,,,,,,,,,False,True,True,False,False,False,False,0.027586206896551724,0.3448275862068966,0.6482758620689655,0.1303448275862069
chocolate yogurt,168,0.0,0.0,0.0,0.0,35.3,22.5,Desserts & Sweets,1.0,0.5,0.05,0.0,,,,,,,,,,,,,,,,,,,,,,,,False,True,True,False,False,False,False,0.023809523809523808,0.2976190476190476,0.5357142857142857,0.0
yogurt parfait,125,1.5,0.8,0.5,0.2,23.6,17.4,Desserts & Sweets,1.0,0.5,0.05,0.0,,,,,,,,,,,,,,,,,,,,,,,,False,True,True,False,False,False,False,0.032,0.4,0.5568,0.108
yogurt,92,4.9,3.1,1.3,0.1,7.0,7.0,Desserts & Sweets,1.0,0.5,0.05,0.0,,,,,,,,,,,,,,,,,,,,,,,,False,True,True,False,False,False,False,0.043478260869565216,0.5434782608695652,0.30434782608695654,0.47934782608695653
chocolate frozen yogurt,221,6.3,4.0,1.7,0.2,37.6,33.5,Desserts & Sweets,1.0,0.5,0.05,0.0,,,,,,,,,,,,,,,,,,,,,,,,False,True,True,False,False,False,False,0.01809954751131222,0.22624434389140272,0.6063348416289592,0.25656108597285066
frozen yogurt,221,6.3,4.0,1.7,0.2,37.6,34.7,Desserts & Sweets,1.0,0.5,0.05,0.0,,,,,,,,,,,,,,,,,,,,,,,,False,True,True,False,False,False,False,0.01809954751131222,0.22624434389140272,0.628054298642534,0.25656108597285066
yogurt low fat,154,3.8,2.5,1.0,0.1,17.2,17.2,Desserts & Sweets,1.0,0.5,0.05,0.0,,,,,,,,,,,,,,,,,,,,,,,,False,True,True,False,False,False,False,0.025974025974025976,0.3246753246753247,0.44675324675324674,0.22207792207792204
vanilla yoghurt oikos,120,1.8,24.0,4.9,0.0,0.0,0.0,Desserts & Sweets,1.0,0.5,0.05,0.0,,,,,,,,,,,,,,,,,,,,,,,,True,True,True,False,False,True,False,0.03333333333333333,0.4166666666666667,0.0,0.13499999999999998
fruit yogurt,149,1.7,1.1,0.5,0.024,28.0,28.0,Desserts & Sweets,1.0,2.5,0.05,0.0,,,,,,,,,,,,,,,,,,,,,,,,False,True,True,False,False,False,True,0.026845637583892617,1.6778523489932886,0.7516778523489933,0.10268456375838926
danone low fat alsafi,88,1.7,1.0,11.1,7.1,0.089,255.0,Desserts & Sweets,1.0,0.5,0.05,0.0,,,,,,,,,,,,,,,,,,,,,,,,True,True,True,False,False,True,False,0.045454545454545456,0.5681818181818182,11.590909090909092,0.17386363636363636
fruit n yogurt parfait mcdonalds,156,1.9,0.044,0.2,0.1,30.9,19.1,Desserts & Sweets,1.0,2.5,0.05,0.0,,,,,,,,,,,,,,,,,,,,,,,,False,True,True,False,False,False,True,0.02564102564102564,1.6025641025641026,0.4897435897435898,0.1096153846153846
triple zero greek yogurt dannon oikos,120,0.0,0.0,15.0,7.0,22.5,6.0,Desserts & Sweets,1.0,0.5,0.05,0.0,,,,,,,,,,,,,,,,,,,,,,,,False,True,True,False,False,False,False,0.03333333333333333,0.4166666666666667,0.2,0.0
greek yogurt,100,0.7,0.2,0.018,0.01,6.1,5.5,Desserts & Sweets,1.0,0.5,0.05,0.0,,,,,,,,,,,,,,,,,,,,,,,,False,True,True,False,False,True,False,0.04,0.5,0.22,0.063
chocolate rasberry protein mini proteinfx,102,2.9,1.8,9.1,0.0,0.0,0.0,Desserts & Sweets,1.0,2.5,0.05,0.0,,,,,,,,,,,,,,,,,,,,,,,,True,True,True,False,False,True,True,0.0392156862745098,2.450980392156863,0.0,0.25588235294117645
gushers fruit gushers,360,6.0,80.0,40.0,0.0,0.2,0.0,Desserts & Sweets,1.0,2.5,0.05,0.0,,,,,,,,,,,,,,,,,,,,,,,,True,True,True,False,False,True,True,0.011111111111111112,0.6944444444444444,0.0,0.15
egg fried,90,6.8,2.0,2.8,1.5,0.4,0.2,Desserts & Sweets,1.0,0.5,0.05,0.0,,,,,,,,,,,,,,,,,,,,,,,,False,False,True,False,False,True,False,0.044444444444444446,0.5555555555555556,0.008888888888888889,0.6799999999999999
glucerna abbott,1010,35.6,2.8,0.0,0.0,120.9,49.8,Desserts & Sweets,1.0,0.5,0.05,0.0,,,,,,,,,,,,,,,,,,,,,,,,True,True,True,False,False,False,False,0.0039603960396039604,0.04950495049504951,0.1972277227722772,0.3172277227722773
sports drink,26,0.0,0.0,0.0,0.0,7.2,0.0,Desserts & Sweets,1.0,0.5,0.05,0.0,,,,,,,,,,,,,,,,,,,,,,,,True,True,True,False,False,False,True,0.15384615384615385,1.9230769230769231,0.0,0.0
peanut butter cookie protein syntha 6,200,6.0,15.0,2.0,22.0,5.0,0.0,Desserts & Sweets,1.0,0.5,0.05,0.0,,,,,,,,,,,,,,,,,,,,,,,,False,True,True,False,False,True,False,0.02,0.25,0.0,0.27
hanfprotein pulver rohkostqualitat veganz,107,3.1,0.3,2.3,1.6,14.2,0.057,Desserts & Sweets,1.0,0.5,0.05,0.0,,,,,,,,,,,,,,,,,,,,,,,,True,True,True,False,False,False,False,0.037383177570093455,0.4672897196261682,0.0021308411214953273,0.2607476635514019
smoothie high protein creamy chocolate slimfast,110,3.5,0.5,0.0,0.0,2.1,1.0,Desserts & Sweets,1.0,0.5,0.05,0.0,,,,,,,,,,,,,,,,,,,,,,,,False,True,True,False,False,True,False,0.03636363636363636,0.45454545454545453,0.03636363636363636,0.2863636363636364
egg large,138,9.3,0.5,11.8,0.0,0.0,0.0,Desserts & Sweets,1.0,0.5,0.05,0.0,,,,,,,,,,,,,,,,,,,,,,,,False,False,True,False,False,True,False,0.028985507246376812,0.36231884057971014,0.0,0.6065217391304348
boysenberries frozen,66,0.3,0.049,0.059,0.2,16.1,9.1,Desserts & Sweets,1.0,0.5,0.05,0.0,,,,,,,,,,,,,,,,,,,,,,,,True,True,True,False,False,False,False,0.06060606060606061,0.7575757575757576,0.5515151515151515,0.0409090909090909
malt beverage,88,0.3,0.005,0.032,0.1,19.1,19.1,Desserts & Sweets,1.0,0.5,0.05,0.0,,,,,,,,,,,,,,,,,,,,,,,,True,True,True,False,False,False,False,0.045454545454545456,0.5681818181818182,0.8681818181818183,0.030681818181818178
chocolate powder for milk,88,0.5,0.5,0.0,0.0,19.9,18.0,Desserts & Sweets,1.0,0.5,0.05,0.0,,,,,,,,,,,,,,,,,,,,,,,,False,True,True,False,False,False,False,0.045454545454545456,0.5681818181818182,0.8181818181818182,0.05113636363636364
vegetable fruit juice,9,0.017,0.0,0.0,0.0,2.2,0.6,Desserts & Sweets,1.0,2.5,0.05,0.0,,,,,,,,,,,,,,,,,,,,,,,,True,True,True,False,True,True,True,0.4444444444444444,27.77777777777778,0.26666666666666666,0.017
cocoa powder unsweetened,12,0.7,0.4,0.2,0.048,3.1,0.087,Desserts & Sweets,1.0,0.5,0.05,0.0,,,,,,,,,,,,,,,,,,,,,,,,True,True,True,False,True,True,True,0.3333333333333333,4.166666666666667,0.028999999999999998,0.525
coconut milk,35,3.6,3.2,0.2,0.01,0.8,0.5,Desserts & Sweets,1.0,0.5,0.05,0.0,,,,,,,,,,,,,,,,,,,,,,,,False,True,True,False,False,True,True,0.11428571428571428,1.4285714285714286,0.05714285714285714,0.9257142857142857
cocoa powder,28,0.3,0.2,0.061,0.055,5.9,4.6,Desserts & Sweets,1.0,0.5,0.05,0.0,,,,,,,,,,,,,,,,,,,,,,,,True,True,True,False,False,True,True,0.14285714285714285,1.7857142857142858,0.6571428571428571,0.09642857142857142
rice drink,113,2.3,0.0,1.5,0.8,22.0,12.7,Desserts & Sweets,1.0,0.5,0.05,0.0,,,,,,,,,,,,,,,,,,,,,,,,True,True,True,False,False,False,False,0.035398230088495575,0.4424778761061947,0.44955752212389377,0.1831858407079646
coconut water,46,0.5,0.4,0.091,0.03,8.9,6.3,Desserts & Sweets,1.0,0.5,0.05,0.0,,,,,,,,,,,,,,,,,,,,,,,,True,True,True,False,False,False,False,0.08695652173913043,1.0869565217391304,0.5478260869565217,0.09782608695652174
caramel med iced coffee dunkin donuts,268,9.0,41.0,37.0,5.0,0.0,0.0,Desserts & Sweets,1.0,0.5,0.05,0.0,,,,,,,,,,,,,,,,,,,,,,,,True,True,True,False,False,True,False,0.014925373134328358,0.1865671641791045,0.0,0.30223880597014924
instant coffee with water decaffeinated,4,0.0,0.024,0.0,0.068,0.8,0.0,Desserts & Sweets,1.0,0.5,0.05,0.0,,,,,,,,,,,,,,,,,,,,,,,,True,True,True,False,True,True,True,1.0,12.5,0.0,0.0
instant coffee powder,353,0.5,0.2,0.09,0.2,75.4,0.0,Desserts & Sweets,1.0,0.5,0.05,0.0,,,,,,,,,,,,,,,,,,,,,,,,True,True,True,False,False,False,False,0.0113314447592068,0.141643059490085,0.0,0.012747875354107648
instant coffee powder decaffeinated,6,0.069,0.015,0.031,0.075,1.4,0.0,Desserts & Sweets,1.0,0.5,0.05,0.0,,,,,,,,,,,,,,,,,,,,,,,,True,True,True,False,True,True,True,0.6666666666666666,8.333333333333334,0.0,0.1035
instant cappuccino powder,53,0.7,0.4,0.2,0.098,11.2,9.0,Desserts & Sweets,1.0,0.5,0.05,0.0,,,,,,,,,,,,,,,,,,,,,,,,True,True,True,False,False,False,False,0.07547169811320754,0.9433962264150944,0.6792452830188679,0.11886792452830189
coffee decaffeinated,0,0.0,0.087,0.0,0.099,0.0,0.0,Desserts & Sweets,1.0,0.5,0.05,0.0,,,,,,,,,,,,,,,,,,,,,,,,True,True,True,False,True,True,True,4.0,50.0,0.0,0.0
espresso decaffeinated,3,0.011,0.037,0.0,0.057,0.5,0.0,Desserts & Sweets,1.0,0.5,0.05,0.0,,,,,,,,,,,,,,,,,,,,,,,,True,True,True,False,True,True,True,1.3333333333333333,16.666666666666668,0.0,0.032999999999999995
instant coffee with water,4,0.0,0.051,0.0,0.025,0.6,0.0,Desserts & Sweets,1.0,0.5,0.05,0.0,,,,,,,,,,,,,,,,,,,,,,,,True,True,True,False,True,True,True,1.0,12.5,0.0,0.0
coffee,2,0.069,0.011,0.016,0.011,0.0,0.0,Desserts & Sweets,1.0,0.5,0.05,0.0,,,,,,,,,,,,,,,,,,,,,,,,True,True,True,False,True,True,True,2.0,25.0,0.0,0.3105
espresso,3,0.086,0.068,0.0,0.054,0.5,0.0,Desserts & Sweets,1.0,0.5,0.05,0.0,,,,,,,,,,,,,,,,,,,,,,,,True,True,True,False,True,True,True,1.3333333333333333,16.666666666666668,0.0,0.25799999999999995
whey protein powder vanilla eas,108,1.7,1.4,1.3,20.2,0.0,0.0,Desserts & Sweets,1.0,0.5,0.05,0.0,,,,,,,,,,,,,,,,,,,,,,,,False,True,True,False,False,True,False,0.037037037037037035,0.46296296296296297,0.0,0.14166666666666666
energy drink sugar free red bull,13,0.2,0.0,0.0,0.0,1.8,0.0,Desserts & Sweets,1.0,0.5,0.05,0.0,,,,,,,,,,,,,,,,,,,,,,,,True,True,True,False,True,True,True,0.3076923076923077,3.8461538461538463,0.0,0.13846153846153847
powerade coca cola,9,0.009,0.076,0.078,0.054,2.3,1.8,Desserts & Sweets,1.0,0.5,0.05,0.0,,,,,,,,,,,,,,,,,,,,,,,,True,True,True,False,True,True,True,0.4444444444444444,5.555555555555555,0.8,0.009
amp energy pepsi,110,0.2,0.0,0.0,0.0,29.0,29.0,Desserts & Sweets,1.0,0.5,0.05,0.0,,,,,,,,,,,,,,,,,,,,,,,,True,True,True,False,False,False,False,0.03636363636363636,0.45454545454545453,1.0545454545454545,0.016363636363636365
gatorade g2 pepsi,2,0.052,0.0,0.0,0.0,0.6,0.4,Desserts & Sweets,1.0,0.5,0.05,0.0,,,,,,,,,,,,,,,,,,,,,,,,True,True,True,False,True,True,True,2.0,25.0,0.8,0.23399999999999999
amp energy sugar free pepsi,5,0.0,0.0,0.0,0.0,2.5,0.0,Desserts & Sweets,1.0,0.5,0.05,0.0,,,,,,,,,,,,,,,,,,,,,,,,True,True,True,False,True,True,True,0.8,10.0,0.0,0.0
energy drink red bull,111,0.0,0.0,0.0,0.0,26.4,26.4,Desserts & Sweets,1.0,0.5,0.05,0.0,,,,,,,,,,,,,,,,,,,,,,,,True,True,True,False,False,False,False,0.036036036036036036,0.45045045045045046,0.9513513513513513,0.0
powerade zero ion4 coca cola,0,0.0,0.0,0.0,0.0,0.0,0.0,Desserts & Sweets,1.0,0.5,0.05,0.0,,,,,,,,,,,,,,,,,,,,,,,,True,True,True,False,True,True,True,4.0,50.0,0.0,0.0
full throttle coca cola,110,0.2,0.0,0.0,0.0,29.0,29.0,Desserts & Sweets,1.0,0.5,0.05,0.0,,,,,,,,,,,,,,,,,,,,,,,,True,True,True,False,False,False,False,0.03636363636363636,0.45454545454545453,1.0545454545454545,0.016363636363636365
passion fruit juice purple,148,0.4,0.064,0.037,0.3,35.7,35.2,Desserts & Sweets,1.0,2.5,0.05,0.0,,,,,,,,,,,,,,,,,,,,,,,,True,True,True,False,False,False,True,0.02702702702702703,1.6891891891891893,0.9513513513513514,0.024324324324324326
pomegranate juice,134,0.7,0.2,0.1,0.1,32.7,31.5,Desserts & Sweets,1.0,0.5,0.05,0.0,,,,,,,,,,,,,,,,,,,,,,,,True,True,True,False,False,False,False,0.029850746268656716,0.373134328358209,0.9402985074626866,0.04701492537313433
cranberry apricot juice,157,0.0,0.0,0.0,0.0,39.7,0.0,Desserts & Sweets,1.0,2.5,0.05,0.0,,,,,,,,,,,,,,,,,,,,,,,,True,True,True,False,False,False,True,0.025477707006369428,1.5923566878980893,0.0,0.0
pineapple juice,133,0.3,0.071,0.027,0.1,32.2,25.0,Desserts & Sweets,1.0,2.5,0.05,0.0,,,,,,,,,,,,,,,,,,,,,,,,True,True,True,False,False,False,True,0.03007518796992481,1.8796992481203008,0.7518796992481203,0.020300751879699246
passion fruit juice yellow,126,0.1,0.008,0.02,0.094,33.6,33.1,Desserts & Sweets,1.0,2.5,0.05,0.0,,,,,,,,,,,,,,,,,,,,,,,,True,True,True,False,False,False,True,0.031746031746031744,1.9841269841269842,1.0507936507936508,0.007142857142857143
orange apricot juice,128,0.3,0.001,0.078,0.063,31.8,30.2,Desserts & Sweets,1.0,0.5,0.05,0.0,,,,,,,,,,,,,,,,,,,,,,,,True,True,True,False,False,False,False,0.03125,0.390625,0.94375,0.021093749999999998
tangerine juice,106,0.5,0.082,0.015,0.054,24.9,24.5,Desserts & Sweets,1.0,0.5,0.05,0.0,,,,,,,,,,,,,,,,,,,,,,,,True,True,True,False,False,False,False,0.03773584905660377,0.4716981132075472,0.9245283018867925,0.04245283018867924
orange juice,90,0.4,0.079,0.046,0.037,20.8,16.8,Desserts & Sweets,1.0,0.5,0.05,0.0,,,,,,,,,,,,,,,,,,,,,,,,True,True,True,False,False,False,False,0.044444444444444446,0.5555555555555556,0.7466666666666667,0.04
grapefruit juice,96,0.2,0.011,0.09,0.008,22.7,0.0,Desserts & Sweets,1.0,2.5,0.05,0.0,,,,,,,,,,,,,,,,,,,,,,,,True,True,True,False,False,False,True,0.041666666666666664,2.6041666666666665,0.0,0.01875
pineapple grapefruit juice,118,0.3,0.077,0.0,0.022,29.0,28.8,Desserts & Sweets,1.0,2.5,0.05,0.0,,,,,,,,,,,,,,,,,,,,,,,,True,True,True,False,False,False,True,0.03389830508474576,2.1186440677966103,0.976271186440678,0.022881355932203386
tamarind nectar,143,0.3,0.0,0.0,0.0,37.0,31.9,Desserts & Sweets,1.0,0.5,0.05,0.0,,,,,,,,,,,,,,,,,,,,,,,,True,True,True,False,False,False,False,0.027972027972027972,0.34965034965034963,0.8923076923076922,0.018881118881118878
apple juice,114,0.3,0.064,0.078,0.09,28.0,23.9,Desserts & Sweets,1.0,2.5,0.05,0.0,,,,,,,,,,,,,,,,,,,,,,,,True,True,True,False,False,False,True,0.03508771929824561,2.192982456140351,0.8385964912280701,0.023684210526315787
limeade,128,0.0,0.0,0.0,0.0,34.1,32.8,Desserts & Sweets,1.0,0.5,0.05,0.0,,,,,,,,,,,,,,,,,,,,,,,,True,True,True,False,False,False,False,0.03125,0.390625,1.025,0.0
guava nectar,158,0.2,0.05,0.071,0.054,40.8,32.5,Desserts & Sweets,1.0,0.5,0.05,0.0,,,,,,,,,,,,,,,,,,,,,,,,True,True,True,False,False,False,False,0.02531645569620253,0.31645569620253167,0.8227848101265823,0.01139240506329114
orange grapefruit juice,106,0.2,0.009,0.001,0.098,25.4,25.1,Desserts & Sweets,1.0,2.5,0.05,0.0,,,,,,,,,,,,,,,,,,,,,,,,True,True,True,False,False,False,True,0.03773584905660377,2.358490566037736,0.9471698113207547,0.016981132075471698
orange juice sainsburys,14,0.088,2.5,0.1,0.0,0.0,0.0,Desserts & Sweets,1.0,0.5,0.05,0.0,,,,,,,,,,,,,,,,,,,,,,,,True,True,True,False,True,True,True,0.2857142857142857,3.5714285714285716,0.0,0.056571428571428564
cranberry apple juice,154,0.3,0.066,0.014,0.1,38.8,35.5,Desserts & Sweets,1.0,2.5,0.05,0.0,,,,,,,,,,,,,,,,,,,,,,,,True,True,True,False,False,False,True,0.025974025974025976,1.6233766233766234,0.922077922077922,0.01753246753246753
pineapple orange juice,125,0.0,0.0,0.0,0.0,29.5,29.0,Desserts & Sweets,1.0,2.5,0.05,0.0,,,,,,,,,,,,,,,,,,,,,,,,True,True,True,False,False,False,True,0.032,2.0,0.928,0.0
pear nectar,150,0.062,0.032,0.086,0.038,39.4,0.0,Desserts & Sweets,1.0,0.5,0.05,0.0,,,,,,,,,,,,,,,,,,,,,,,,True,True,True,False,False,False,False,0.02666666666666667,0.3333333333333333,0.0,0.00372
blackberry juice,95,1.5,0.095,0.1,0.9,19.5,19.3,Desserts & Sweets,1.0,2.5,0.05,0.0,,,,,,,,,,,,,,,,,,,,,,,,True,True,True,False,False,False,True,0.042105263157894736,2.6315789473684212,0.8126315789473685,0.14210526315789473
lemon juice,54,0.6,0.06,0.073,0.038,16.6,6.1,Desserts & Sweets,1.0,0.5,0.05,0.0,,,,,,,,,,,,,,,,,,,,,,,,True,True,True,False,False,False,False,0.07407407407407407,0.9259259259259259,0.45185185185185184,0.09999999999999999
cranberry grape juice,137,0.2,0.053,0.092,0.08,34.3,0.0,Desserts & Sweets,1.0,2.5,0.05,0.0,,,,,,,,,,,,,,,,,,,,,,,,True,True,True,False,False,False,True,0.029197080291970802,1.8248175182481752,0.0,0.013138686131386862
citrus fruit juice,114,0.057,0.088,0.048,0.085,28.3,20.2,Desserts & Sweets,1.0,2.5,0.05,0.0,,,,,,,,,,,,,,,,,,,,,,,,True,True,True,False,False,False,True,0.03508771929824561,2.192982456140351,0.7087719298245614,0.0045000000000000005
prune juice,182,0.006,0.033,0.082,0.011,44.7,42.1,Desserts & Sweets,1.0,0.5,0.05,0.0,,,,,,,,,,,,,,,,,,,,,,,,True,True,True,False,False,False,False,0.02197802197802198,0.27472527472527475,0.9252747252747253,0.0002967032967032967
guanabana nectar,148,0.4,0.096,0.1,0.006,37.5,32.8,Desserts & Sweets,1.0,0.5,0.05,0.0,,,,,,,,,,,,,,,,,,,,,,,,True,True,True,False,False,False,False,0.02702702702702703,0.33783783783783783,0.8864864864864864,0.024324324324324326
fruit juice,108,0.1,0.059,0.048,0.036,26.3,24.2,Desserts & Sweets,1.0,2.5,0.05,0.0,,,,,,,,,,,,,,,,,,,,,,,,True,True,True,False,False,False,True,0.037037037037037035,2.314814814814815,0.8962962962962963,0.008333333333333333
horchata,15,0.2,0.0,0.0,0.0,3.3,2.6,Desserts & Sweets,1.0,0.5,0.05,0.0,,,,,,,,,,,,,,,,,,,,,,,,True,True,True,False,True,True,True,0.26666666666666666,3.3333333333333335,0.6933333333333334,0.12000000000000001
fruit punch,98,0.4,0.048,0.011,0.039,24.4,0.0,Desserts & Sweets,1.0,2.5,0.05,0.0,,,,,,,,,,,,,,,,,,,,,,,,True,True,True,False,False,False,True,0.04081632653061224,2.5510204081632653,0.0,0.036734693877551024
apricot nectar,139,0.2,0.07,0.085,0.039,35.7,34.2,Desserts & Sweets,1.0,0.5,0.05,0.0,,,,,,,,,,,,,,,,,,,,,,,,True,True,True,False,False,False,False,0.02877697841726619,0.3597122302158273,0.9841726618705037,0.012949640287769784
orangensaft ja,86,0.0,0.0,17.8,17.8,1.4,0.024,Desserts & Sweets,1.0,0.5,0.05,0.0,,,,,,,,,,,,,,,,,,,,,,,,True,True,True,False,False,True,False,0.046511627906976744,0.5813953488372093,0.0011162790697674418,0.0
fruchtcocktail granini,102,0.4,0.2,23.0,23.0,1.0,0.0,Desserts & Sweets,1.0,0.5,0.05,0.0,,,,,,,,,,,,,,,,,,,,,,,,True,True,True,False,False,True,False,0.0392156862745098,0.49019607843137253,0.0,0.03529411764705882
peach nectar,125,1.3,0.6,0.2,0.5,29.7,27.8,Desserts & Sweets,1.0,0.5,0.05,0.0,,,,,,,,,,,,,,,,,,,,,,,,True,True,True,False,False,False,False,0.032,0.4,0.8896000000000001,0.0936
orange pineapple juice,15,0.08,0.056,0.026,0.024,3.6,3.1,Desserts & Sweets,1.0,2.5,0.05,0.0,,,,,,,,,,,,,,,,,,,,,,,,True,True,True,False,True,True,True,0.26666666666666666,16.666666666666668,0.8266666666666667,0.048
cranberry juice,92,0.3,0.061,0.098,0.1,24.4,24.2,Desserts & Sweets,1.0,2.5,0.05,0.0,,,,,,,,,,,,,,,,,,,,,,,,True,True,True,False,False,False,True,0.043478260869565216,2.717391304347826,1.0521739130434782,0.02934782608695652
white grapefruit juice,96,0.2,0.083,0.091,0.007,22.7,22.5,Desserts & Sweets,1.0,2.5,0.05,0.0,,,,,,,,,,,,,,,,,,,,,,,,True,True,True,False,False,False,True,0.041666666666666664,2.6041666666666665,0.9375,0.01875
mango nectar,128,0.2,0.04,0.092,0.066,32.9,31.2,Desserts & Sweets,1.0,0.5,0.05,0.0,,,,,,,,,,,,,,,,,,,,,,,,True,True,True,False,False,False,False,0.03125,0.390625,0.975,0.0140625
acerola cherry juice,56,0.7,0.2,0.2,0.2,11.6,10.9,Desserts & Sweets,1.0,0.5,0.05,0.0,,,,,,,,,,,,,,,,,,,,,,,,True,True,True,False,False,False,False,0.07142857142857142,0.8928571428571429,0.7785714285714286,0.1125
apple juice concentrate,350,0.8,0.1,0.053,0.2,86.5,81.9,Desserts & Sweets,1.0,2.5,0.05,0.0,,,,,,,,,,,,,,,,,,,,,,,,True,True,True,False,False,False,True,0.011428571428571429,0.7142857142857143,0.936,0.02057142857142857
papaya nectar,143,0.4,0.1,0.1,0.07,36.3,34.8,Desserts & Sweets,1.0,0.5,0.05,0.0,,,,,,,,,,,,,,,,,,,,,,,,True,True,True,False,False,False,False,0.027972027972027972,0.34965034965034963,0.9734265734265733,0.025174825174825177
apple juice martinellis,122,0.0,0.0,29.1,0.7,0.0,0.0,Desserts & Sweets,1.0,2.5,0.05,0.0,,,,,,,,,,,,,,,,,,,,,,,,True,True,True,False,False,True,True,0.03278688524590164,2.0491803278688523,0.0,0.0
lime juice,61,0.2,0.052,0.087,0.071,20.4,4.1,Desserts & Sweets,1.0,0.5,0.05,0.0,,,,,,,,,,,,,,,,,,,,,,,,True,True,True,False,False,False,False,0.06557377049180328,0.819672131147541,0.26885245901639343,0.029508196721311476
grape juice,152,0.3,0.06,0.03,0.059,37.4,35.9,Desserts & Sweets,1.0,0.5,0.05,0.0,,,,,,,,,,,,,,,,,,,,,,,,True,True,True,False,False,False,False,0.02631578947368421,0.32894736842105265,0.9447368421052631,0.017763157894736842
water dannon,0,0.0,0.0,0.0,0.0,0.0,0.0,Desserts & Sweets,1.0,0.5,0.05,0.0,,,,,,,,,,,,,,,,,,,,,,,,True,True,True,False,True,True,True,4.0,50.0,0.0,0.0
tap water,0,0.0,0.0,0.0,0.0,0.0,0.0,Desserts & Sweets,1.0,0.5,0.05,0.0,,,,,,,,,,,,,,,,,,,,,,,,True,True,True,False,True,True,True,4.0,50.0,0.0,0.0
table water,0,0.0,0.0,0.0,0.0,0.0,0.0,Desserts & Sweets,1.0,0.5,0.05,0.0,,,,,,,,,,,,,,,,,,,,,,,,True,True,True,False,True,True,True,4.0,50.0,0.0,0.0
fruit flavored water,52,0.0,0.0,0.0,0.0,13.0,13.0,Desserts & Sweets,1.0,2.5,0.05,0.0,,,,,,,,,,,,,,,,,,,,,,,,True,True,True,False,False,False,True,0.07692307692307693,4.8076923076923075,1.0,0.0
water,0,0.0,0.0,0.0,0.0,0.0,0.0,Desserts & Sweets,1.0,0.5,0.05,0.0,,,,,,,,,,,,,,,,,,,,,,,,True,True,True,False,True,True,True,4.0,50.0,0.0,0.0
cola light coca cola,0,0.0,0.0,0.0,0.0,0.0,0.0,Desserts & Sweets,1.0,0.5,0.05,0.0,,,,,,,,,,,,,,,,,,,,,,,,True,True,True,False,True,True,True,4.0,50.0,0.0,0.0
lemon lime soda,151,0.0,0.0,0.0,0.0,38.4,37.6,Desserts & Sweets,1.0,0.5,0.05,0.0,,,,,,,,,,,,,,,,,,,,,,,,True,True,True,False,False,False,False,0.026490066225165563,0.33112582781456956,0.9960264900662252,0.0
tonic water,114,0.0,0.0,0.0,0.0,29.6,29.6,Desserts & Sweets,1.0,0.5,0.05,0.0,,,,,,,,,,,,,,,,,,,,,,,,True,True,True,False,False,False,False,0.03508771929824561,0.43859649122807015,1.0385964912280703,0.0
lemonade low calorie,7,0.0,0.0,0.0,0.0,1.6,0.0,Desserts & Sweets,1.0,0.5,0.05,0.0,,,,,,,,,,,,,,,,,,,,,,,,True,True,True,False,True,True,True,0.5714285714285714,7.142857142857143,0.0,0.0
ginger ale,68,0.0,0.0,0.0,0.0,17.5,17.4,Desserts & Sweets,1.0,0.5,0.05,0.0,,,,,,,,,,,,,,,,,,,,,,,,True,True,True,False,False,False,False,0.058823529411764705,0.7352941176470589,1.0235294117647058,0.0
ice tea lemon flavor nestle,88,0.0,0.0,0.0,0.0,22.3,22.3,Desserts & Sweets,1.0,0.5,0.05,0.0,,,,,,,,,,,,,,,,,,,,,,,,True,True,True,False,False,False,False,0.045454545454545456,0.5681818181818182,1.0136363636363637,0.0
sprite coca cola,80,0.063,0.0,0.0,0.0,20.3,18.0,Desserts & Sweets,1.0,0.5,0.05,0.0,,,,,,,,,,,,,,,,,,,,,,,,True,True,True,False,False,False,False,0.05,0.625,0.9,0.007087499999999999
cola coca cola,151,0.0,0.0,0.0,0.0,38.9,38.9,Desserts & Sweets,1.0,0.5,0.05,0.0,,,,,,,,,,,,,,,,,,,,,,,,True,True,True,False,False,False,False,0.026490066225165563,0.33112582781456956,1.0304635761589405,0.0
cola,74,0.07,0.0,0.0,0.0,19.1,17.9,Desserts & Sweets,1.0,0.5,0.05,0.0,,,,,,,,,,,,,,,,,,,,,,,,True,True,True,False,False,False,False,0.05405405405405406,0.6756756756756757,0.9675675675675675,0.008513513513513515
cream soda,252,0.0,0.0,0.0,0.0,65.7,65.7,Desserts & Sweets,1.0,0.5,0.05,0.0,,,,,,,,,,,,,,,,,,,,,,,,False,True,True,False,False,False,False,0.015873015873015872,0.1984126984126984,1.042857142857143,0.0
club soda,0,0.0,0.0,0.0,0.0,0.0,0.0,Desserts & Sweets,1.0,0.5,0.05,0.0,,,,,,,,,,,,,,,,,,,,,,,,True,True,True,False,True,True,True,4.0,50.0,0.0,0.0
pink lemonade,86,0.3,0.079,0.03,0.034,21.6,20.6,Desserts & Sweets,1.0,0.5,0.05,0.0,,,,,,,,,,,,,,,,,,,,,,,,True,True,True,False,False,False,False,0.046511627906976744,0.5813953488372093,0.958139534883721,0.0313953488372093
grape soda,160,0.0,0.0,0.0,0.0,41.7,0.0,Desserts & Sweets,1.0,0.5,0.05,0.0,,,,,,,,,,,,,,,,,,,,,,,,True,True,True,False,False,False,False,0.025,0.3125,0.0,0.0
cola without caffeine coca cola,151,0.0,0.0,0.0,0.0,38.9,38.9,Desserts & Sweets,1.0,0.5,0.05,0.0,,,,,,,,,,,,,,,,,,,,,,,,True,True,True,False,False,False,False,0.026490066225165563,0.33112582781456956,1.0304635761589405,0.0
white lemonade,80,0.003,0.093,0.024,0.076,20.8,20.0,Desserts & Sweets,1.0,0.5,0.05,0.0,,,,,,,,,,,,,,,,,,,,,,,,True,True,True,False,False,False,False,0.05,0.625,1.0,0.0003375
chocolate soda,207,0.0,0.0,0.0,0.0,52.6,52.6,Desserts & Sweets,1.0,0.5,0.05,0.0,,,,,,,,,,,,,,,,,,,,,,,,True,True,True,False,False,False,False,0.01932367149758454,0.24154589371980675,1.0164251207729469,0.0
sweet tea lipton,130,0.0,0.0,0.0,0.0,35.0,35.0,Desserts & Sweets,1.0,0.5,0.05,0.0,,,,,,,,,,,,,,,,,,,,,,,,True,True,True,False,False,False,False,0.03076923076923077,0.38461538461538464,1.0769230769230769,0.0
hibiscus tea,74,1.3,0.5,0.2,0.04,14.8,12.0,Desserts & Sweets,1.0,0.5,0.05,0.0,,,,,,,,,,,,,,,,,,,,,,,,True,True,True,False,False,False,False,0.05405405405405406,0.6756756756756757,0.6486486486486487,0.15810810810810813
instant lemon tea,2,0.0,0.0,0.0,0.0,0.3,0.047,Desserts & Sweets,1.0,0.5,0.05,0.0,,,,,,,,,,,,,,,,,,,,,,,,True,True,True,False,True,True,True,2.0,25.0,0.094,0.0
pesca tea santal,116,0.0,28.1,0.0,0.0,0.0,0.0,Desserts & Sweets,1.0,0.5,0.05,0.0,,,,,,,,,,,,,,,,,,,,,,,,True,True,True,False,False,True,False,0.034482758620689655,0.43103448275862066,0.0,0.0
instant lemon tea sweetened,91,0.2,0.018,0.046,0.093,22.3,21.6,Desserts & Sweets,1.0,0.5,0.05,0.0,,,,,,,,,,,,,,,,,,,,,,,,True,True,True,False,False,False,False,0.04395604395604396,0.5494505494505495,0.9494505494505495,0.01978021978021978
tea with milk and sugar yorkshire,15,0.5,0.3,0.7,0.7,0.4,0.0,Desserts & Sweets,1.0,0.5,0.05,0.0,,,,,,,,,,,,,,,,,,,,,,,,False,True,True,False,True,True,True,0.26666666666666666,3.3333333333333335,0.0,0.3
tea blueberry muffin tekanne,4,0.2,0.2,0.6,0.4,0.4,0.007,Desserts & Sweets,1.0,2.5,0.05,0.0,,,,,,,,,,,,,,,,,,,,,,,,True,True,True,False,True,True,True,1.0,62.5,0.007,0.45
chamomile tea,2,0.0,0.028,0.032,0.073,0.4,0.0,Desserts & Sweets,1.0,0.5,0.05,0.0,,,,,,,,,,,,,,,,,,,,,,,,False,False,False,True,True,True,True,2.0,25.0,0.0,0.0
black tea,2,0.0,0.072,0.032,0.029,0.7,0.0,Desserts & Sweets,1.0,0.5,0.05,0.0,,,,,,,,,,,,,,,,,,,,,,,,True,True,True,False,True,True,True,2.0,25.0,0.0,0.0
herb tea,2,0.0,0.014,0.043,0.071,0.4,0.0,Desserts & Sweets,1.0,0.5,0.05,0.0,,,,,,,,,,,,,,,,,,,,,,,,True,True,True,False,True,True,True,2.0,25.0,0.0,0.0
clam tomato juice,80,0.3,0.0,0.0,0.0,18.2,5.5,Desserts & Sweets,1.0,0.5,0.05,0.0,,,,,,,,,,,,,,,,,,,,,,,,True,True,True,False,False,False,False,0.05,0.625,0.275,0.033749999999999995
tomato juice,41,0.7,0.043,0.062,0.043,8.6,6.3,Desserts & Sweets,1.0,0.5,0.05,0.0,,,,,,,,,,,,,,,,,,,,,,,,True,True,True,False,False,False,True,0.0975609756097561,1.2195121951219512,0.6146341463414634,0.15365853658536585
vegetable juice,53,0.2,0.071,0.016,0.1,11.1,7.9,Desserts & Sweets,1.0,0.5,0.05,0.0,,,,,,,,,,,,,,,,,,,,,,,,True,True,True,False,False,False,False,0.07547169811320754,0.9433962264150944,0.5962264150943396,0.033962264150943396
tomato vegetable juice,53,0.2,0.014,0.014,0.1,11.1,9.2,Desserts & Sweets,1.0,0.5,0.05,0.0,,,,,,,,,,,,,,,,,,,,,,,,True,True,True,False,False,False,False,0.07547169811320754,0.9433962264150944,0.6943396226415094,0.033962264150943396
carrot juice,80,0.3,0.055,0.027,0.1,18.6,7.8,Desserts & Sweets,1.0,0.5,0.05,0.0,,,,,,,,,,,,,,,,,,,,,,,,True,True,True,False,False,False,False,0.05,0.625,0.39,0.033749999999999995
acorn dried,144,8.9,1.2,5.6,1.7,15.2,0.0,Desserts & Sweets,1.0,0.5,0.05,0.0,,,,,,,,,,,,,,,,,,,,,,,,True,True,True,False,False,False,False,0.027777777777777776,0.3472222222222222,0.0,0.55625
fenugreek seeds,36,0.7,0.2,0.0,0.0,6.5,0.0,Desserts & Sweets,1.0,0.5,0.05,0.0,,,,,,,,,,,,,,,,,,,,,,,,True,True,True,False,False,False,True,0.1111111111111111,1.3888888888888888,0.0,0.175
peanut topping mcdonalds,181,15.0,2.4,7.3,4.0,4.6,1.2,Desserts & Sweets,1.0,0.5,0.05,0.0,,,,,,,,,,,,,,,,,,,,,,,,True,True,True,False,False,True,False,0.022099447513812154,0.27624309392265195,0.026519337016574586,0.7458563535911602
beechnuts dried,173,15.0,1.7,6.6,6.0,10.1,0.0,Desserts & Sweets,1.0,0.5,0.05,0.0,,,,,,,,,,,,,,,,,,,,,,,,True,True,True,False,False,True,False,0.023121387283236993,0.28901734104046245,0.0,0.7803468208092486
breadnut tree seeds raw,61,0.3,0.089,0.061,0.1,13.1,0.0,Desserts & Sweets,1.0,0.5,0.05,0.0,,,,,,,,,,,,,,,,,,,,,,,,True,True,True,False,False,False,False,0.06557377049180328,0.819672131147541,0.0,0.04426229508196721
cumin seeds,8,0.5,0.096,0.3,0.013,0.9,0.063,Desserts & Sweets,1.0,0.5,0.05,0.0,,,,,,,,,,,,,,,,,,,,,,,,True,True,True,False,True,True,True,0.5,6.25,0.0315,0.5625
pili nuts dried,863,95.5,37.4,44.7,9.1,4.8,0.0,Desserts & Sweets,1.0,0.5,0.05,0.0,,,,,,,,,,,,,,,,,,,,,,,,True,True,True,False,False,True,False,0.004634994206257242,0.05793742757821553,0.0,0.9959443800695249
hazelnuts roasted,194,18.7,1.4,14.0,2.5,5.3,1.5,Desserts & Sweets,1.0,0.5,0.05,0.0,,,,,,,,,,,,,,,,,,,,,,,,True,True,True,False,False,True,False,0.020618556701030927,0.25773195876288657,0.030927835051546393,0.8675257731958762
lupins cooked,193,4.8,0.6,2.0,1.2,15.4,0.0,Desserts & Sweets,1.0,0.5,0.05,0.0,,,,,,,,,,,,,,,,,,,,,,,,True,True,True,False,False,False,False,0.02072538860103627,0.25906735751295334,0.0,0.2238341968911917
hazelnuts blanched,178,17.3,1.3,13.6,1.6,4.8,1.0,Desserts & Sweets,1.0,0.5,0.05,0.0,,,,,,,,,,,,,,,,,,,,,,,,True,True,True,False,False,True,False,0.02247191011235955,0.2808988764044944,0.02247191011235955,0.8747191011235956
brazilnuts dried,33,3.3,0.8,1.2,1.0,0.6,0.1,Desserts & Sweets,1.0,0.5,0.05,0.0,,,,,,,,,,,,,,,,,,,,,,,,True,True,True,False,False,True,True,0.12121212121212122,1.5151515151515151,0.012121212121212121,0.9
sunflower seeds dry roasted,47,4.0,0.4,0.8,2.6,1.9,0.2,Desserts & Sweets,1.0,0.5,0.05,0.0,,,,,,,,,,,,,,,,,,,,,,,,True,True,True,False,False,True,False,0.0851063829787234,1.0638297872340425,0.01702127659574468,0.7659574468085106
ginkgo nuts canned,172,2.5,0.5,0.9,0.9,34.3,0.0,Desserts & Sweets,1.0,0.5,0.05,0.0,,,,,,,,,,,,,,,,,,,,,,,,True,True,True,False,False,False,False,0.023255813953488372,0.29069767441860467,0.0,0.1308139534883721
peanuts cooked,572,39.6,5.5,19.7,12.5,38.3,4.4,Desserts & Sweets,1.0,0.5,0.05,0.0,,,,,,,,,,,,,,,,,,,,,,,,True,True,True,False,False,False,False,0.006993006993006993,0.08741258741258741,0.03076923076923077,0.6230769230769231
pumpkin squash seeds dried,721,63.3,11.2,21.0,27.1,13.8,1.8,Desserts & Sweets,1.0,0.5,0.05,0.0,,,,,,,,,,,,,,,,,,,,,,,,True,True,True,False,False,True,False,0.005547850208044383,0.06934812760055478,0.009986130374479889,0.7901525658807211
cashew nuts raw,156,12.4,2.2,6.7,2.2,8.5,1.7,Desserts & Sweets,1.0,0.5,0.05,0.0,,,,,,,,,,,,,,,,,,,,,,,,True,True,True,False,False,True,False,0.02564102564102564,0.32051282051282054,0.04358974358974359,0.7153846153846154
sunflower seeds dried,269,23.7,2.0,8.5,10.6,9.2,1.2,Desserts & Sweets,1.0,0.5,0.05,0.0,,,,,,,,,,,,,,,,,,,,,,,,True,True,True,False,False,True,False,0.01486988847583643,0.18587360594795538,0.017843866171003718,0.7929368029739776
lotus seeds dried,106,0.6,0.1,0.1,0.4,20.6,0.0,Desserts & Sweets,1.0,0.5,0.05,0.0,,,,,,,,,,,,,,,,,,,,,,,,True,True,True,False,False,False,False,0.03773584905660377,0.4716981132075472,0.0,0.05094339622641509
butternuts dried,734,68.4,1.6,12.5,51.3,14.5,0.0,Desserts & Sweets,1.0,0.5,0.05,0.0,,,,,,,,,,,,,,,,,,,,,,,,False,True,True,False,False,True,False,0.005449591280653951,0.0681198910081744,0.0,0.8386920980926431
sesame seeds dried,52,4.5,0.6,1.7,2.0,2.1,0.031,Desserts & Sweets,1.0,0.5,0.05,0.0,,,,,,,,,,,,,,,,,,,,,,,,True,True,True,False,False,True,False,0.07692307692307693,0.9615384615384616,0.0023846153846153848,0.7788461538461539
breadfruit seeds,57,1.7,0.5,0.2,0.9,8.8,0.0,Desserts & Sweets,1.0,2.5,0.05,0.0,,,,,,,,,,,,,,,,,,,,,,,,True,True,True,False,False,False,True,0.07017543859649122,4.385964912280702,0.0,0.26842105263157895
pinyon pine nuts dried,1,0.073,0.022,0.044,0.074,0.01,0.0,Desserts & Sweets,1.0,0.5,0.05,0.0,,,,,,,,,,,,,,,,,,,,,,,,True,True,True,False,True,True,True,4.0,50.0,0.0,0.6569999999999999
pine nuts dried,909,92.3,6.6,25.3,46.0,17.7,4.8,Desserts & Sweets,1.0,0.5,0.05,0.0,,,,,,,,,,,,,,,,,,,,,,,,True,True,True,False,False,True,False,0.0044004400440044,0.05500550055005501,0.021122112211221122,0.9138613861386138
flaxseeds,55,4.3,0.4,0.8,3.0,3.0,0.2,Desserts & Sweets,1.0,0.5,0.05,0.0,,,,,,,,,,,,,,,,,,,,,,,,True,True,True,False,False,True,False,0.07272727272727272,0.9090909090909091,0.014545454545454545,0.7036363636363635
safflower seed kernels dried,146,10.9,1.0,1.4,8.0,9.7,0.0,Desserts & Sweets,1.0,0.5,0.05,0.0,,,,,,,,,,,,,,,,,,,,,,,,True,True,True,False,False,False,False,0.0273972602739726,0.3424657534246575,0.0,0.6719178082191781
pistachio nuts raw,691,55.8,6.8,29.3,16.9,33.8,9.4,Desserts & Sweets,1.0,0.5,0.05,0.0,,,,,,,,,,,,,,,,,,,,,,,,True,True,True,False,False,True,False,0.005788712011577424,0.0723589001447178,0.05441389290882779,0.7267727930535456
peanuts raw,828,71.9,10.0,35.7,22.7,23.5,5.8,Desserts & Sweets,1.0,0.5,0.05,0.0,,,,,,,,,,,,,,,,,,,,,,,,True,True,True,False,False,True,False,0.004830917874396135,0.06038647342995169,0.028019323671497582,0.7815217391304348
poppy seeds,46,3.7,0.4,0.5,2.5,2.5,0.3,Desserts & Sweets,1.0,0.5,0.05,0.0,,,,,,,,,,,,,,,,,,,,,,,,True,True,True,False,False,True,False,0.08695652173913043,1.0869565217391304,0.02608695652173913,0.7239130434782609
valencia peanuts raw,832,69.5,10.7,31.3,24.1,30.5,0.0,Desserts & Sweets,1.0,0.5,0.05,0.0,,,,,,,,,,,,,,,,,,,,,,,,True,True,True,False,False,True,False,0.004807692307692308,0.06009615384615385,0.0,0.7518028846153846
spanish peanuts,832,72.4,11.2,32.6,25.1,23.1,0.0,Desserts & Sweets,1.0,0.5,0.05,0.0,,,,,,,,,,,,,,,,,,,,,,,,True,True,True,False,False,True,False,0.004807692307692308,0.06009615384615385,0.0,0.7831730769230769
dill seeds,20,1.0,0.018,0.6,0.041,3.6,0.0,Desserts & Sweets,1.0,0.5,0.05,0.0,,,,,,,,,,,,,,,,,,,,,,,,True,True,True,False,False,True,True,0.2,2.5,0.0,0.45
caraway seeds,22,1.0,0.03,0.5,0.2,3.3,0.038,Desserts & Sweets,1.0,0.5,0.05,0.0,,,,,,,,,,,,,,,,,,,,,,,,True,True,True,False,False,True,True,0.18181818181818182,2.272727272727273,0.006909090909090909,0.4090909090909091
acorn raw,110,6.8,0.9,4.3,1.3,11.5,0.0,Desserts & Sweets,1.0,0.5,0.05,0.0,,,,,,,,,,,,,,,,,,,,,,,,True,True,True,False,False,False,False,0.03636363636363636,0.45454545454545453,0.0,0.5563636363636363
almonds roasted,182,16.6,1.3,10.4,4.1,5.3,1.4,Desserts & Sweets,1.0,0.5,0.05,0.0,,,,,,,,,,,,,,,,,,,,,,,,True,True,True,False,False,True,False,0.02197802197802198,0.27472527472527475,0.030769230769230767,0.820879120879121
lotus seeds raw,25,0.1,0.097,0.011,0.002,4.9,0.0,Desserts & Sweets,1.0,0.5,0.05,0.0,,,,,,,,,,,,,,,,,,,,,,,,True,True,True,False,False,True,True,0.16,2.0,0.0,0.036000000000000004
chestnuts cooked,37,0.4,0.016,0.1,0.2,7.9,0.0,Desserts & Sweets,1.0,0.5,0.05,0.0,,,,,,,,,,,,,,,,,,,,,,,,True,True,True,False,False,False,True,0.10810810810810811,1.3513513513513513,0.0,0.0972972972972973
alfalfa seeds,1,0.075,0.029,0.067,0.057,0.002,0.058,Desserts & Sweets,1.0,0.5,0.05,0.0,,,,,,,,,,,,,,,,,,,,,,,,True,True,True,False,True,True,True,4.0,50.0,0.232,0.6749999999999999
virginia peanuts roasted,173,14.6,1.9,7.6,4.4,6.0,0.0,Desserts & Sweets,1.0,0.5,0.05,0.0,,,,,,,,,,,,,,,,,,,,,,,,True,True,True,False,False,True,False,0.023121387283236993,0.28901734104046245,0.0,0.7595375722543353
hazelnuts raw,471,45.6,3.3,34.2,5.9,12.5,3.3,Desserts & Sweets,1.0,0.5,0.05,0.0,,,,,,,,,,,,,,,,,,,,,,,,True,True,True,False,False,True,False,0.008492569002123142,0.10615711252653928,0.028025477707006367,0.8713375796178344
anise seeds,7,0.3,0.06,0.2,0.066,1.1,0.0,Desserts & Sweets,1.0,0.5,0.05,0.0,,,,,,,,,,,,,,,,,,,,,,,,True,True,True,False,True,True,True,0.5714285714285714,7.142857142857143,0.0,0.3857142857142857
macadamia nuts roasted,215,22.8,3.6,17.8,0.4,4.0,1.2,Desserts & Sweets,1.0,0.5,0.05,0.0,,,,,,,,,,,,,,,,,,,,,,,,True,True,True,False,False,True,False,0.018604651162790697,0.23255813953488372,0.022325581395348838,0.9544186046511629
studentenfutter alnatura,139,7.8,0.9,4.8,2.0,13.2,11.7,Desserts & Sweets,1.0,0.5,0.05,0.0,,,,,,,,,,,,,,,,,,,,,,,,True,True,True,False,False,False,False,0.02877697841726619,0.3597122302158273,0.3366906474820144,0.5050359712230216
pumpkin squash seeds roasted,46,3.9,0.7,1.3,1.6,1.2,0.1,Desserts & Sweets,1.0,0.5,0.05,0.0,,,,,,,,,,,,,,,,,,,,,,,,True,True,True,False,False,True,False,0.08695652173913043,1.0869565217391304,0.008695652173913044,0.7630434782608696
water chestnut raw,120,0.1,0.039,0.055,0.089,29.7,6.0,Desserts & Sweets,1.0,0.5,0.05,0.0,,,,,,,,,,,,,,,,,,,,,,,,True,True,True,False,False,False,False,0.03333333333333333,0.4166666666666667,0.2,0.007500000000000001
chestnuts roasted,37,0.3,0.009,0.1,0.1,7.9,1.6,Desserts & Sweets,1.0,0.5,0.05,0.0,,,,,,,,,,,,,,,,,,,,,,,,True,True,True,False,False,False,True,0.10810810810810811,1.3513513513513513,0.17297297297297298,0.07297297297297296
ginkgo nuts raw,52,0.5,0.029,0.2,0.2,10.6,0.0,Desserts & Sweets,1.0,0.5,0.05,0.0,,,,,,,,,,,,,,,,,,,,,,,,True,True,True,False,False,False,False,0.07692307692307693,0.9615384615384616,0.0,0.08653846153846154
almonds raw,9,0.7,0.04,0.5,0.2,0.3,0.026,Desserts & Sweets,1.0,0.5,0.05,0.0,,,,,,,,,,,,,,,,,,,,,,,,True,True,True,False,True,True,True,0.4444444444444444,5.555555555555555,0.011555555555555555,0.7
peanuts roasted,180,15.8,2.6,7.8,4.6,4.6,1.3,Desserts & Sweets,1.0,0.5,0.05,0.0,,,,,,,,,,,,,,,,,,,,,,,,True,True,True,False,False,True,False,0.022222222222222223,0.2777777777777778,0.02888888888888889,0.7900000000000001
sunflower seeds toasted,829,76.1,8.0,14.5,50.3,27.6,0.0,Desserts & Sweets,1.0,0.5,0.05,0.0,,,,,,,,,,,,,,,,,,,,,,,,True,True,True,False,False,True,False,0.0048250904704463205,0.06031363088057901,0.0,0.8261761158021713
sisymbrium seeds,235,3.4,0.7,1.1,1.5,43.1,0.0,Desserts & Sweets,1.0,0.5,0.05,0.0,,,,,,,,,,,,,,,,,,,,,,,,True,True,True,False,False,False,False,0.01702127659574468,0.2127659574468085,0.0,0.1302127659574468
breadnut tree seeds dried,587,2.7,0.7,0.3,1.4,127.0,0.0,Desserts & Sweets,1.0,0.5,0.05,0.0,,,,,,,,,,,,,,,,,,,,,,,,True,True,True,False,False,False,False,0.0068143100511073255,0.08517887563884156,0.0,0.041396933560477
pecans raw,753,78.4,6.7,44.5,23.6,15.1,4.3,Desserts & Sweets,1.0,0.5,0.05,0.0,,,,,,,,,,,,,,,,,,,,,,,,True,True,True,False,False,True,False,0.005312084993359893,0.06640106241699867,0.022841965471447543,0.9370517928286853
chia seeds dried,138,8.7,0.9,0.7,6.7,11.9,0.0,Desserts & Sweets,1.0,0.5,0.05,0.0,,,,,,,,,,,,,,,,,,,,,,,,True,True,True,False,False,False,False,0.028985507246376812,0.36231884057971014,0.0,0.567391304347826
japanese chestnuts roasted,57,0.2,0.08,0.1,0.094,12.8,0.0,Desserts & Sweets,1.0,0.5,0.05,0.0,,,,,,,,,,,,,,,,,,,,,,,,True,True,True,False,False,False,False,0.07017543859649122,0.8771929824561403,0.0,0.031578947368421054
sesame seeds toasted,45,3.8,0.5,1.5,1.7,2.1,0.0,Desserts & Sweets,1.0,0.5,0.05,0.0,,,,,,,,,,,,,,,,,,,,,,,,True,True,True,False,False,True,False,0.08888888888888889,1.1111111111111112,0.0,0.7599999999999999
cashew nuts roasted,174,14.3,2.5,7.8,2.6,9.0,1.5,Desserts & Sweets,1.0,0.5,0.05,0.0,,,,,,,,,,,,,,,,,,,,,,,,True,True,True,False,False,True,False,0.022988505747126436,0.28735632183908044,0.034482758620689655,0.7396551724137932
lupins raw,668,17.5,2.1,7.1,4.4,72.7,0.0,Desserts & Sweets,1.0,0.5,0.05,0.0,,,,,,,,,,,,,,,,,,,,,,,,True,True,True,False,False,False,False,0.005988023952095809,0.0748502994011976,0.0,0.23577844311377247
mustard seeds ground,10,0.7,0.012,0.5,0.2,0.6,0.1,Desserts & Sweets,1.0,0.5,0.05,0.0,,,,,,,,,,,,,,,,,,,,,,,,True,True,True,False,True,True,True,0.4,5.0,0.04,0.63
mixed nuts roasted,178,15.4,2.0,9.4,3.2,7.6,1.4,Desserts & Sweets,1.0,0.5,0.05,0.0,,,,,,,,,,,,,,,,,,,,,,,,True,True,True,False,False,True,False,0.02247191011235955,0.2808988764044944,0.031460674157303366,0.7786516853932584
salat mix alestro,61,5.2,0.9,0.1,0.3,2.4,0.0,Desserts & Sweets,1.0,0.5,0.05,0.0,,,,,,,,,,,,,,,,,,,,,,,,True,True,True,False,False,True,False,0.06557377049180328,0.819672131147541,0.0,0.7672131147540985
chestnuts raw,309,3.3,0.6,1.1,1.3,66.0,0.0,Desserts & Sweets,1.0,0.5,0.05,0.0,,,,,,,,,,,,,,,,,,,,,,,,True,True,True,False,False,False,False,0.012944983818770227,0.16181229773462782,0.0,0.09611650485436893
pistachio nuts roasted,172,13.7,1.7,7.4,4.0,8.5,2.3,Desserts & Sweets,1.0,0.5,0.05,0.0,,,,,,,,,,,,,,,,,,,,,,,,True,True,True,False,False,True,False,0.023255813953488372,0.29069767441860467,0.053488372093023255,0.7168604651162791
walnut,33,3.3,0.3,0.4,2.4,0.7,0.1,Desserts & Sweets,1.0,0.5,0.05,0.0,,,,,,,,,,,,,,,,,,,,,,,,True,True,True,False,False,True,True,0.12121212121212122,1.5151515151515151,0.012121212121212121,0.9
celery seeds,25,1.6,0.1,1.0,0.2,2.7,0.078,Desserts & Sweets,1.0,0.5,0.05,0.0,,,,,,,,,,,,,,,,,,,,,,,,True,True,True,False,False,True,True,0.16,2.0,0.01248,0.5760000000000001
hickorynuts dried,788,77.2,8.4,39.1,26.3,21.9,0.0,Desserts & Sweets,1.0,0.5,0.05,0.0,,,,,,,,,,,,,,,,,,,,,,,,True,True,True,False,False,True,False,0.005076142131979695,0.06345177664974619,0.0,0.8817258883248732
spanish peanuts roasted,851,72.1,11.1,32.4,25.0,25.7,0.0,Desserts & Sweets,1.0,0.5,0.05,0.0,,,,,,,,,,,,,,,,,,,,,,,,True,True,True,False,False,True,False,0.004700352526439483,0.05875440658049354,0.0,0.7625146886016451
woca seeds dried,102,0.3,0.025,0.044,0.059,22.6,0.1,Desserts & Sweets,1.0,0.5,0.05,0.0,,,,,,,,,,,,,,,,,,,,,,,,True,True,True,False,False,False,False,0.0392156862745098,0.49019607843137253,0.00392156862745098,0.026470588235294114
pecans roasted,215,22.6,2.2,12.3,7.1,3.9,1.2,Desserts & Sweets,1.0,0.5,0.05,0.0,,,,,,,,,,,,,,,,,,,,,,,,True,True,True,False,False,True,False,0.018604651162790697,0.23255813953488372,0.022325581395348838,0.946046511627907
fennel seeds,7,0.3,0.008,0.2,0.065,1.0,0.0,Desserts & Sweets,1.0,0.5,0.05,0.0,,,,,,,,,,,,,,,,,,,,,,,,True,True,True,False,True,True,True,0.5714285714285714,7.142857142857143,0.0,0.3857142857142857
chinese chestnuts roasted,68,0.3,0.027,0.2,0.073,14.8,0.0,Desserts & Sweets,1.0,0.5,0.05,0.0,,,,,,,,,,,,,,,,,,,,,,,,True,True,True,False,False,False,False,0.058823529411764705,0.7352941176470589,0.0,0.039705882352941174
watermelon seed kernels dried,602,51.2,10.6,8.0,30.3,16.5,0.0,Desserts & Sweets,1.0,0.5,0.05,0.0,,,,,,,,,,,,,,,,,,,,,,,,True,True,True,False,False,True,False,0.006644518272425249,0.08305647840531562,0.0,0.7654485049833887
macadamia nuts raw,38,4.0,0.6,3.1,0.059,0.7,0.2,Desserts & Sweets,1.0,0.5,0.05,0.0,,,,,,,,,,,,,,,,,,,,,,,,True,True,True,False,False,True,True,0.10526315789473684,1.3157894736842106,0.021052631578947368,0.9473684210526315
pectin,163,0.2,0.052,0.093,0.076,45.2,0.0,Desserts & Sweets,1.0,0.5,0.05,0.0,,,,,,,,,,,,,,,,,,,,,,,,True,True,True,False,False,False,False,0.024539877300613498,0.3067484662576687,0.0,0.011042944785276074
black walnut dried,31,3.0,0.2,0.8,1.8,0.5,0.018,Desserts & Sweets,1.0,0.5,0.05,0.0,,,,,,,,,,,,,,,,,,,,,,,,True,True,True,False,False,True,True,0.12903225806451613,1.6129032258064515,0.00232258064516129,0.8709677419354839
water chestnut canned,70,0.015,0.05,0.068,0.053,17.2,3.4,Desserts & Sweets,1.0,0.5,0.05,0.0,,,,,,,,,,,,,,,,,,,,,,,,True,True,True,False,False,False,False,0.05714285714285714,0.7142857142857143,0.19428571428571428,0.0019285714285714288
ginkgo nuts dried,98,0.6,0.1,0.2,0.2,20.5,0.0,Desserts & Sweets,1.0,0.5,0.05,0.0,,,,,,,,,,,,,,,,,,,,,,,,True,True,True,False,False,False,False,0.04081632653061224,0.5102040816326531,0.0,0.055102040816326525
virginia peanuts raw,822,71.2,9.3,36.9,21.5,24.1,5.8,Desserts & Sweets,1.0,0.5,0.05,0.0,,,,,,,,,,,,,,,,,,,,,,,,True,True,True,False,False,True,False,0.004866180048661801,0.06082725060827251,0.028223844282238442,0.7795620437956206
valencia peanuts roasted,177,15.4,2.4,6.9,5.3,4.9,0.0,Desserts & Sweets,1.0,0.5,0.05,0.0,,,,,,,,,,,,,,,,,,,,,,,,True,True,True,False,False,True,False,0.022598870056497175,0.2824858757062147,0.0,0.7830508474576271
nesfit diet cereal nestle,75,0.0,14.5,2.8,0.0,0.0,0.0,Desserts & Sweets,1.0,0.5,0.05,0.0,,,,,,,,,,,,,,,,,,,,,,,,True,True,True,False,False,True,False,0.05333333333333334,0.6666666666666666,0.0,0.0
corn grits cooked,182,1.2,0.2,0.2,0.4,37.9,0.3,Desserts & Sweets,1.0,0.5,0.05,0.0,,,,,,,,,,,,,,,,,,,,,,,,True,True,True,False,False,False,False,0.02197802197802198,0.27472527472527475,0.006593406593406593,0.05934065934065934
amaranth flakes,134,2.7,0.5,0.8,1.0,27.0,0.2,Desserts & Sweets,1.0,0.5,0.05,0.0,,,,,,,,,,,,,,,,,,,,,,,,True,True,True,False,False,False,False,0.029850746268656716,0.373134328358209,0.005970149253731343,0.18134328358208956
granola,293,14.6,2.4,6.6,4.7,32.3,11.9,Desserts & Sweets,1.0,0.5,0.05,0.0,,,,,,,,,,,,,,,,,,,,,,,,True,True,True,False,False,False,False,0.013651877133105802,0.17064846416382254,0.16245733788395905,0.44846416382252563
muesli with fruit nuts,231,3.4,0.5,1.2,1.4,45.7,14.2,Desserts & Sweets,1.0,2.5,0.05,0.0,,,,,,,,,,,,,,,,,,,,,,,,True,True,True,False,False,False,True,0.017316017316017316,1.0822510822510822,0.24588744588744588,0.13246753246753246
muesli master crumble,124,2.4,1.0,19.8,8.5,4.5,0.042,Desserts & Sweets,1.0,0.5,0.05,0.0,,,,,,,,,,,,,,,,,,,,,,,,True,True,True,False,False,True,False,0.03225806451612903,0.4032258064516129,0.0013548387096774194,0.17419354838709675
bran flakes,131,0.8,0.2,0.1,0.5,32.2,7.4,Desserts & Sweets,1.0,0.5,0.05,0.0,,,,,,,,,,,,,,,,,,,,,,,,True,True,True,False,False,False,False,0.030534351145038167,0.3816793893129771,0.22595419847328246,0.0549618320610687
nut cereal,245,5.9,1.0,3.9,0.5,46.2,17.2,Desserts & Sweets,1.0,0.5,0.05,0.0,,,,,,,,,,,,,,,,,,,,,,,,True,True,True,False,False,False,False,0.0163265306122449,0.20408163265306123,0.2808163265306122,0.21673469387755104
corn flakes,108,0.3,0.098,0.071,0.018,24.6,2.2,Desserts & Sweets,1.0,0.5,0.05,0.0,,,,,,,,,,,,,,,,,,,,,,,,True,True,True,False,False,False,False,0.037037037037037035,0.46296296296296297,0.08148148148148149,0.024999999999999998
corn grits dry,36,0.2,0.022,0.018,0.032,7.7,0.008,Desserts & Sweets,1.0,0.5,0.05,0.0,,,,,,,,,,,,,,,,,,,,,,,,True,True,True,False,False,False,True,0.1111111111111111,1.3888888888888888,0.0008888888888888889,0.05
margarine with yoghurt,88,9.8,1.9,5.6,2.0,0.073,0.0,Fats & Oils,0.0,0.0,0.05,0.0,,,,,,,,,,,,,,,,,,,,,,,,True,True,True,False,False,True,False,0.0,0.0,0.0,1.0022727272727272
sunflower seed butter,99,8.8,0.7,6.2,1.6,3.7,1.7,Fats & Oils,14.0,5.0,0.05,30.0,,,,,,,,,,,,,,,,,,,,,,,,False,True,True,False,True,True,True,0.5656565656565656,5.05050505050505,0.06868686868686869,0.8
hazelnut oil,120,13.6,1.0,10.6,1.4,0.0,0.0,Fats & Oils,14.0,5.0,0.05,0.0,,,,,,,,,,,,,,,,,,,,,,,,True,True,True,False,True,True,True,0.4666666666666667,4.166666666666667,0.0,1.02
menhaden fish oil,1966,218.0,66.3,58.2,74.5,0.0,0.0,Fats & Oils,0.0,0.0,0.05,0.0,,,,,,,,,,,,,,,,,,,,,,,,False,False,False,True,False,True,False,0.0,0.0,0.0,0.9979654120040692
cod liver fish oil,123,13.6,3.1,6.4,3.1,0.0,0.0,Fats & Oils,0.0,0.0,0.05,0.0,,,,,,,,,,,,,,,,,,,,,,,,False,False,False,True,False,True,False,0.0,0.0,0.0,0.9951219512195121
sardine oil,123,13.6,4.1,4.6,4.3,0.0,0.0,Fats & Oils,0.0,0.0,0.05,0.0,,,,,,,,,,,,,,,,,,,,,,,,True,True,True,False,False,True,False,0.0,0.0,0.0,0.9951219512195121
cupu assu oil,120,13.6,7.2,5.3,0.5,0.0,0.0,Fats & Oils,0.0,0.0,0.05,0.0,,,,,,,,,,,,,,,,,,,,,,,,True,True,True,False,False,True,False,0.0,0.0,0.0,1.02
lard,115,12.8,5.0,5.8,1.4,0.0,0.0,Fats & Oils,0.0,0.0,0.05,0.0,,,,,,,,,,,,,,,,,,,,,,,,False,False,False,True,False,True,False,0.0,0.0,0.0,1.0017391304347827
sesame butter,94,8.1,1.1,3.1,3.6,3.8,0.0,Fats & Oils,14.0,0.0,0.05,30.0,,,,,,,,,,,,,,,,,,,,,,,,False,True,True,False,True,True,False,0.5957446808510638,0.0,0.0,0.775531914893617
margarine spread,59,6.7,1.2,2.3,2.8,0.1,0.0,Fats & Oils,0.0,0.0,0.05,0.0,,,,,,,,,,,,,,,,,,,,,,,,True,True,True,False,False,True,False,0.0,0.0,0.0,1.0220338983050847
lard vegetable oil,115,12.8,5.2,5.7,1.4,0.0,0.0,Fats & Oils,0.0,0.0,0.05,0.0,,,,,,,,,,,,,,,,,,,,,,,,False,False,False,True,False,True,False,0.0,0.0,0.0,1.0017391304347827
shortening,113,12.8,3.2,5.7,3.3,0.0,0.0,Fats & Oils,0.0,0.0,0.05,0.0,,,,,,,,,,,,,,,,,,,,,,,,True,True,True,False,False,True,False,0.0,0.0,0.0,1.0194690265486726
vegetable oil spread,75,8.4,1.7,2.7,3.7,0.1,0.0,Fats & Oils,0.0,0.0,0.05,0.0,,,,,,,,,,,,,,,,,,,,,,,,True,True,True,False,False,True,False,0.0,0.0,0.0,1.008
cottonseed oil,120,13.6,3.5,2.4,7.1,0.0,0.0,Fats & Oils,14.0,5.0,0.05,0.0,,,,,,,,,,,,,,,,,,,,,,,,True,True,True,False,True,True,True,0.4666666666666667,4.166666666666667,0.0,1.02
vegetable oil spread fat free,6,0.5,0.015,0.1,0.3,0.4,0.0,Fats & Oils,0.0,0.0,0.05,0.0,,,,,,,,,,,,,,,,,,,,,,,,True,True,True,False,False,True,False,0.0,0.0,0.0,0.75
soy margarine,88,9.9,3.2,5.2,1.1,0.0,0.0,Fats & Oils,0.0,0.0,0.05,0.0,,,,,,,,,,,,,,,,,,,,,,,,True,True,True,False,False,True,False,0.0,0.0,0.0,1.0125000000000002
margarine with salt,100,11.3,2.1,5.4,3.4,0.017,0.0,Fats & Oils,0.0,0.0,0.05,0.0,,,,,,,,,,,,,,,,,,,,,,,,True,True,True,False,False,True,False,0.0,0.0,0.0,1.0170000000000001
margarine,102,11.5,2.2,5.5,3.5,0.018,0.0,Fats & Oils,0.0,0.0,0.05,0.0,,,,,,,,,,,,,,,,,,,,,,,,True,True,True,False,False,True,False,0.0,0.0,0.0,1.0147058823529411
salmon fish oil,123,13.6,2.7,3.9,5.5,0.0,0.0,Fats & Oils,0.0,0.0,0.05,0.0,,,,,,,,,,,,,,,,,,,,,,,,False,False,False,True,False,True,False,0.0,0.0,0.0,0.9951219512195121
nutmeg butter oil,1927,218.0,196.2,10.5,0.0,0.0,0.0,Fats & Oils,14.0,5.0,0.05,30.0,,,,,,,,,,,,,,,,,,,,,,,,False,True,True,False,True,True,True,0.029060716139076286,0.2594706798131811,0.0,1.0181629475869227
almond butter,98,8.9,0.7,5.2,2.2,3.0,0.7,Fats & Oils,14.0,0.0,0.05,30.0,,,,,,,,,,,,,,,,,,,,,,,,False,True,True,False,True,True,False,0.5714285714285714,0.0,0.02857142857142857,0.8173469387755103
sour cream shoprite,60,5.0,3.5,1.0,1.0,1.0,0.014,Fats & Oils,0.0,0.0,0.05,30.0,,,,,,,,,,,,,,,,,,,,,,,,False,True,True,False,False,True,False,0.0,0.0,0.0009333333333333333,0.75
ucuhuba butter oil,120,13.6,11.6,0.9,0.4,0.0,0.0,Fats & Oils,14.0,0.0,0.05,30.0,,,,,,,,,,,,,,,,,,,,,,,,False,True,True,False,True,True,False,0.4666666666666667,0.0,0.0,1.02
chicken fat,115,12.8,3.8,5.7,2.7,0.0,0.0,Fats & Oils,0.0,0.0,0.05,0.0,,,,,,,,,,,,,,,,,,,,,,,,False,False,False,True,False,True,False,0.0,0.0,0.0,1.0017391304347827
herring fish oil,123,13.6,2.9,7.7,2.1,0.0,0.0,Fats & Oils,0.0,0.0,0.05,0.0,,,,,,,,,,,,,,,,,,,,,,,,False,False,False,True,False,True,False,0.0,0.0,0.0,0.9951219512195121
bacon grease,39,4.3,1.7,1.9,0.5,0.0,0.0,Fats & Oils,0.0,0.0,0.05,0.0,,,,,,,,,,,,,,,,,,,,,,,,False,False,False,True,False,True,False,0.0,0.0,0.0,0.9923076923076922
turkey fat,45,5.0,1.5,2.1,1.2,0.0,0.0,Fats & Oils,0.0,0.0,0.05,0.0,,,,,,,,,,,,,,,,,,,,,,,,False,False,False,True,False,True,False,0.0,0.0,0.0,1.0
beef tallow,115,12.8,6.4,5.4,0.5,0.0,0.0,Fats & Oils,0.0,0.0,0.05,0.0,,,,,,,,,,,,,,,,,,,,,,,,False,False,False,True,False,True,False,0.0,0.0,0.0,1.0017391304347827
goose fat,45,5.0,1.4,2.8,0.6,0.0,0.0,Fats & Oils,0.0,0.0,0.05,0.0,,,,,,,,,,,,,,,,,,,,,,,,True,True,True,False,False,True,False,0.0,0.0,0.0,1.0
duck fat,44,5.0,1.7,2.5,0.6,0.0,0.0,Fats & Oils,0.0,0.0,0.05,0.0,,,,,,,,,,,,,,,,,,,,,,,,True,True,True,False,False,True,False,0.0,0.0,0.0,1.0227272727272727
mutton tallow,45,5.0,2.4,2.0,0.4,0.0,0.0,Fats & Oils,0.0,0.0,0.05,0.0,,,,,,,,,,,,,,,,,,,,,,,,True,True,True,False,False,True,False,0.0,0.0,0.0,1.0
grapeseed oil,120,13.6,1.3,2.2,9.5,0.0,0.0,Fats & Oils,14.0,5.0,0.05,0.0,,,,,,,,,,,,,,,,,,,,,,,,True,True,True,False,True,True,True,0.4666666666666667,4.166666666666667,0.0,1.02
sheanut oil,1927,218.0,101.6,95.9,11.3,0.0,0.0,Fats & Oils,14.0,5.0,0.05,0.0,,,,,,,,,,,,,,,,,,,,,,,,True,True,True,False,True,True,True,0.029060716139076286,0.2594706798131811,0.0,1.0181629475869227
almond oil,120,13.6,1.1,9.5,2.4,0.0,0.0,Fats & Oils,0.0,0.0,0.05,0.0,,,,,,,,,,,,,,,,,,,,,,,,True,True,True,False,False,True,False,0.0,0.0,0.0,1.02
sunflower oil,120,13.6,1.2,7.8,3.9,0.0,0.0,Fats & Oils,0.0,0.0,0.05,0.0,,,,,,,,,,,,,,,,,,,,,,,,True,True,True,False,False,True,False,0.0,0.0,0.0,1.02
cashew butter,94,7.9,1.6,4.7,1.3,4.4,0.8,Fats & Oils,14.0,0.0,0.05,30.0,,,,,,,,,,,,,,,,,,,,,,,,False,True,True,False,True,True,False,0.5957446808510638,0.0,0.03404255319148936,0.7563829787234043
canola oil,124,14.0,1.0,8.9,3.9,0.0,0.0,Fats & Oils,0.0,0.0,0.05,0.0,,,,,,,,,,,,,,,,,,,,,,,,True,True,True,False,False,True,False,0.0,0.0,0.0,1.0161290322580645
babassu oil,1927,218.0,177.0,24.9,3.5,0.0,0.0,Fats & Oils,0.0,0.0,0.05,0.0,,,,,,,,,,,,,,,,,,,,,,,,True,True,True,False,False,True,False,0.0,0.0,0.0,1.0181629475869227
teaseed oil,120,13.6,2.9,7.0,3.1,0.0,0.0,Fats & Oils,14.0,5.0,0.05,0.0,,,,,,,,,,,,,,,,,,,,,,,,True,True,True,False,True,True,True,0.4666666666666667,4.166666666666667,0.0,1.02
avocado oil,124,14.0,1.6,9.9,1.9,0.0,0.0,Fats & Oils,0.0,0.0,0.05,0.0,,,,,,,,,,,,,,,,,,,,,,,,True,True,True,False,False,True,False,0.0,0.0,0.0,1.0161290322580645
vegetable palm kernel oil,117,13.6,11.1,1.6,0.2,0.0,0.0,Fats & Oils,0.0,0.0,0.05,0.0,,,,,,,,,,,,,,,,,,,,,,,,True,True,True,False,False,True,False,0.0,0.0,0.0,1.046153846153846
coconut oil,117,13.6,11.2,0.9,0.2,0.0,0.0,Fats & Oils,14.0,5.0,0.05,0.0,,,,,,,,,,,,,,,,,,,,,,,,True,True,True,False,True,True,True,0.47863247863247865,4.273504273504273,0.0,1.046153846153846
safflower oil,120,13.6,1.0,10.2,1.7,0.0,0.0,Fats & Oils,0.0,0.0,0.05,0.0,,,,,,,,,,,,,,,,,,,,,,,,True,True,True,False,False,True,False,0.0,0.0,0.0,1.02
vegetable oil,120,13.6,2.1,3.1,7.8,0.0,0.0,Fats & Oils,0.0,0.0,0.05,0.0,,,,,,,,,,,,,,,,,,,,,,,,True,True,True,False,False,True,False,0.0,0.0,0.0,1.02
apricot kernel oil,40,4.5,0.3,2.7,1.3,0.0,0.0,Fats & Oils,0.0,0.0,0.05,0.0,,,,,,,,,,,,,,,,,,,,,,,,True,True,True,False,False,True,False,0.0,0.0,0.0,1.0125
peanut oil,119,13.5,2.3,6.2,4.3,0.0,0.0,Fats & Oils,14.0,5.0,0.05,0.0,,,,,,,,,,,,,,,,,,,,,,,,True,True,True,False,True,True,True,0.47058823529411764,4.201680672268908,0.0,1.0210084033613445
poppyseed oil,120,13.6,1.8,2.7,8.5,0.0,0.0,Fats & Oils,14.0,5.0,0.05,0.0,,,,,,,,,,,,,,,,,,,,,,,,True,True,True,False,True,True,True,0.4666666666666667,4.166666666666667,0.0,1.02
flaxseed oil,120,13.6,1.2,2.5,9.2,0.0,0.0,Fats & Oils,14.0,5.0,0.05,0.0,,,,,,,,,,,,,,,,,,,,,,,,True,True,True,False,True,True,True,0.4666666666666667,4.166666666666667,0.0,1.02
tomatoseed oil,1927,218.0,42.9,49.7,115.8,0.0,0.0,Fats & Oils,14.0,5.0,0.05,0.0,,,,,,,,,,,,,,,,,,,,,,,,True,True,True,False,True,True,True,0.029060716139076286,0.2594706798131811,0.0,1.0181629475869227
wheat germ oil,120,13.6,2.6,2.1,8.4,0.0,0.0,Fats & Oils,0.0,0.0,0.05,0.0,,,,,,,,,,,,,,,,,,,,,,,,True,True,True,False,False,True,False,0.0,0.0,0.0,1.02
sesame oil,40,4.5,0.6,1.8,1.9,0.0,0.0,Fats & Oils,0.0,0.0,0.05,0.0,,,,,,,,,,,,,,,,,,,,,,,,True,True,True,False,False,True,False,0.0,0.0,0.0,1.0125
corn granola oil,124,14.0,1.1,8.2,4.1,0.0,0.0,Fats & Oils,0.0,0.0,0.05,0.0,,,,,,,,,,,,,,,,,,,,,,,,True,True,True,False,False,True,False,0.0,0.0,0.0,1.0161290322580645
cocoa butter oil,120,13.6,8.1,4.5,0.4,0.0,0.0,Fats & Oils,14.0,0.0,0.05,30.0,,,,,,,,,,,,,,,,,,,,,,,,False,True,True,False,True,True,False,0.4666666666666667,0.0,0.0,1.02
olive oil,119,13.5,1.9,9.8,1.4,0.0,0.0,Fats & Oils,0.0,0.0,0.05,0.0,,,,,,,,,,,,,,,,,,,,,,,,True,True,True,False,False,True,False,0.0,0.0,0.0,1.0210084033613445
palm kernel oil,40,4.5,4.0,0.3,0.0,0.0,0.0,Fats & Oils,0.0,0.0,0.05,0.0,,,,,,,,,,,,,,,,,,,,,,,,True,True,True,False,False,True,False,0.0,0.0,0.0,1.0125
mustard oil,124,14.0,1.6,8.3,3.0,0.0,0.0,Fats & Oils,0.0,0.0,0.05,0.0,,,,,,,,,,,,,,,,,,,,,,,,True,True,True,False,False,True,False,0.0,0.0,0.0,1.0161290322580645
rice bran oil,120,13.6,2.7,5.3,4.8,0.0,0.0,Fats & Oils,0.0,0.0,0.05,0.0,,,,,,,,,,,,,,,,,,,,,,,,True,True,True,False,False,True,False,0.0,0.0,0.0,1.02
vegetable macaroni dry,308,0.9,0.1,0.1,0.4,62.9,0.0,Fats & Oils,0.0,0.0,0.05,0.0,,,,,,,,,,,,,,,,,,,,,,,,True,True,True,False,False,False,False,0.0,0.0,0.0,0.026298701298701297
chow mein noodles,257,9.9,1.0,3.0,5.9,37.5,0.5,Fats & Oils,0.0,0.0,0.05,0.0,,,,,,,,,,,,,,,,,,,,,,,,True,True,True,False,False,False,False,0.0,0.0,0.007782101167315175,0.3466926070038911
chinese noodles,456,0.094,0.088,0.085,0.072,111.9,0.0,Fats & Oils,0.0,0.0,0.05,0.0,,,,,,,,,,,,,,,,,,,,,,,,True,True,True,False,False,False,False,0.0,0.0,0.0,0.0018552631578947368
vegetable macaroni cooked,172,0.1,0.037,0.079,0.011,35.7,1.5,Fats & Oils,0.0,0.0,0.05,0.0,,,,,,,,,,,,,,,,,,,,,,,,True,True,True,False,False,False,False,0.0,0.0,0.03488372093023256,0.005232558139534884
corn pasta dry,375,2.2,0.3,0.6,1.0,83.2,0.0,Fats & Oils,0.0,0.0,0.05,0.0,,,,,,,,,,,,,,,,,,,,,,,,True,True,True,False,False,False,False,0.0,0.0,0.0,0.0528
egg noodles dry,146,1.7,0.4,0.5,0.5,27.1,0.7,Fats & Oils,0.0,0.0,0.05,0.0,,,,,,,,,,,,,,,,,,,,,,,,False,False,True,False,False,False,False,0.0,0.0,0.01917808219178082,0.10479452054794519
whole wheat spaghetti dry,98,0.4,0.047,0.003,0.2,21.2,0.0,Fats & Oils,0.0,0.0,0.05,0.0,,,,,,,,,,,,,,,,,,,,,,,,True,True,True,False,False,False,False,0.0,0.0,0.0,0.036734693877551024
japanese soba noodles dry,95,0.2,0.084,0.035,0.094,21.1,0.0,Fats & Oils,0.0,0.0,0.05,0.0,,,,,,,,,,,,,,,,,,,,,,,,True,True,True,False,False,False,False,0.0,0.0,0.0,0.018947368421052633
rice noodles dry,103,0.2,0.053,0.067,0.09,23.6,0.0,Fats & Oils,0.0,0.0,0.05,0.0,,,,,,,,,,,,,,,,,,,,,,,,True,True,True,False,False,False,False,0.0,0.0,0.0,0.017475728155339806
spinach spaghetti dry,105,0.4,0.097,0.015,0.2,21.2,0.8,Fats & Oils,0.0,0.0,0.05,0.0,,,,,,,,,,,,,,,,,,,,,,,,True,True,True,False,False,False,False,0.0,0.0,0.030476190476190476,0.03428571428571429
egg noodles cooked,110,1.7,0.3,0.5,0.4,20.1,0.3,Fats & Oils,0.0,0.0,0.05,0.0,,,,,,,,,,,,,,,,,,,,,,,,False,False,True,False,False,False,False,0.0,0.0,0.010909090909090908,0.13909090909090907
japanese somen noodles cooked,231,0.3,0.006,0.062,0.1,48.5,0.0,Fats & Oils,0.0,0.0,0.05,0.0,,,,,,,,,,,,,,,,,,,,,,,,True,True,True,False,False,False,False,0.0,0.0,0.0,0.011688311688311687
whole wheat macaroni dry,365,1.5,0.3,0.2,0.6,78.8,0.0,Fats & Oils,0.0,0.0,0.05,0.0,,,,,,,,,,,,,,,,,,,,,,,,True,True,True,False,False,False,False,0.0,0.0,0.0,0.036986301369863014
pasta marinara and ground beef sauce,41,1.6,0.5,0.7,0.1,4.1,1.0,Fats & Oils,0.0,0.0,0.05,0.0,,,,,,,,,,,,,,,,,,,,,,,,False,False,False,True,False,True,False,0.0,0.0,0.0975609756097561,0.351219512195122
macaroni raw,390,1.6,0.3,0.2,0.6,78.4,2.8,Fats & Oils,0.0,0.0,0.05,0.0,,,,,,,,,,,,,,,,,,,,,,,,True,True,True,False,False,False,False,0.0,0.0,0.028717948717948714,0.036923076923076927
spaghetti dry,105,0.4,0.045,0.043,0.2,21.1,0.8,Fats & Oils,0.0,0.0,0.05,0.0,,,,,,,,,,,,,,,,,,,,,,,,True,True,True,False,False,False,False,0.0,0.0,0.030476190476190476,0.03428571428571429
fusilli cucina,100,0.4,0.1,20.1,0.8,3.4,0.041,Fats & Oils,0.0,0.0,0.05,0.0,,,,,,,,,,,,,,,,,,,,,,,,True,True,True,False,False,True,False,0.0,0.0,0.00164,0.036000000000000004
japanese somen noodles dry,101,0.2,0.0,0.013,0.012,21.0,0.0,Fats & Oils,0.0,0.0,0.05,0.0,,,,,,,,,,,,,,,,,,,,,,,,True,True,True,False,False,False,False,0.0,0.0,0.0,0.017821782178217824
pasta cooked,301,2.4,0.3,0.3,1.0,57.3,0.0,Fats & Oils,0.0,0.0,0.05,0.0,,,,,,,,,,,,,,,,,,,,,,,,True,True,True,False,False,False,False,0.0,0.0,0.0,0.07176079734219268
macaroni cooked,221,1.3,0.2,0.2,0.4,43.2,0.8,Fats & Oils,0.0,0.0,0.05,0.0,,,,,,,,,,,,,,,,,,,,,,,,True,True,True,False,False,False,False,0.0,0.0,0.014479638009049774,0.05294117647058824
spinach egg noodles dry,145,1.7,0.4,0.5,0.4,26.7,0.0,Fats & Oils,0.0,0.0,0.05,0.0,,,,,,,,,,,,,,,,,,,,,,,,False,False,True,False,False,False,False,0.0,0.0,0.0,0.10551724137931033
japanese soba noodles cooked,113,0.1,0.026,0.085,0.007,24.4,0.0,Fats & Oils,0.0,0.0,0.05,0.0,,,,,,,,,,,,,,,,,,,,,,,,True,True,True,False,False,False,False,0.0,0.0,0.0,0.007964601769911504
rice noodles cooked,190,0.4,0.072,0.007,0.021,42.3,0.052,Fats & Oils,0.0,0.0,0.05,0.0,,,,,,,,,,,,,,,,,,,,,,,,True,True,True,False,False,False,False,0.0,0.0,0.0010947368421052631,0.018947368421052633
whole wheat macaroni cooked,174,0.8,0.1,0.1,0.3,37.2,1.1,Fats & Oils,0.0,0.0,0.05,0.0,,,,,,,,,,,,,,,,,,,,,,,,True,True,True,False,False,False,False,0.0,0.0,0.025287356321839084,0.041379310344827586
spaghetti cooked,363,2.1,0.4,0.3,0.7,71.0,1.3,Fats & Oils,0.0,0.0,0.05,0.0,,,,,,,,,,,,,,,,,,,,,,,,True,True,True,False,False,False,False,0.0,0.0,0.014325068870523417,0.05206611570247934
whole wheat spaghetti cooked,174,0.8,0.1,0.1,0.3,37.2,1.1,Fats & Oils,0.0,0.0,0.05,0.0,,,,,,,,,,,,,,,,,,,,,,,,True,True,True,False,False,False,False,0.0,0.0,0.025287356321839084,0.041379310344827586
waffle,218,10.6,2.1,2.6,5.1,24.7,0.0,Fats & Oils,0.0,0.0,0.05,0.0,,,,,,,,,,,,,,,,,,,,,,,,True,True,True,False,False,False,False,0.0,0.0,0.0,0.4376146788990825
baked taco shell,61,2.7,0.8,0.8,0.9,8.3,0.2,Fats & Oils,0.0,0.0,0.05,0.0,,,,,,,,,,,,,,,,,,,,,,,,True,True,True,False,False,False,False,0.0,0.0,0.013114754098360656,0.3983606557377049
puff pastry,1367,94.3,13.5,21.6,54.5,112.0,1.8,Fats & Oils,0.0,0.0,0.05,0.0,,,,,,,,,,,,,,,,,,,,,,,,True,True,True,False,False,False,False,0.0,0.0,0.005267008046817849,0.620848573518654
blueberry muffin,214,9.2,1.6,2.7,4.6,30.2,17.9,Fats & Oils,0.0,0.0,0.05,0.0,,,,,,,,,,,,,,,,,,,,,,,,True,True,True,False,False,False,False,0.0,0.0,0.3345794392523364,0.38691588785046727
bread crumbs,427,5.7,1.3,1.1,2.2,77.7,6.7,Fats & Oils,0.0,0.0,0.05,0.0,,,,,,,,,,,,,,,,,,,,,,,,True,True,True,False,False,False,False,0.0,0.0,0.06276346604215456,0.12014051522248245
warm cinnamon roll mcdonalds,113,5.1,1.3,2.6,0.8,15.0,7.0,Fats & Oils,0.0,0.0,0.05,0.0,,,,,,,,,,,,,,,,,,,,,,,,True,True,True,False,False,False,False,0.0,0.0,0.24778761061946902,0.4061946902654867
corn muffin,201,5.5,0.9,1.4,2.1,33.7,11.7,Fats & Oils,0.0,0.0,0.05,0.0,,,,,,,,,,,,,,,,,,,,,,,,True,True,True,False,False,False,False,0.0,0.0,0.23283582089552238,0.2462686567164179
tortilla,467,1.9,0.6,0.4,0.8,98.4,5.4,Fats & Oils,0.0,0.0,0.05,0.0,,,,,,,,,,,,,,,,,,,,,,,,True,True,True,False,False,False,False,0.0,0.0,0.04625267665952891,0.036616702355460384
croutons seasoned,186,7.3,2.1,3.8,0.9,25.4,1.8,Fats & Oils,0.0,0.0,0.05,0.0,,,,,,,,,,,,,,,,,,,,,,,,True,True,True,False,False,False,False,0.0,0.0,0.03870967741935484,0.35322580645161294
buttermilk waffle,102,3.1,0.8,1.7,0.5,16.0,1.5,Fats & Oils,14.0,0.0,0.05,30.0,,,,,,,,,,,,,,,,,,,,,,,,False,True,True,False,True,False,False,0.5490196078431373,0.0,0.058823529411764705,0.2735294117647059
flour tortilla,146,3.7,0.6,1.9,1.1,24.1,1.3,Fats & Oils,0.0,0.0,0.05,0.0,,,,,,,,,,,,,,,,,,,,,,,,True,True,True,False,False,False,False,0.0,0.0,0.03561643835616438,0.22808219178082195
glazed donut,55,3.0,1.2,0.9,0.5,6.2,3.0,Fats & Oils,14.0,5.0,0.05,0.0,,,,,,,,,,,,,,,,,,,,,,,,True,True,True,False,True,False,True,1.018181818181818,9.090909090909092,0.21818181818181817,0.4909090909090909
corn tortilla,52,0.7,0.1,0.2,0.3,10.7,0.2,Fats & Oils,0.0,0.0,0.05,0.0,,,,,,,,,,,,,,,,,,,,,,,,True,True,True,False,False,False,False,0.0,0.0,0.015384615384615385,0.12115384615384615
muffin,169,6.5,1.2,1.6,3.3,23.6,0.0,Fats & Oils,0.0,0.0,0.05,0.0,,,,,,,,,,,,,,,,,,,,,,,,True,True,True,False,False,False,False,0.0,0.0,0.0,0.34615384615384615
croutons,33,0.5,0.1,0.2,0.1,5.9,0.0,Fats & Oils,0.0,0.0,0.05,0.0,,,,,,,,,,,,,,,,,,,,,,,,True,True,True,False,False,True,False,0.0,0.0,0.0,0.13636363636363635
donut with jelly filling,289,15.9,4.1,8.7,2.0,33.2,17.9,Fats & Oils,14.0,5.0,0.05,0.0,,,,,,,,,,,,,,,,,,,,,,,,True,True,True,False,True,False,True,0.19377162629757785,1.7301038062283738,0.2477508650519031,0.49515570934256053
sweet cinnamon rolls,309,13.6,2.6,4.0,6.2,42.2,26.3,Fats & Oils,0.0,0.0,0.05,0.0,,,,,,,,,,,,,,,,,,,,,,,,True,True,True,False,False,False,False,0.0,0.0,0.34045307443365697,0.3961165048543689
oat bran muffin,46,1.3,0.2,0.3,0.7,8.2,1.4,Fats & Oils,0.0,0.0,0.05,0.0,,,,,,,,,,,,,,,,,,,,,,,,True,True,True,False,False,False,False,0.0,0.0,0.1217391304347826,0.25434782608695655
french cruller donut,169,7.5,1.9,4.3,0.9,24.4,14.4,Fats & Oils,14.0,5.0,0.05,0.0,,,,,,,,,,,,,,,,,,,,,,,,True,True,True,False,True,False,True,0.33136094674556216,2.9585798816568047,0.3408284023668639,0.3994082840236686
pancakes,86,3.7,0.8,0.9,1.7,10.8,0.0,Fats & Oils,0.0,0.0,0.05,0.0,,,,,,,,,,,,,,,,,,,,,,,,True,True,True,False,False,False,False,0.0,0.0,0.0,0.38720930232558143
chocolate donut,250,11.9,3.1,6.8,1.5,34.4,19.2,Fats & Oils,14.0,5.0,0.05,0.0,,,,,,,,,,,,,,,,,,,,,,,,True,True,True,False,True,False,True,0.224,2.0,0.3072,0.42840000000000006
sweet cheese rolls,238,12.1,4.0,6.0,1.3,28.8,0.0,Fats & Oils,0.0,0.0,0.05,30.0,,,,,,,,,,,,,,,,,,,,,,,,False,True,True,False,False,False,False,0.0,0.0,0.0,0.457563025210084
eclair,234,19.2,11.5,5.4,1.1,11.2,2.0,Fats & Oils,0.0,0.0,0.05,0.0,,,,,,,,,,,,,,,,,,,,,,,,True,True,True,False,False,True,False,0.0,0.0,0.03418803418803419,0.7384615384615384
donut with cream filling,307,20.8,4.6,10.3,2.6,25.5,12.4,Fats & Oils,14.0,5.0,0.05,30.0,,,,,,,,,,,,,,,,,,,,,,,,False,True,True,False,True,False,True,0.18241042345276873,1.6286644951140066,0.16156351791530946,0.6097719869706841
fruit toaster pastry,209,5.6,1.3,3.3,0.7,37.1,14.8,Fats & Oils,0.0,0.0,0.05,0.0,,,,,,,,,,,,,,,,,,,,,,,,True,True,True,False,False,False,False,0.0,0.0,0.2832535885167464,0.24114832535885167
donut,192,10.3,2.7,5.7,1.3,22.9,0.0,Fats & Oils,14.0,5.0,0.05,0.0,,,,,,,,,,,,,,,,,,,,,,,,True,True,True,False,True,False,True,0.2916666666666667,2.6041666666666665,0.0,0.48281250000000003
pancakes whole wheat,92,2.9,0.8,0.8,1.1,12.9,0.0,Fats & Oils,0.0,0.0,0.05,0.0,,,,,,,,,,,,,,,,,,,,,,,,True,True,True,False,False,False,False,0.0,0.0,0.0,0.283695652173913
keikitos,196,10.6,0.0,0.0,0.0,22.3,10.8,Fats & Oils,0.0,0.0,0.05,0.0,,,,,,,,,,,,,,,,,,,,,,,,True,True,True,False,False,False,False,0.0,0.0,0.22040816326530613,0.486734693877551
zwieback,30,0.7,0.2,0.3,0.1,5.2,0.9,Fats & Oils,0.0,0.0,0.05,0.0,,,,,,,,,,,,,,,,,,,,,,,,True,True,True,False,False,True,False,0.0,0.0,0.12000000000000001,0.21
chocolate coated donut,81,4.5,2.4,1.6,0.4,9.2,4.8,Fats & Oils,14.0,5.0,0.05,0.0,,,,,,,,,,,,,,,,,,,,,,,,True,True,True,False,True,False,True,0.691358024691358,6.172839506172839,0.23703703703703702,0.5
waffle toasted,103,3.2,0.5,1.6,0.7,16.3,1.7,Fats & Oils,0.0,0.0,0.05,0.0,,,,,,,,,,,,,,,,,,,,,,,,True,True,True,False,False,False,False,0.0,0.0,0.06601941747572815,0.2796116504854369
cinnamon toaster pastry,206,7.1,1.8,4.0,0.9,34.1,0.0,Fats & Oils,0.0,0.0,0.05,0.0,,,,,,,,,,,,,,,,,,,,,,,,True,True,True,False,False,False,False,0.0,0.0,0.0,0.31019417475728156
wheat bran bread,89,1.2,0.3,0.6,0.2,17.2,3.5,Fats & Oils,0.0,0.0,0.05,0.0,,,,,,,,,,,,,,,,,,,,,,,,True,True,True,False,False,False,False,0.0,0.0,0.15730337078651685,0.12134831460674156
white bread,77,1.0,0.2,0.2,0.5,14.3,1.6,Fats & Oils,0.0,0.0,0.05,0.0,,,,,,,,,,,,,,,,,,,,,,,,True,True,True,False,False,False,False,0.0,0.0,0.08311688311688312,0.11688311688311688
oat bran bread,71,1.3,0.2,0.5,0.5,11.9,2.3,Fats & Oils,0.0,0.0,0.05,0.0,,,,,,,,,,,,,,,,,,,,,,,,True,True,True,False,False,False,False,0.0,0.0,0.1295774647887324,0.1647887323943662
whole wheat bread natures own,50,1.0,11.0,3.0,2.0,0.0,0.0,Fats & Oils,0.0,0.0,0.05,0.0,,,,,,,,,,,,,,,,,,,,,,,,True,True,True,False,False,True,False,0.0,0.0,0.0,0.18
high protein bread dr zaks,152,3.0,0.5,15.3,2.5,15.3,0.6,Fats & Oils,0.0,0.0,0.05,0.0,,,,,,,,,,,,,,,,,,,,,,,,True,True,True,False,False,False,False,0.0,0.0,0.015789473684210527,0.17763157894736842
wheat bread,79,1.3,0.2,0.2,0.5,13.8,1.7,Fats & Oils,0.0,0.0,0.05,0.0,,,,,,,,,,,,,,,,,,,,,,,,True,True,True,False,False,False,False,0.0,0.0,0.08607594936708861,0.14810126582278482
egg bread toasted,117,2.4,0.6,1.1,0.4,19.5,0.7,Fats & Oils,0.0,0.0,0.05,0.0,,,,,,,,,,,,,,,,,,,,,,,,False,False,True,False,False,False,False,0.0,0.0,0.02393162393162393,0.1846153846153846
butter toastbrot ja,66,0.9,0.6,12.0,0.8,2.0,0.4,Fats & Oils,14.0,0.0,0.05,30.0,,,,,,,,,,,,,,,,,,,,,,,,False,True,True,False,True,True,False,0.8484848484848485,0.0,0.024242424242424242,0.12272727272727273
vienna bread toasted,93,0.6,0.1,0.1,0.2,18.0,1.0,Fats & Oils,0.0,0.0,0.05,0.0,,,,,,,,,,,,,,,,,,,,,,,,True,True,True,False,False,False,False,0.0,0.0,0.043010752688172046,0.058064516129032254
vienna bread,92,0.6,0.2,0.1,0.3,18.1,0.8,Fats & Oils,0.0,0.0,0.05,0.0,,,,,,,,,,,,,,,,,,,,,,,,True,True,True,False,False,False,False,0.0,0.0,0.034782608695652174,0.05869565217391304
protein bread,47,0.4,0.009,0.091,0.2,8.3,0.3,Fats & Oils,0.0,0.0,0.05,0.0,,,,,,,,,,,,,,,,,,,,,,,,True,True,True,False,False,False,False,0.0,0.0,0.02553191489361702,0.07659574468085106
banana bread,186,6.0,1.3,2.6,1.8,31.1,0.0,Fats & Oils,0.0,0.0,0.05,0.0,,,,,,,,,,,,,,,,,,,,,,,,True,True,True,False,False,False,False,0.0,0.0,0.0,0.2903225806451613
rice bran bread,66,1.2,0.2,0.4,0.5,11.7,1.3,Fats & Oils,0.0,0.0,0.05,0.0,,,,,,,,,,,,,,,,,,,,,,,,True,True,True,False,False,False,False,0.0,0.0,0.0787878787878788,0.1636363636363636
white fibre wonder bread,95,1.0,0.2,0.2,0.5,18.0,2.0,Fats & Oils,0.0,0.0,0.05,0.0,,,,,,,,,,,,,,,,,,,,,,,,True,True,True,False,False,False,False,0.0,0.0,0.08421052631578947,0.09473684210526316
focaccia,142,4.5,0.5,3.2,0.6,20.4,1.0,Fats & Oils,0.0,0.0,0.05,0.0,,,,,,,,,,,,,,,,,,,,,,,,True,True,True,False,False,False,False,0.0,0.0,0.028169014084507043,0.2852112676056338
oat bran bread toasted,70,1.3,0.2,0.5,0.5,11.8,2.3,Fats & Oils,0.0,0.0,0.05,0.0,,,,,,,,,,,,,,,,,,,,,,,,True,True,True,False,False,False,False,0.0,0.0,0.13142857142857142,0.16714285714285715
rye bread,83,1.1,0.2,0.4,0.3,15.5,1.2,Fats & Oils,0.0,0.0,0.05,0.0,,,,,,,,,,,,,,,,,,,,,,,,True,True,True,False,False,False,False,0.0,0.0,0.057831325301204814,0.11927710843373494
wheat germ bread,73,0.8,0.2,0.4,0.2,13.5,1.0,Fats & Oils,0.0,0.0,0.05,0.0,,,,,,,,,,,,,,,,,,,,,,,,True,True,True,False,False,False,False,0.0,0.0,0.0547945205479452,0.09863013698630137
protein bread toasted,46,0.4,0.059,0.082,0.2,8.2,0.2,Fats & Oils,0.0,0.0,0.05,0.0,,,,,,,,,,,,,,,,,,,,,,,,True,True,True,False,False,False,False,0.0,0.0,0.017391304347826087,0.0782608695652174
oatmeal bread,73,1.2,0.2,0.4,0.5,13.1,2.2,Fats & Oils,0.0,0.0,0.05,0.0,,,,,,,,,,,,,,,,,,,,,,,,True,True,True,False,False,False,False,0.0,0.0,0.12054794520547946,0.14794520547945203
arepa,215,5.3,2.8,1.5,1.0,36.4,0.9,Fats & Oils,0.0,0.0,0.05,0.0,,,,,,,,,,,,,,,,,,,,,,,,True,True,True,False,False,False,False,0.0,0.0,0.01674418604651163,0.22186046511627905
raisin bread toasted,86,1.4,0.3,0.7,0.2,16.5,1.8,Fats & Oils,0.0,0.0,0.05,0.0,,,,,,,,,,,,,,,,,,,,,,,,True,True,True,False,False,False,False,0.0,0.0,0.08372093023255814,0.14651162790697675
cracked wheat bread,74,1.1,0.3,0.5,0.2,14.0,0.0,Fats & Oils,0.0,0.0,0.05,0.0,,,,,,,,,,,,,,,,,,,,,,,,True,True,True,False,False,False,False,0.0,0.0,0.0,0.13378378378378378
garlic bread,151,7.1,2.3,2.0,2.3,17.9,1.6,Fats & Oils,0.0,0.0,0.05,0.0,,,,,,,,,,,,,,,,,,,,,,,,True,True,True,False,False,False,False,0.0,0.0,0.0423841059602649,0.42317880794701984
rye bread toasted,82,1.0,0.2,0.4,0.3,15.4,1.2,Fats & Oils,0.0,0.0,0.05,0.0,,,,,,,,,,,,,,,,,,,,,,,,True,True,True,False,False,False,False,0.0,0.0,0.058536585365853655,0.10975609756097561
whole wheat bread,128,2.5,0.4,0.5,1.4,23.6,1.8,Fats & Oils,0.0,0.0,0.05,0.0,,,,,,,,,,,,,,,,,,,,,,,,True,True,True,False,False,False,False,0.0,0.0,0.05625,0.17578125
whole wheat bread toasted,128,2.5,0.4,0.5,1.4,23.7,1.8,Fats & Oils,0.0,0.0,0.05,0.0,,,,,,,,,,,,,,,,,,,,,,,,True,True,True,False,False,False,False,0.0,0.0,0.05625,0.17578125
pan dulce bread,231,7.3,1.4,2.2,1.0,35.5,7.9,Fats & Oils,0.0,0.0,0.05,0.0,,,,,,,,,,,,,,,,,,,,,,,,True,True,True,False,False,False,False,0.0,0.0,0.1367965367965368,0.28441558441558445
rice bran bread toasted,66,1.3,0.2,0.4,0.5,11.8,1.3,Fats & Oils,0.0,0.0,0.05,0.0,,,,,,,,,,,,,,,,,,,,,,,,True,True,True,False,False,False,False,0.0,0.0,0.0787878787878788,0.17727272727272728
pita bread whole wheat,74,0.7,0.1,0.053,0.3,15.4,0.2,Fats & Oils,0.0,0.0,0.05,0.0,,,,,,,,,,,,,,,,,,,,,,,,True,True,True,False,False,False,False,0.0,0.0,0.010810810810810811,0.08513513513513513
wheat germ bread toasted,73,0.8,0.2,0.4,0.2,13.6,1.0,Fats & Oils,0.0,0.0,0.05,0.0,,,,,,,,,,,,,,,,,,,,,,,,True,True,True,False,False,False,False,0.0,0.0,0.0547945205479452,0.09863013698630137
pumpernickel bread,65,0.8,0.1,0.2,0.3,12.4,0.1,Fats & Oils,0.0,0.0,0.05,0.0,,,,,,,,,,,,,,,,,,,,,,,,True,True,True,False,False,False,False,0.0,0.0,0.006153846153846154,0.11076923076923077
frybread,502,18.6,7.0,6.7,1.6,73.4,3.1,Fats & Oils,0.0,0.0,0.05,0.0,,,,,,,,,,,,,,,,,,,,,,,,True,True,True,False,False,False,False,0.0,0.0,0.024701195219123506,0.33346613545816733
white bread toasted,83,1.1,0.2,0.2,0.6,15.4,1.3,Fats & Oils,0.0,0.0,0.05,0.0,,,,,,,,,,,,,,,,,,,,,,,,True,True,True,False,False,False,False,0.0,0.0,0.06265060240963856,0.11927710843373494
piki bread,109,2.0,0.2,0.5,0.5,20.2,0.4,Fats & Oils,0.0,0.0,0.05,0.0,,,,,,,,,,,,,,,,,,,,,,,,True,True,True,False,False,False,False,0.0,0.0,0.014678899082568808,0.1651376146788991
wheat bread toasted,75,1.0,0.2,0.2,0.4,13.4,1.5,Fats & Oils,0.0,0.0,0.05,0.0,,,,,,,,,,,,,,,,,,,,,,,,True,True,True,False,False,False,False,0.0,0.0,0.08,0.12
pita bread,165,0.7,0.091,0.038,0.3,33.4,0.8,Fats & Oils,0.0,0.0,0.05,0.0,,,,,,,,,,,,,,,,,,,,,,,,True,True,True,False,False,False,False,0.0,0.0,0.019393939393939394,0.03818181818181818
potato bread,85,1.0,0.0,0.0,0.0,15.1,3.0,Fats & Oils,0.0,0.0,0.05,0.0,,,,,,,,,,,,,,,,,,,,,,,,True,True,True,False,False,False,False,0.0,0.0,0.1411764705882353,0.10588235294117647
egg bread,115,2.4,0.6,0.9,0.4,19.1,0.7,Fats & Oils,0.0,0.0,0.05,0.0,,,,,,,,,,,,,,,,,,,,,,,,False,False,True,False,False,False,False,0.0,0.0,0.02434782608695652,0.18782608695652173
oatmeal bread toasted,73,1.2,0.2,0.4,0.5,13.2,2.2,Fats & Oils,0.0,0.0,0.05,0.0,,,,,,,,,,,,,,,,,,,,,,,,True,True,True,False,False,False,False,0.0,0.0,0.12054794520547946,0.14794520547945203
cheese bread,196,10.0,3.0,2.1,4.4,21.5,1.0,Fats & Oils,0.0,0.0,0.05,30.0,,,,,,,,,,,,,,,,,,,,,,,,False,True,True,False,False,False,False,0.0,0.0,0.02040816326530612,0.45918367346938777
pumpernickel bread toasted,80,1.0,0.1,0.3,0.4,15.1,0.2,Fats & Oils,0.0,0.0,0.05,0.0,,,,,,,,,,,,,,,,,,,,,,,,True,True,True,False,False,False,False,0.0,0.0,0.01,0.1125
raisin bread,88,1.4,0.3,0.7,0.2,16.7,1.8,Fats & Oils,0.0,0.0,0.05,0.0,,,,,,,,,,,,,,,,,,,,,,,,True,True,True,False,False,False,False,0.0,0.0,0.08181818181818182,0.1431818181818182
pumpernickel roll,77,0.8,0.1,0.2,0.3,14.8,0.1,Fats & Oils,0.0,0.0,0.05,0.0,,,,,,,,,,,,,,,,,,,,,,,,True,True,True,False,False,False,False,0.0,0.0,0.005194805194805195,0.09350649350649351
cinnamon raisin bagel,71,0.4,0.054,0.079,0.2,14.4,1.6,Fats & Oils,0.0,0.0,0.05,0.0,,,,,,,,,,,,,,,,,,,,,,,,True,True,True,False,False,False,False,0.0,0.0,0.09014084507042254,0.05070422535211268
english muffin,127,1.1,0.2,0.2,0.5,25.5,0.9,Fats & Oils,0.0,0.0,0.05,0.0,,,,,,,,,,,,,,,,,,,,,,,,True,True,True,False,False,False,False,0.0,0.0,0.028346456692913385,0.07795275590551182
rye dinner roll,123,1.5,0.3,0.5,0.3,22.8,0.5,Fats & Oils,0.0,0.0,0.05,0.0,,,,,,,,,,,,,,,,,,,,,,,,True,True,True,False,False,False,False,0.0,0.0,0.016260162601626018,0.10975609756097561
english muffin whole wheat,134,1.4,0.2,0.3,0.6,26.7,5.3,Fats & Oils,0.0,0.0,0.05,0.0,,,,,,,,,,,,,,,,,,,,,,,,True,True,True,False,False,False,False,0.0,0.0,0.1582089552238806,0.09402985074626866
dinner roll whole wheat,74,1.3,0.2,0.3,0.6,14.3,2.4,Fats & Oils,0.0,0.0,0.05,0.0,,,,,,,,,,,,,,,,,,,,,,,,True,True,True,False,False,False,False,0.0,0.0,0.12972972972972974,0.15810810810810813
dinner roll,76,1.8,0.4,0.9,0.3,12.9,0.5,Fats & Oils,0.0,0.0,0.05,0.0,,,,,,,,,,,,,,,,,,,,,,,,True,True,True,False,False,False,False,0.0,0.0,0.02631578947368421,0.2131578947368421
hotdog roll,117,1.6,0.4,0.3,0.7,21.1,3.1,Fats & Oils,0.0,0.0,0.05,0.0,,,,,,,,,,,,,,,,,,,,,,,,True,True,True,False,False,False,False,0.0,0.0,0.10598290598290598,0.12307692307692308
bagel,245,1.5,0.0,0.3,0.9,47.9,6.0,Fats & Oils,0.0,0.0,0.05,0.0,,,,,,,,,,,,,,,,,,,,,,,,True,True,True,False,False,False,False,0.0,0.0,0.09795918367346938,0.05510204081632653
oat bran bagel,176,0.8,0.1,0.2,0.3,36.8,1.1,Fats & Oils,0.0,0.0,0.05,0.0,,,,,,,,,,,,,,,,,,,,,,,,True,True,True,False,False,False,False,0.0,0.0,0.025,0.04090909090909091
pain au chocolat de la boulangerie,235,12.0,27.6,4.2,0.0,0.0,0.0,Fats & Oils,0.0,0.0,0.05,0.0,,,,,,,,,,,,,,,,,,,,,,,,True,True,True,False,False,True,False,0.0,0.0,0.0,0.4595744680851064
egg bagel,72,0.5,0.1,0.1,0.2,13.8,0.0,Fats & Oils,0.0,0.0,0.05,0.0,,,,,,,,,,,,,,,,,,,,,,,,False,False,True,False,False,False,False,0.0,0.0,0.0,0.0625
english muffin toasted,140,1.1,0.3,0.2,0.5,27.4,1.8,Fats & Oils,0.0,0.0,0.05,0.0,,,,,,,,,,,,,,,,,,,,,,,,True,True,True,False,False,False,False,0.0,0.0,0.05142857142857143,0.07071428571428572
english muffin whole wheat toasted,135,1.4,0.2,0.3,0.6,26.9,5.4,Fats & Oils,0.0,0.0,0.05,0.0,,,,,,,,,,,,,,,,,,,,,,,,True,True,True,False,False,False,False,0.0,0.0,0.16,0.09333333333333334
biscuit,357,16.5,4.4,7.0,4.2,45.0,2.2,Fats & Oils,0.0,0.0,0.05,0.0,,,,,,,,,,,,,,,,,,,,,,,,True,True,True,False,False,False,False,0.0,0.0,0.024649859943977594,0.41596638655462187
french roll,105,1.6,0.4,0.7,0.3,19.1,0.1,Fats & Oils,0.0,0.0,0.05,0.0,,,,,,,,,,,,,,,,,,,,,,,,True,True,True,False,False,False,False,0.0,0.0,0.0038095238095238095,0.13714285714285715
oat bran dinner roll,78,1.5,0.2,0.5,0.5,13.3,2.2,Fats & Oils,0.0,0.0,0.05,0.0,,,,,,,,,,,,,,,,,,,,,,,,True,True,True,False,False,False,False,0.0,0.0,0.11282051282051284,0.17307692307692307
pecan shortbread cookies,76,4.6,1.1,2.6,0.6,8.2,0.0,Fats & Oils,0.0,0.0,0.05,0.0,,,,,,,,,,,,,,,,,,,,,,,,True,True,True,False,False,False,False,0.0,0.0,0.0,0.5447368421052632
oatmeal cookies,113,4.5,1.1,2.5,0.6,17.2,6.2,Fats & Oils,0.0,0.0,0.05,0.0,,,,,,,,,,,,,,,,,,,,,,,,True,True,True,False,False,False,False,0.0,0.0,0.21946902654867256,0.3584070796460177
chocolate wafers,485,15.9,4.7,5.4,4.7,81.1,33.2,Fats & Oils,0.0,0.0,0.05,0.0,,,,,,,,,,,,,,,,,,,,,,,,True,True,True,False,False,False,False,0.0,0.0,0.27381443298969077,0.2950515463917526
vanilla wafers low fat,353,12.2,3.1,5.2,3.1,58.9,30.0,Fats & Oils,0.0,0.0,0.05,0.0,,,,,,,,,,,,,,,,,,,,,,,,True,True,True,False,False,False,False,0.0,0.0,0.33994334277620397,0.3110481586402266
chocolate chip cookies mcdonalds,136,6.4,3.2,1.7,0.4,18.7,9.6,Fats & Oils,0.0,0.0,0.05,0.0,,,,,,,,,,,,,,,,,,,,,,,,True,True,True,False,False,False,False,0.0,0.0,0.2823529411764706,0.4235294117647059
gingersnap cookies,29,0.7,0.2,0.4,0.062,5.4,1.4,Fats & Oils,0.0,0.0,0.05,0.0,,,,,,,,,,,,,,,,,,,,,,,,True,True,True,False,False,True,False,0.0,0.0,0.19310344827586207,0.21724137931034482
biscotti abbracci mulino bianco,54,2.6,1.6,6.8,2.6,0.8,0.051,Fats & Oils,0.0,0.0,0.05,0.0,,,,,,,,,,,,,,,,,,,,,,,,True,True,True,False,False,True,False,0.0,0.0,0.0037777777777777775,0.43333333333333335
chocolate chip cookie,63,2.8,1.4,1.0,0.3,9.3,5.3,Fats & Oils,0.0,0.0,0.05,0.0,,,,,,,,,,,,,,,,,,,,,,,,True,True,True,False,False,False,False,0.0,0.0,0.3365079365079365,0.39999999999999997
brownie,243,9.8,2.5,5.4,0.4,38.3,22.0,Fats & Oils,0.0,0.0,0.05,0.0,,,,,,,,,,,,,,,,,,,,,,,,True,True,True,False,False,False,False,0.0,0.0,0.36213991769547327,0.362962962962963
shortbread cookies,40,1.9,0.5,1.1,0.3,5.2,1.2,Fats & Oils,0.0,0.0,0.05,0.0,,,,,,,,,,,,,,,,,,,,,,,,True,True,True,False,False,True,False,0.0,0.0,0.12,0.42749999999999994
oatmeal cookies with raisins,65,2.4,0.5,1.0,0.8,10.3,0.0,Fats & Oils,0.0,0.0,0.05,0.0,,,,,,,,,,,,,,,,,,,,,,,,True,True,True,False,False,False,False,0.0,0.0,0.0,0.33230769230769225
peanut butter sandwich cookies,67,3.0,0.7,1.6,0.5,9.2,5.0,Fats & Oils,14.0,5.0,0.05,30.0,,,,,,,,,,,,,,,,,,,,,,,,False,True,True,False,True,False,True,0.835820895522388,7.462686567164179,0.29850746268656714,0.40298507462686567
sugar cookies,72,3.2,0.8,1.8,0.4,10.2,5.7,Fats & Oils,0.0,0.0,0.05,0.0,,,,,,,,,,,,,,,,,,,,,,,,True,True,True,False,False,False,False,0.0,0.0,0.31666666666666665,0.4
chocolate covered graham crackers,68,3.2,1.8,1.1,0.1,9.3,5.8,Fats & Oils,0.0,0.0,0.05,0.0,,,,,,,,,,,,,,,,,,,,,,,,False,False,False,True,False,False,False,0.0,0.0,0.3411764705882353,0.4235294117647059
raisin cookies,60,2.0,0.5,1.1,0.3,10.2,7.1,Fats & Oils,0.0,0.0,0.05,0.0,,,,,,,,,,,,,,,,,,,,,,,,True,True,True,False,False,False,False,0.0,0.0,0.47333333333333333,0.3
vanilla wafers,28,1.2,0.3,0.7,0.1,4.3,0.0,Fats & Oils,0.0,0.0,0.05,0.0,,,,,,,,,,,,,,,,,,,,,,,,True,True,True,False,False,True,False,0.0,0.0,0.0,0.3857142857142857
graham crackers,355,8.5,1.3,3.4,3.2,64.5,26.1,Fats & Oils,0.0,0.0,0.05,0.0,,,,,,,,,,,,,,,,,,,,,,,,False,False,False,True,False,False,False,0.0,0.0,0.29408450704225353,0.21549295774647886
peanut butter cookies,95,4.8,0.9,2.2,1.4,11.8,0.0,Fats & Oils,14.0,5.0,0.05,30.0,,,,,,,,,,,,,,,,,,,,,,,,False,True,True,False,True,False,True,0.5894736842105263,5.2631578947368425,0.0,0.4547368421052631
vanilla sandwich cookie,72,3.0,0.4,1.3,1.1,10.8,5.9,Fats & Oils,0.0,0.0,0.05,0.0,,,,,,,,,,,,,,,,,,,,,,,,True,True,True,False,False,False,False,0.0,0.0,0.3277777777777778,0.375
sugar wafers with creme filling,51,2.3,1.2,0.8,0.3,7.1,4.3,Fats & Oils,0.0,0.0,0.05,0.0,,,,,,,,,,,,,,,,,,,,,,,,True,True,True,False,False,False,False,0.0,0.0,0.3372549019607843,0.40588235294117647
cheese puffs,197,12.8,1.9,3.8,6.9,18.6,1.1,Fats & Oils,0.0,0.0,0.05,30.0,,,,,,,,,,,,,,,,,,,,,,,,False,True,True,False,False,False,False,0.0,0.0,0.022335025380710662,0.584771573604061
saltine crackers,13,0.3,0.097,0.098,0.1,2.2,0.063,Fats & Oils,0.0,0.0,0.05,0.0,,,,,,,,,,,,,,,,,,,,,,,,True,True,True,False,False,True,False,0.0,0.0,0.019384615384615386,0.20769230769230768
trail mix,139,8.8,1.7,3.8,2.9,13.5,0.0,Fats & Oils,0.0,0.0,0.05,0.0,,,,,,,,,,,,,,,,,,,,,,,,True,True,True,False,False,False,False,0.0,0.0,0.0,0.5697841726618705
corn cones,144,7.6,6.4,0.5,0.2,17.8,0.0,Fats & Oils,0.0,0.0,0.05,0.0,,,,,,,,,,,,,,,,,,,,,,,,True,True,True,False,False,False,False,0.0,0.0,0.0,0.4749999999999999
chocolate pretzels,50,1.8,0.8,0.6,0.2,7.8,0.0,Fats & Oils,0.0,0.0,0.05,0.0,,,,,,,,,,,,,,,,,,,,,,,,True,True,True,False,False,False,False,0.0,0.0,0.0,0.324
french toast sticks,73,3.8,0.9,2.1,0.6,8.9,2.1,Fats & Oils,0.0,0.0,0.05,0.0,,,,,,,,,,,,,,,,,,,,,,,,True,True,True,False,False,False,False,0.0,0.0,0.11506849315068493,0.46849315068493147
crackers,82,4.2,0.9,1.0,2.1,9.8,1.3,Fats & Oils,0.0,0.0,0.05,0.0,,,,,,,,,,,,,,,,,,,,,,,,True,True,True,False,False,False,False,0.0,0.0,0.06341463414634146,0.46097560975609764
sesame sticks,54,3.7,0.6,1.1,1.7,4.7,0.084,Fats & Oils,0.0,0.0,0.05,0.0,,,,,,,,,,,,,,,,,,,,,,,,True,True,True,False,False,True,False,0.0,0.0,0.006222222222222223,0.6166666666666667
cheese crackers,34,1.6,0.4,0.4,0.7,4.2,0.3,Fats & Oils,0.0,0.0,0.05,30.0,,,,,,,,,,,,,,,,,,,,,,,,False,True,True,False,False,True,False,0.0,0.0,0.03529411764705882,0.4235294117647059
oriental rice cracker mix,143,7.2,1.1,2.8,3.0,14.6,0.8,Fats & Oils,0.0,0.0,0.05,0.0,,,,,,,,,,,,,,,,,,,,,,,,True,True,True,False,False,False,False,0.0,0.0,0.022377622377622378,0.4531468531468531
breadsticks,103,2.4,0.4,0.9,0.9,17.1,0.3,Fats & Oils,0.0,0.0,0.05,0.0,,,,,,,,,,,,,,,,,,,,,,,,True,True,True,False,False,False,False,0.0,0.0,0.011650485436893204,0.20970873786407765
milk crackers,50,1.7,0.3,0.7,0.6,7.7,1.8,Fats & Oils,0.0,0.0,0.05,0.0,,,,,,,,,,,,,,,,,,,,,,,,False,True,True,False,False,False,False,0.0,0.0,0.14400000000000002,0.306
matzo crackers whole wheat,98,0.4,0.005,0.019,0.2,22.1,0.0,Fats & Oils,0.0,0.0,0.05,0.0,,,,,,,,,,,,,,,,,,,,,,,,True,True,True,False,False,False,False,0.0,0.0,0.0,0.036734693877551024
matzo crackers with egg,109,0.6,0.2,0.2,0.1,22.0,0.0,Fats & Oils,0.0,0.0,0.05,0.0,,,,,,,,,,,,,,,,,,,,,,,,False,False,True,False,False,False,False,0.0,0.0,0.0,0.04954128440366972
granola bites,23,0.9,0.5,0.2,0.1,3.3,1.5,Fats & Oils,0.0,0.0,0.05,0.0,,,,,,,,,,,,,,,,,,,,,,,,True,True,True,False,False,True,False,0.0,0.0,0.2608695652173913,0.3521739130434782
crackers whole wheat,120,4.0,0.6,0.9,1.9,19.5,0.3,Fats & Oils,0.0,0.0,0.05,0.0,,,,,,,,,,,,,,,,,,,,,,,,True,True,True,False,False,False,False,0.0,0.0,0.01,0.3
tropical trail mix,619,23.9,11.9,3.5,7.2,91.8,0.0,Fats & Oils,0.0,0.0,0.05,0.0,,,,,,,,,,,,,,,,,,,,,,,,True,True,True,False,False,False,False,0.0,0.0,0.0,0.34749596122778675
soft pretzels,389,3.6,0.8,1.2,1.1,79.8,0.3,Fats & Oils,0.0,0.0,0.05,0.0,,,,,,,,,,,,,,,,,,,,,,,,True,True,True,False,False,False,False,0.0,0.0,0.0030848329048843185,0.0832904884318766
corn tostada shell,58,2.9,0.9,0.9,1.0,7.9,0.0,Fats & Oils,0.0,0.0,0.05,0.0,,,,,,,,,,,,,,,,,,,,,,,,True,True,True,False,False,False,False,0.0,0.0,0.0,0.44999999999999996
matzo crackers,111,0.4,0.03,0.045,0.2,23.4,0.098,Fats & Oils,0.0,0.0,0.05,0.0,,,,,,,,,,,,,,,,,,,,,,,,True,True,True,False,False,False,False,0.0,0.0,0.0035315315315315315,0.032432432432432434
sesame crunch,9,0.6,0.096,0.2,0.3,0.9,0.6,Fats & Oils,0.0,0.0,0.05,0.0,,,,,,,,,,,,,,,,,,,,,,,,True,True,True,False,False,True,False,0.0,0.0,0.26666666666666666,0.6
trail mix with chocolate chips,707,46.6,8.9,19.8,16.5,65.6,0.0,Fats & Oils,0.0,0.0,0.05,0.0,,,,,,,,,,,,,,,,,,,,,,,,True,True,True,False,False,False,False,0.0,0.0,0.0,0.5932107496463933
cracker meal,440,2.0,0.3,0.2,0.8,93.0,0.4,Fats & Oils,0.0,0.0,0.05,0.0,,,,,,,,,,,,,,,,,,,,,,,,True,True,True,False,False,False,False,0.0,0.0,0.0036363636363636364,0.04090909090909091
puffed rice,153,0.2,0.037,0.0,0.0,34.1,0.0,Fats & Oils,0.0,0.0,0.05,0.0,,,,,,,,,,,,,,,,,,,,,,,,True,True,True,False,False,False,False,0.0,0.0,0.0,0.011764705882352941
filinchen gutena,19,0.2,0.056,3.6,0.031,0.5,0.028,Fats & Oils,0.0,0.0,0.05,0.0,,,,,,,,,,,,,,,,,,,,,,,,True,True,True,False,False,True,False,0.0,0.0,0.005894736842105263,0.09473684210526316
melba toast crackers,117,1.0,0.1,0.2,0.4,23.0,0.3,Fats & Oils,0.0,0.0,0.05,0.0,,,,,,,,,,,,,,,,,,,,,,,,True,True,True,False,False,False,False,0.0,0.0,0.010256410256410256,0.07692307692307693
matzo crackers with egg onion,109,1.1,0.3,0.3,0.3,21.6,0.0,Fats & Oils,0.0,0.0,0.05,0.0,,,,,,,,,,,,,,,,,,,,,,,,False,False,True,False,False,False,False,0.0,0.0,0.0,0.0908256880733945
cornnuts,126,4.4,0.7,2.7,0.9,20.3,0.2,Fats & Oils,14.0,5.0,0.05,0.0,,,,,,,,,,,,,,,,,,,,,,,,True,True,True,False,True,False,True,0.4444444444444444,3.9682539682539684,0.006349206349206349,0.3142857142857143
bagel chips,789,26.5,12.0,10.6,3.6,116.1,10.5,Fats & Oils,0.0,0.0,0.05,0.0,,,,,,,,,,,,,,,,,,,,,,,,True,True,True,False,False,False,False,0.0,0.0,0.053231939163498096,0.30228136882129275
pretzels,115,0.9,0.1,0.2,0.4,24.1,0.7,Fats & Oils,0.0,0.0,0.05,0.0,,,,,,,,,,,,,,,,,,,,,,,,True,True,True,False,False,False,False,0.0,0.0,0.02434782608695652,0.07043478260869565
potato raw,164,0.2,0.028,0.063,0.071,37.2,1.7,Fats & Oils,0.0,0.0,0.05,0.0,,,,,,,,,,,,,,,,,,,,,,,,True,True,True,False,False,False,False,0.0,0.0,0.041463414634146344,0.010975609756097562
gatto di patate home made,202,9.4,4.6,21.0,9.4,4.0,3.6,Fats & Oils,0.0,0.0,0.05,0.0,,,,,,,,,,,,,,,,,,,,,,,,True,True,True,False,False,True,False,0.0,0.0,0.0712871287128713,0.41881188118811885
baked potato,161,0.2,0.074,0.086,0.1,36.6,2.0,Fats & Oils,0.0,0.0,0.05,0.0,,,,,,,,,,,,,,,,,,,,,,,,True,True,True,False,False,False,False,0.0,0.0,0.049689440993788817,0.011180124223602485
potato sticks,188,12.4,3.2,2.2,6.4,19.2,0.006,Fats & Oils,0.0,0.0,0.05,0.0,,,,,,,,,,,,,,,,,,,,,,,,True,True,True,False,False,False,False,0.0,0.0,0.0001276595744680851,0.5936170212765958
potato cooked,52,0.006,0.003,0.027,0.071,12.1,0.5,Fats & Oils,0.0,0.0,0.05,0.0,,,,,,,,,,,,,,,,,,,,,,,,True,True,True,False,False,False,False,0.0,0.0,0.038461538461538464,0.0010384615384615384
vivaldi potatoes sainsburys,23,0.1,5.0,0.5,0.0,0.0,0.0,Fats & Oils,0.0,0.0,0.05,0.0,,,,,,,,,,,,,,,,,,,,,,,,True,True,True,False,False,True,False,0.0,0.0,0.0,0.0391304347826087
potato ham chowder soup,192,12.5,3.9,5.9,0.8,13.4,0.0,Fats & Oils,0.0,0.0,0.05,0.0,,,,,,,,,,,,,,,,,,,,,,,,False,False,False,True,False,False,False,0.0,0.0,0.0,0.5859375
russet potato raw,292,0.3,0.06,0.061,0.2,66.7,2.3,Fats & Oils,0.0,0.0,0.05,0.0,,,,,,,,,,,,,,,,,,,,,,,,True,True,True,False,False,False,False,0.0,0.0,0.03150684931506849,0.009246575342465752
russet potato baked,290,0.4,0.1,0.056,0.2,64.1,3.2,Fats & Oils,0.0,0.0,0.05,0.0,,,,,,,,,,,,,,,,,,,,,,,,True,True,True,False,False,False,False,0.0,0.0,0.04413793103448276,0.012413793103448275
french fries,13,0.4,0.01,0.3,0.067,2.2,0.088,Fats & Oils,0.0,0.0,0.05,0.0,,,,,,,,,,,,,,,,,,,,,,,,True,True,True,False,False,True,False,0.0,0.0,0.027076923076923075,0.27692307692307694
potato scalloped,216,9.0,5.5,2.5,0.4,26.4,0.0,Fats & Oils,0.0,0.0,0.05,0.0,,,,,,,,,,,,,,,,,,,,,,,,True,True,True,False,False,False,False,0.0,0.0,0.0,0.375
cottage fries,11,0.4,0.084,0.2,0.055,1.9,0.019,Fats & Oils,0.0,0.0,0.05,0.0,,,,,,,,,,,,,,,,,,,,,,,,True,True,True,False,False,True,False,0.0,0.0,0.006909090909090909,0.32727272727272727
mashed potatoes,215,6.8,1.4,1.7,3.2,35.5,1.2,Fats & Oils,0.0,0.0,0.05,0.0,,,,,,,,,,,,,,,,,,,,,,,,True,True,True,False,False,False,False,0.0,0.0,0.022325581395348838,0.28465116279069763
mashed potato with milk and butter,237,8.9,5.5,2.2,0.4,35.3,3.0,Fats & Oils,14.0,0.0,0.05,30.0,,,,,,,,,,,,,,,,,,,,,,,,False,True,True,False,True,False,False,0.23628691983122363,0.0,0.05063291139240506,0.3379746835443038
red potato raw,149,0.3,0.074,0.001,0.1,33.9,2.7,Fats & Oils,0.0,0.0,0.05,0.0,,,,,,,,,,,,,,,,,,,,,,,,True,True,True,False,False,False,False,0.0,0.0,0.07248322147651007,0.018120805369127514
potato pancake,59,3.2,0.5,0.8,1.7,6.1,0.4,Fats & Oils,0.0,0.0,0.05,0.0,,,,,,,,,,,,,,,,,,,,,,,,True,True,True,False,False,False,False,0.0,0.0,0.027118644067796613,0.488135593220339
potato puffs,243,11.0,2.3,7.7,0.6,35.5,0.3,Fats & Oils,0.0,0.0,0.05,0.0,,,,,,,,,,,,,,,,,,,,,,,,True,True,True,False,False,False,False,0.0,0.0,0.0049382716049382715,0.4074074074074074
red potato baked,74,0.1,0.008,0.078,0.004,16.7,1.2,Fats & Oils,0.0,0.0,0.05,0.0,,,,,,,,,,,,,,,,,,,,,,,,True,True,True,False,False,False,False,0.0,0.0,0.06486486486486487,0.012162162162162163
potatoes canned,132,0.3,0.098,0.021,0.1,29.7,0.0,Fats & Oils,0.0,0.0,0.05,0.0,,,,,,,,,,,,,,,,,,,,,,,,True,True,True,False,False,False,False,0.0,0.0,0.0,0.02045454545454545
potato skin raw,22,0.099,0.093,0.008,0.07,4.7,0.0,Fats & Oils,0.0,0.0,0.05,0.0,,,,,,,,,,,,,,,,,,,,,,,,True,True,True,False,False,True,False,0.0,0.0,0.0,0.0405
shoestring french fries,4,0.1,0.059,0.083,0.06,0.7,0.062,Fats & Oils,0.0,0.0,0.05,0.0,,,,,,,,,,,,,,,,,,,,,,,,True,True,True,False,False,True,False,0.0,0.0,0.062,0.225
hash brown potato,144,9.0,1.3,4.1,3.0,15.3,0.3,Fats & Oils,0.0,0.0,0.05,0.0,,,,,,,,,,,,,,,,,,,,,,,,True,True,True,False,False,False,False,0.0,0.0,0.008333333333333333,0.5625
baked chips lays,130,2.0,26.0,2.0,2.0,0.0,0.0,Fats & Oils,0.0,0.0,0.05,0.0,,,,,,,,,,,,,,,,,,,,,,,,True,True,True,False,False,True,False,0.0,0.0,0.0,0.13846153846153847
corn chips,162,10.0,1.3,2.7,4.9,17.2,0.031,Fats & Oils,0.0,0.0,0.05,0.0,,,,,,,,,,,,,,,,,,,,,,,,True,True,True,False,False,False,False,0.0,0.0,0.0007654320987654321,0.5555555555555556
nacho cheese tortilla chips low fat,90,1.0,0.3,0.4,0.3,18.5,0.8,Fats & Oils,0.0,0.0,0.05,30.0,,,,,,,,,,,,,,,,,,,,,,,,False,True,True,False,False,False,False,0.0,0.0,0.035555555555555556,0.1
corn chips barbecue,1036,64.7,8.8,18.8,32.0,111.3,0.0,Fats & Oils,0.0,0.0,0.05,0.0,,,,,,,,,,,,,,,,,,,,,,,,True,True,True,False,False,False,False,0.0,0.0,0.0,0.5620656370656372
corn chips unsalted,490,29.4,3.8,8.0,15.0,50.5,1.2,Fats & Oils,0.0,0.0,0.05,0.0,,,,,,,,,,,,,,,,,,,,,,,,True,True,True,False,False,False,False,0.0,0.0,0.009795918367346938,0.5399999999999999
potato chips fat free,860,1.4,0.3,0.06,0.6,190.1,8.4,Fats & Oils,0.0,0.0,0.05,0.0,,,,,,,,,,,,,,,,,,,,,,,,True,True,True,False,False,False,False,0.0,0.0,0.03906976744186047,0.014651162790697675
sweet chilli kettle baked chips,99,2.2,0.3,16.9,1.2,2.1,0.4,Fats & Oils,0.0,0.0,0.05,0.0,,,,,,,,,,,,,,,,,,,,,,,,True,True,True,False,False,True,False,0.0,0.0,0.01616161616161616,0.2
taro chips,11,0.6,0.1,0.1,0.3,1.6,0.04,Fats & Oils,0.0,0.0,0.05,0.0,,,,,,,,,,,,,,,,,,,,,,,,True,True,True,False,False,True,False,0.0,0.0,0.014545454545454545,0.49090909090909085
potato chips reduced fat,801,35.4,7.1,8.2,18.6,113.7,0.4,Fats & Oils,0.0,0.0,0.05,0.0,,,,,,,,,,,,,,,,,,,,,,,,True,True,True,False,False,False,False,0.0,0.0,0.0019975031210986267,0.39775280898876403
onion snacks,150,6.8,1.3,4.0,0.9,19.5,1.4,Fats & Oils,0.0,0.0,0.05,0.0,,,,,,,,,,,,,,,,,,,,,,,,True,True,True,False,False,False,False,0.0,0.0,0.03733333333333333,0.408
potato chips cheese,843,46.2,14.6,13.1,16.3,98.1,0.0,Fats & Oils,0.0,0.0,0.05,30.0,,,,,,,,,,,,,,,,,,,,,,,,False,True,True,False,False,False,False,0.0,0.0,0.0,0.49323843416370106
yuca cassava chips,9,0.4,0.1,0.1,0.1,1.2,0.006,Fats & Oils,0.0,0.0,0.05,0.0,,,,,,,,,,,,,,,,,,,,,,,,True,True,True,False,False,True,False,0.0,0.0,0.0026666666666666666,0.4
tortilla chips low fat,117,1.6,0.2,0.5,0.8,22.6,0.2,Fats & Oils,0.0,0.0,0.05,0.0,,,,,,,,,,,,,,,,,,,,,,,,True,True,True,False,False,False,False,0.0,0.0,0.006837606837606838,0.12307692307692308
ranch flavor tortilla chips,992,48.8,7.0,14.0,26.8,124.2,6.0,Fats & Oils,0.0,0.0,0.05,0.0,,,,,,,,,,,,,,,,,,,,,,,,True,True,True,False,False,False,False,0.0,0.0,0.024193548387096774,0.442741935483871
potato chips,161,10.4,3.3,3.0,3.7,15.9,0.007,Fats & Oils,0.0,0.0,0.05,0.0,,,,,,,,,,,,,,,,,,,,,,,,True,True,True,False,False,False,False,0.0,0.0,0.00017391304347826088,0.5813664596273292
tortilla chips,142,6.2,0.8,1.7,3.2,20.3,0.2,Fats & Oils,0.0,0.0,0.05,0.0,,,,,,,,,,,,,,,,,,,,,,,,True,True,True,False,False,False,False,0.0,0.0,0.005633802816901409,0.39295774647887327
sweet potato chips,149,9.1,0.8,2.6,3.4,15.9,2.5,Fats & Oils,0.0,0.0,0.05,0.0,,,,,,,,,,,,,,,,,,,,,,,,True,True,True,False,False,False,False,0.0,0.0,0.06711409395973154,0.5496644295302013
nacho cheese tortilla chips,156,8.2,1.2,2.7,3.7,18.2,0.8,Fats & Oils,0.0,0.0,0.05,30.0,,,,,,,,,,,,,,,,,,,,,,,,False,True,True,False,False,False,False,0.0,0.0,0.020512820512820513,0.47307692307692306
vegetable chips,134,6.6,0.5,4.1,1.9,17.1,1.1,Fats & Oils,0.0,0.0,0.05,0.0,,,,,,,,,,,,,,,,,,,,,,,,True,True,True,False,False,False,False,0.0,0.0,0.032835820895522394,0.4432835820895522
taco flavor tortilla chips,1090,54.9,10.5,32.4,7.6,143.2,0.0,Fats & Oils,0.0,0.0,0.05,0.0,,,,,,,,,,,,,,,,,,,,,,,,True,True,True,False,False,False,False,0.0,0.0,0.0,0.45330275229357797
potato chips barbecue,970,64.2,15.9,12.9,32.4,104.5,14.0,Fats & Oils,0.0,0.0,0.05,0.0,,,,,,,,,,,,,,,,,,,,,,,,True,True,True,False,False,False,False,0.0,0.0,0.0577319587628866,0.5956701030927836
pita chips,137,4.6,0.4,3.3,0.6,20.5,1.4,Fats & Oils,0.0,0.0,0.05,0.0,,,,,,,,,,,,,,,,,,,,,,,,True,True,True,False,False,False,False,0.0,0.0,0.040875912408759124,0.3021897810218978
potato chips sour cream and onion,1051,67.1,17.6,12.1,34.5,102.0,0.0,Fats & Oils,0.0,0.0,0.05,30.0,,,,,,,,,,,,,,,,,,,,,,,,False,True,True,False,False,False,False,0.0,0.0,0.0,0.5745956232159848
adobo fresco,780,60.2,8.4,43.1,5.9,53.6,5.8,Fats & Oils,0.0,0.0,0.05,0.0,,,,,,,,,,,,,,,,,,,,,,,,True,True,True,False,False,False,False,0.0,0.0,0.029743589743589743,0.6946153846153847
chili pepper sauce red,3,0.089,0.073,0.096,0.071,0.6,0.4,Fats & Oils,0.0,0.0,0.05,0.0,,,,,,,,,,,,,,,,,,,,,,,,True,True,True,False,False,True,False,0.0,0.0,0.5333333333333333,0.26699999999999996
creamy ranch sauce mcdonalds,132,14.7,2.2,3.1,8.0,1.0,1.0,Fats & Oils,0.0,0.0,0.05,30.0,,,,,,,,,,,,,,,,,,,,,,,,False,True,True,False,False,True,False,0.0,0.0,0.030303030303030304,1.0022727272727272
catsup,19,0.066,0.026,0.051,0.065,4.5,3.7,Fats & Oils,0.0,0.0,0.05,0.0,,,,,,,,,,,,,,,,,,,,,,,,True,True,True,False,False,True,False,0.0,0.0,0.7789473684210527,0.03126315789473685
chili pepper sauce green,3,0.032,0.048,0.037,0.016,0.8,0.4,Fats & Oils,0.0,0.0,0.05,0.0,,,,,,,,,,,,,,,,,,,,,,,,True,True,True,False,False,True,False,0.0,0.0,0.5333333333333333,0.09600000000000002
red wine vinegar,3,0.0,0.0,0.0,0.0,0.011,0.0,Fats & Oils,0.0,0.0,0.05,0.0,,,,,,,,,,,,,,,,,,,,,,,,True,True,True,False,False,True,False,0.0,0.0,0.0,0.0
fish sauce,6,0.013,0.08,0.0,0.039,0.7,0.7,Fats & Oils,0.0,0.0,0.05,0.0,,,,,,,,,,,,,,,,,,,,,,,,False,False,False,True,False,True,False,0.0,0.0,0.4666666666666666,0.0195
coleslaw dressing reduced fat,56,3.4,0.5,1.5,1.3,6.8,6.6,Fats & Oils,0.0,0.0,0.05,0.0,,,,,,,,,,,,,,,,,,,,,,,,True,True,True,False,False,False,False,0.0,0.0,0.4714285714285714,0.5464285714285714
sour dressing,21,2.0,1.6,0.2,0.035,0.6,0.6,Fats & Oils,0.0,0.0,0.05,0.0,,,,,,,,,,,,,,,,,,,,,,,,True,True,True,False,False,True,False,0.0,0.0,0.11428571428571428,0.8571428571428571
guava sauce cooked,86,0.3,0.014,0.068,0.1,22.6,14.0,Fats & Oils,0.0,0.0,0.05,0.0,,,,,,,,,,,,,,,,,,,,,,,,True,True,True,False,False,False,False,0.0,0.0,0.6511627906976745,0.0313953488372093
pizza sauce,136,2.9,1.2,1.2,0.2,21.8,9.5,Fats & Oils,0.0,0.0,0.05,0.0,,,,,,,,,,,,,,,,,,,,,,,,True,True,True,False,False,False,False,0.0,0.0,0.27941176470588236,0.19191176470588234
sweetn sour sauce mcdonalds,48,0.3,0.075,0.091,0.1,11.0,10.0,Fats & Oils,0.0,0.0,0.05,0.0,,,,,,,,,,,,,,,,,,,,,,,,True,True,True,False,False,False,False,0.0,0.0,0.8333333333333334,0.056249999999999994
nance syrup,4,0.002,0.0,0.0,0.0,0.8,0.6,Fats & Oils,0.0,0.0,0.05,0.0,,,,,,,,,,,,,,,,,,,,,,,,True,True,True,False,False,True,False,0.0,0.0,0.6,0.0045000000000000005
french dressing reduced fat,37,2.2,0.2,0.9,0.8,4.7,4.6,Fats & Oils,0.0,0.0,0.05,0.0,,,,,,,,,,,,,,,,,,,,,,,,True,True,True,False,False,True,False,0.0,0.0,0.49729729729729727,0.5351351351351351
peppercorn dressing,76,8.2,1.4,2.0,4.4,0.5,0.3,Fats & Oils,0.0,0.0,0.05,0.0,,,,,,,,,,,,,,,,,,,,,,,,True,True,True,False,False,True,False,0.0,0.0,0.015789473684210527,0.9710526315789473
sorghum syrup,61,0.0,0.0,0.0,0.0,15.7,15.7,Fats & Oils,0.0,0.0,0.05,0.0,,,,,,,,,,,,,,,,,,,,,,,,True,True,True,False,False,False,False,0.0,0.0,1.0295081967213113,0.0
ranch dressing fat free,17,0.3,0.007,0.072,0.092,3.7,0.7,Fats & Oils,0.0,0.0,0.05,0.0,,,,,,,,,,,,,,,,,,,,,,,,True,True,True,False,False,True,False,0.0,0.0,0.16470588235294117,0.1588235294117647
caesar dressing low calorie,17,0.7,0.1,0.2,0.4,2.8,2.4,Fats & Oils,0.0,0.0,0.05,0.0,,,,,,,,,,,,,,,,,,,,,,,,True,True,True,False,False,True,False,0.0,0.0,0.5647058823529412,0.37058823529411766
sweet sour dressing,2,0.0,0.0,0.0,0.0,0.6,0.6,Fats & Oils,0.0,0.0,0.05,0.0,,,,,,,,,,,,,,,,,,,,,,,,True,True,True,False,False,True,False,0.0,0.0,1.2,0.0
mayonnaise imitation fat free,13,0.4,0.005,0.3,0.031,2.5,1.6,Fats & Oils,0.0,0.0,0.05,0.0,,,,,,,,,,,,,,,,,,,,,,,,False,False,True,False,False,True,False,0.0,0.0,0.49230769230769234,0.27692307692307694
sofrito,488,37.5,0.0,0.0,0.0,11.2,0.0,Fats & Oils,0.0,0.0,0.05,0.0,,,,,,,,,,,,,,,,,,,,,,,,True,True,True,False,False,True,False,0.0,0.0,0.0,0.6915983606557377
turkey gravy instant,27,1.0,0.3,0.4,0.3,3.9,0.5,Fats & Oils,0.0,0.0,0.05,0.0,,,,,,,,,,,,,,,,,,,,,,,,False,False,False,True,False,True,False,0.0,0.0,0.07407407407407407,0.3333333333333333
teriyaki sauce,16,0.015,0.0,0.0,0.0,2.8,2.5,Fats & Oils,0.0,0.0,0.05,0.0,,,,,,,,,,,,,,,,,,,,,,,,True,True,True,False,False,True,False,0.0,0.0,0.625,0.0084375
tomato sauce,59,0.7,0.1,0.1,0.3,13.0,8.7,Fats & Oils,0.0,0.0,0.05,0.0,,,,,,,,,,,,,,,,,,,,,,,,True,True,True,False,False,False,False,0.0,0.0,0.5898305084745762,0.10677966101694915
barbecue sauce kraft,28,0.053,0.013,0.095,0.005,6.5,5.2,Fats & Oils,0.0,0.0,0.05,0.0,,,,,,,,,,,,,,,,,,,,,,,,True,True,True,False,False,False,False,0.0,0.0,0.7428571428571429,0.017035714285714286
cranberry sauce sweetened,418,0.4,0.056,0.057,0.2,107.8,105.0,Fats & Oils,0.0,0.0,0.05,0.0,,,,,,,,,,,,,,,,,,,,,,,,True,True,True,False,False,False,False,0.0,0.0,1.0047846889952152,0.00861244019138756
coleslaw dressing,62,5.3,0.8,1.4,2.9,3.8,3.2,Fats & Oils,0.0,0.0,0.05,0.0,,,,,,,,,,,,,,,,,,,,,,,,True,True,True,False,False,True,False,0.0,0.0,0.2064516129032258,0.7693548387096774
onion gravy dry,77,0.7,0.4,0.2,0.024,16.2,0.0,Fats & Oils,0.0,0.0,0.05,0.0,,,,,,,,,,,,,,,,,,,,,,,,True,True,True,False,False,False,False,0.0,0.0,0.0,0.08181818181818182
corn syrup light,62,0.09,0.0,0.0,0.0,16.9,16.9,Fats & Oils,0.0,0.0,0.05,0.0,,,,,,,,,,,,,,,,,,,,,,,,True,True,True,False,False,False,False,0.0,0.0,1.0903225806451613,0.013064516129032257
bacon tomato dressing,49,5.3,0.8,1.3,2.9,0.3,0.3,Fats & Oils,0.0,0.0,0.05,0.0,,,,,,,,,,,,,,,,,,,,,,,,False,False,False,True,False,True,False,0.0,0.0,0.024489795918367346,0.973469387755102
pancake syrup,53,0.075,0.025,0.094,0.042,13.9,8.4,Fats & Oils,0.0,0.0,0.05,0.0,,,,,,,,,,,,,,,,,,,,,,,,True,True,True,False,False,False,False,0.0,0.0,0.6339622641509435,0.012735849056603772
balsamic vinegar,14,0.0,0.0,0.0,0.0,2.7,2.4,Fats & Oils,0.0,0.0,0.05,0.0,,,,,,,,,,,,,,,,,,,,,,,,True,True,True,False,False,True,False,0.0,0.0,0.6857142857142857,0.0
ranch dressing reduced fat,29,1.9,0.2,0.4,0.6,3.2,0.6,Fats & Oils,0.0,0.0,0.05,0.0,,,,,,,,,,,,,,,,,,,,,,,,True,True,True,False,False,True,False,0.0,0.0,0.08275862068965517,0.5896551724137931
barbecue sauce mcdonalds,46,0.3,0.09,0.069,0.1,10.3,9.6,Fats & Oils,0.0,0.0,0.05,0.0,,,,,,,,,,,,,,,,,,,,,,,,True,True,True,False,False,False,False,0.0,0.0,0.8347826086956521,0.05869565217391304
vinegar oil dressing,72,8.0,1.5,2.4,3.9,0.4,0.4,Fats & Oils,0.0,0.0,0.05,0.0,,,,,,,,,,,,,,,,,,,,,,,,True,True,True,False,False,True,False,0.0,0.0,0.022222222222222223,1.0
poppyseed dressing,66,5.5,1.0,1.4,2.9,4.0,3.9,Fats & Oils,14.0,5.0,0.05,0.0,,,,,,,,,,,,,,,,,,,,,,,,True,True,True,False,True,True,True,0.8484848484848485,7.575757575757576,0.23636363636363636,0.75
honey mustard dressing,70,6.1,0.8,1.7,3.4,3.5,2.4,Fats & Oils,0.0,0.0,0.05,0.0,,,,,,,,,,,,,,,,,,,,,,,,True,True,True,False,False,True,False,0.0,0.0,0.13714285714285715,0.7842857142857143
french dressing fat free,21,0.024,0.067,0.088,0.097,5.1,2.6,Fats & Oils,0.0,0.0,0.05,0.0,,,,,,,,,,,,,,,,,,,,,,,,True,True,True,False,False,True,False,0.0,0.0,0.49523809523809526,0.010285714285714285
vinegar,3,0.0,0.0,0.0,0.0,0.089,0.063,Fats & Oils,0.0,0.0,0.05,0.0,,,,,,,,,,,,,,,,,,,,,,,,True,True,True,False,False,True,False,0.0,0.0,0.084,0.0
spray dressing,13,0.9,0.1,0.0,0.0,1.3,1.1,Fats & Oils,0.0,0.0,0.05,0.0,,,,,,,,,,,,,,,,,,,,,,,,True,True,True,False,False,True,False,0.0,0.0,0.3384615384615385,0.6230769230769231
honey mustard dressing fat free,25,0.2,0.031,0.1,0.056,5.8,2.7,Fats & Oils,0.0,0.0,0.05,0.0,,,,,,,,,,,,,,,,,,,,,,,,True,True,True,False,False,True,False,0.0,0.0,0.43200000000000005,0.07200000000000001
mushroom gravy,119,6.4,1.0,2.8,2.4,13.0,0.0,Fats & Oils,0.0,0.0,0.05,0.0,,,,,,,,,,,,,,,,,,,,,,,,True,True,True,False,False,False,False,0.0,0.0,0.0,0.48403361344537815
white sauce,368,26.6,7.1,11.1,7.2,22.9,11.0,Fats & Oils,0.0,0.0,0.05,0.0,,,,,,,,,,,,,,,,,,,,,,,,True,True,True,False,False,True,False,0.0,0.0,0.11956521739130435,0.6505434782608696
marinara pasta sauce,129,3.9,0.4,1.0,1.3,19.9,14.5,Fats & Oils,0.0,0.0,0.05,0.0,,,,,,,,,,,,,,,,,,,,,,,,True,True,True,False,False,False,False,0.0,0.0,0.4496124031007752,0.27209302325581397
tomato sauce with mushrooms,86,0.3,0.027,0.025,0.1,20.7,14.1,Fats & Oils,0.0,0.0,0.05,0.0,,,,,,,,,,,,,,,,,,,,,,,,True,True,True,False,False,False,False,0.0,0.0,0.6558139534883721,0.0313953488372093
pork gravy powder,25,0.6,0.3,0.3,0.007,4.3,1.7,Fats & Oils,0.0,0.0,0.05,0.0,,,,,,,,,,,,,,,,,,,,,,,,False,False,False,True,False,True,False,0.0,0.0,0.272,0.21599999999999997
beef gravy,123,5.5,2.7,2.2,0.2,11.2,0.5,Fats & Oils,0.0,0.0,0.05,0.0,,,,,,,,,,,,,,,,,,,,,,,,False,False,False,True,False,False,False,0.0,0.0,0.016260162601626018,0.4024390243902439
green goddess dressing,64,6.5,0.9,1.4,3.5,1.1,1.0,Fats & Oils,0.0,0.0,0.05,0.0,,,,,,,,,,,,,,,,,,,,,,,,True,True,True,False,False,True,False,0.0,0.0,0.0625,0.9140625
salsa con queso,358,23.8,6.2,6.9,9.1,27.9,4.9,Fats & Oils,0.0,0.0,0.05,0.0,,,,,,,,,,,,,,,,,,,,,,,,True,True,True,False,False,False,False,0.0,0.0,0.05474860335195531,0.5983240223463687
cocktail sauce,19,0.2,0.0,0.0,0.0,4.2,1.8,Fats & Oils,0.0,0.0,0.05,0.0,,,,,,,,,,,,,,,,,,,,,,,,True,True,True,False,False,True,False,0.0,0.0,0.37894736842105264,0.09473684210526316
worcestershire sauce,13,0.0,0.0,0.0,0.0,3.3,1.7,Fats & Oils,0.0,0.0,0.05,0.0,,,,,,,,,,,,,,,,,,,,,,,,True,True,True,False,False,True,False,0.0,0.0,0.5230769230769231,0.0
barbecue sauce,29,0.1,0.009,0.047,0.064,6.9,5.7,Fats & Oils,0.0,0.0,0.05,0.0,,,,,,,,,,,,,,,,,,,,,,,,True,True,True,False,False,False,False,0.0,0.0,0.7862068965517242,0.03103448275862069
tomato sauce with onions,103,0.5,0.007,0.047,0.2,24.4,0.0,Fats & Oils,0.0,0.0,0.05,0.0,,,,,,,,,,,,,,,,,,,,,,,,True,True,True,False,False,False,False,0.0,0.0,0.0,0.043689320388349516
brown gravy dry,22,0.6,0.2,0.3,0.061,3.6,0.0,Fats & Oils,0.0,0.0,0.05,0.0,,,,,,,,,,,,,,,,,,,,,,,,True,True,True,False,False,True,False,0.0,0.0,0.0,0.24545454545454543
blue cheese dressing light,14,0.4,0.1,0.2,0.1,2.1,0.6,Fats & Oils,0.0,0.0,0.05,30.0,,,,,,,,,,,,,,,,,,,,,,,,False,True,True,False,False,True,False,0.0,0.0,0.17142857142857143,0.2571428571428572
spanish tomato sauce,81,0.7,0.007,0.016,0.3,17.7,0.0,Fats & Oils,0.0,0.0,0.05,0.0,,,,,,,,,,,,,,,,,,,,,,,,True,True,True,False,False,False,False,0.0,0.0,0.0,0.07777777777777778
oyster sauce,9,0.066,0.016,0.02,0.044,2.0,0.0,Fats & Oils,0.0,0.0,0.05,0.0,,,,,,,,,,,,,,,,,,,,,,,,True,True,True,False,False,True,False,0.0,0.0,0.0,0.066
cheese sauce,30,2.2,1.2,0.7,0.2,0.8,0.033,Fats & Oils,0.0,0.0,0.05,30.0,,,,,,,,,,,,,,,,,,,,,,,,False,True,True,False,False,True,False,0.0,0.0,0.0044,0.66
hoisin sauce,35,0.5,0.036,0.2,0.3,7.1,4.4,Fats & Oils,0.0,0.0,0.05,0.0,,,,,,,,,,,,,,,,,,,,,,,,True,True,True,False,False,False,False,0.0,0.0,0.5028571428571429,0.12857142857142856
pickle relish,20,0.061,0.093,0.083,0.036,5.3,4.4,Fats & Oils,0.0,0.0,0.05,0.0,,,,,,,,,,,,,,,,,,,,,,,,True,True,True,False,False,True,False,0.0,0.0,0.8800000000000001,0.027449999999999995
tomato sauce with herbs cheese,144,4.7,1.5,0.9,2.0,25.0,0.0,Fats & Oils,0.0,0.0,0.05,30.0,,,,,,,,,,,,,,,,,,,,,,,,False,True,True,False,False,False,False,0.0,0.0,0.0,0.29375
french dressing,73,7.2,0.9,1.3,3.4,2.5,2.6,Fats & Oils,0.0,0.0,0.05,0.0,,,,,,,,,,,,,,,,,,,,,,,,True,True,True,False,False,True,False,0.0,0.0,0.14246575342465753,0.8876712328767122
mayonnaise hellmanns,15,1.7,0.9,0.093,0.2,0.087,0.2,Fats & Oils,0.0,0.0,0.05,0.0,,,,,,,,,,,,,,,,,,,,,,,,False,False,True,False,False,True,False,0.0,0.0,0.05333333333333334,1.02
canadian maple syrup,76,0.0,0.0,0.0,0.0,19.1,17.0,Fats & Oils,0.0,0.0,0.05,0.0,,,,,,,,,,,,,,,,,,,,,,,,True,True,True,False,False,False,False,0.0,0.0,0.8947368421052632,0.0
maple syrup,52,0.047,0.036,0.014,0.085,13.4,13.6,Fats & Oils,0.0,0.0,0.05,0.0,,,,,,,,,,,,,,,,,,,,,,,,True,True,True,False,False,False,False,0.0,0.0,1.0461538461538462,0.008134615384615384
barbecue sauce bulls eye,27,0.1,0.028,0.019,0.033,6.4,5.6,Fats & Oils,0.0,0.0,0.05,0.0,,,,,,,,,,,,,,,,,,,,,,,,True,True,True,False,False,False,False,0.0,0.0,0.8296296296296296,0.03333333333333333
ranch dressing,65,6.7,1.0,1.4,3.9,0.9,0.7,Fats & Oils,0.0,0.0,0.05,0.0,,,,,,,,,,,,,,,,,,,,,,,,True,True,True,False,False,True,False,0.0,0.0,0.043076923076923075,0.9276923076923077
tomato ketchup mp,15,0.0,4.0,4.0,0.0,0.2,0.0,Fats & Oils,0.0,0.0,0.05,0.0,,,,,,,,,,,,,,,,,,,,,,,,True,True,True,False,False,True,False,0.0,0.0,0.0,0.0
mayonnaise light,36,3.3,0.5,0.8,1.9,1.4,0.5,Fats & Oils,0.0,0.0,0.05,0.0,,,,,,,,,,,,,,,,,,,,,,,,False,False,True,False,False,True,False,0.0,0.0,0.05555555555555555,0.825
mayonnaise dressing,103,11.7,1.6,2.7,6.8,0.066,0.093,Fats & Oils,0.0,0.0,0.05,0.0,,,,,,,,,,,,,,,,,,,,,,,,False,False,True,False,False,True,False,0.0,0.0,0.003611650485436893,1.0223300970873785
malt syrup,67,0.0,0.0,0.0,0.0,15.0,15.0,Fats & Oils,0.0,0.0,0.05,0.0,,,,,,,,,,,,,,,,,,,,,,,,True,True,True,False,False,False,False,0.0,0.0,0.8955223880597015,0.0
gravy dry,86,2.0,0.7,0.8,0.4,14.5,0.0,Fats & Oils,0.0,0.0,0.05,0.0,,,,,,,,,,,,,,,,,,,,,,,,True,True,True,False,False,False,False,0.0,0.0,0.0,0.20930232558139536
cranberry orange relish,490,0.3,0.06,0.0,0.0,127.1,0.0,Fats & Oils,0.0,0.0,0.05,0.0,,,,,,,,,,,,,,,,,,,,,,,,True,True,True,False,False,False,False,0.0,0.0,0.0,0.005510204081632652
caesar dressing,80,8.5,1.3,2.0,4.8,0.5,0.4,Fats & Oils,0.0,0.0,0.05,0.0,,,,,,,,,,,,,,,,,,,,,,,,True,True,True,False,False,True,False,0.0,0.0,0.02,0.95625
italian dressing,35,3.1,0.4,0.8,1.6,1.8,1.6,Fats & Oils,0.0,0.0,0.05,0.0,,,,,,,,,,,,,,,,,,,,,,,,True,True,True,False,False,True,False,0.0,0.0,0.18285714285714286,0.7971428571428572
brown gravy instant,25,0.8,0.4,0.4,0.049,4.0,0.6,Fats & Oils,0.0,0.0,0.05,0.0,,,,,,,,,,,,,,,,,,,,,,,,True,True,True,False,False,True,False,0.0,0.0,0.096,0.28800000000000003
roquefort cheese dressing,15,1.1,0.4,0.3,0.4,0.4,0.4,Fats & Oils,0.0,0.0,0.05,30.0,,,,,,,,,,,,,,,,,,,,,,,,False,True,True,False,False,True,False,0.0,0.0,0.10666666666666667,0.66
blue cheese dressing,71,7.7,1.2,2.0,4.1,0.7,0.5,Fats & Oils,0.0,0.0,0.05,30.0,,,,,,,,,,,,,,,,,,,,,,,,False,True,True,False,False,True,False,0.0,0.0,0.028169014084507043,0.9760563380281689
duck sauce,80,0.063,0.033,0.065,0.04,19.7,9.9,Fats & Oils,0.0,0.0,0.05,0.0,,,,,,,,,,,,,,,,,,,,,,,,True,True,True,False,False,False,False,0.0,0.0,0.495,0.007087499999999999
au jus,38,0.5,0.2,0.2,0.048,5.9,0.0,Fats & Oils,0.0,0.0,0.05,0.0,,,,,,,,,,,,,,,,,,,,,,,,True,True,True,False,False,True,False,0.0,0.0,0.0,0.11842105263157894
corn syrup dark,57,0.0,0.0,0.0,0.0,15.5,15.5,Fats & Oils,0.0,0.0,0.05,0.0,,,,,,,,,,,,,,,,,,,,,,,,True,True,True,False,False,False,False,0.0,0.0,1.087719298245614,0.0
buttermilk dressing light,30,1.9,0.2,0.4,0.6,3.2,0.6,Fats & Oils,14.0,0.0,0.05,30.0,,,,,,,,,,,,,,,,,,,,,,,,False,True,True,False,True,True,False,1.8666666666666667,0.0,0.08,0.57
cider vinegar,3,0.0,0.0,0.0,0.0,0.1,0.018,Fats & Oils,0.0,0.0,0.05,0.0,,,,,,,,,,,,,,,,,,,,,,,,True,True,True,False,False,True,False,0.0,0.0,0.023999999999999997,0.0
tartar sauce,32,2.5,0.5,0.5,1.4,2.0,0.6,Fats & Oils,0.0,0.0,0.05,0.0,,,,,,,,,,,,,,,,,,,,,,,,True,True,True,False,False,True,False,0.0,0.0,0.075,0.703125
pepper hot sauce,1,0.018,0.057,0.031,0.06,0.031,0.065,Fats & Oils,0.0,0.0,0.05,0.0,,,,,,,,,,,,,,,,,,,,,,,,True,True,True,False,False,True,False,0.0,0.0,0.26,0.16199999999999998
tomato chili sauce,6,0.095,0.076,0.097,0.064,1.2,0.6,Fats & Oils,0.0,0.0,0.05,0.0,,,,,,,,,,,,,,,,,,,,,,,,True,True,True,False,False,True,False,0.0,0.0,0.39999999999999997,0.1425
turkey gravy dry,26,0.5,0.1,0.2,0.2,4.6,0.0,Fats & Oils,0.0,0.0,0.05,0.0,,,,,,,,,,,,,,,,,,,,,,,,False,False,False,True,False,True,False,0.0,0.0,0.0,0.17307692307692307
salsa sauce,5,0.039,0.07,0.048,0.089,1.2,0.7,Fats & Oils,0.0,0.0,0.05,0.0,,,,,,,,,,,,,,,,,,,,,,,,True,True,True,False,False,True,False,0.0,0.0,0.5599999999999999,0.0702
steak sauce,16,0.004,0.0,0.0,0.0,3.7,1.7,Fats & Oils,0.0,0.0,0.05,0.0,,,,,,,,,,,,,,,,,,,,,,,,True,True,True,False,False,True,False,0.0,0.0,0.425,0.0022500000000000003
molasses,58,0.068,0.052,0.021,0.068,14.9,14.9,Fats & Oils,0.0,0.0,0.05,0.0,,,,,,,,,,,,,,,,,,,,,,,,True,True,True,False,False,False,False,0.0,0.0,1.0275862068965518,0.010551724137931037
italian dressing fat free,7,0.1,0.099,0.018,0.022,1.2,1.2,Fats & Oils,0.0,0.0,0.05,0.0,,,,,,,,,,,,,,,,,,,,,,,,True,True,True,False,False,True,False,0.0,0.0,0.6857142857142857,0.1285714285714286
plum sauce,35,0.2,0.094,0.007,0.1,8.1,0.0,Fats & Oils,0.0,0.0,0.05,0.0,,,,,,,,,,,,,,,,,,,,,,,,True,True,True,False,False,False,False,0.0,0.0,0.0,0.05142857142857143
chow mein stir fry master foods,26,0.2,5.5,0.6,0.0,0.0,0.0,Fats & Oils,0.0,0.0,0.05,0.0,,,,,,,,,,,,,,,,,,,,,,,,True,True,True,False,False,True,False,0.0,0.0,0.0,0.06923076923076923
beef gravy instant,25,0.6,0.3,0.2,0.08,4.1,1.6,Fats & Oils,0.0,0.0,0.05,0.0,,,,,,,,,,,,,,,,,,,,,,,,False,False,False,True,False,True,False,0.0,0.0,0.256,0.21599999999999997
horseradish,2,0.085,0.007,0.005,0.029,0.6,0.4,Fats & Oils,0.0,0.0,0.05,0.0,,,,,,,,,,,,,,,,,,,,,,,,True,True,True,False,False,True,False,0.0,0.0,0.8,0.3825
grenadine,54,0.0,0.0,0.0,0.0,13.4,9.3,Fats & Oils,0.0,0.0,0.05,0.0,,,,,,,,,,,,,,,,,,,,,,,,True,True,True,False,False,False,False,0.0,0.0,0.688888888888889,0.0
tabasco sauce,1,0.002,0.051,0.086,0.089,0.006,0.067,Fats & Oils,0.0,0.0,0.05,0.0,,,,,,,,,,,,,,,,,,,,,,,,True,True,True,False,False,True,False,0.0,0.0,0.268,0.018000000000000002
sweet sour sauce,26,0.084,0.0,0.0,0.0,6.7,3.3,Fats & Oils,0.0,0.0,0.05,0.0,,,,,,,,,,,,,,,,,,,,,,,,True,True,True,False,False,False,False,0.0,0.0,0.5076923076923077,0.029076923076923077
salsa verde,6,0.1,0.0,0.0,0.0,1.0,0.5,Fats & Oils,0.0,0.0,0.05,0.0,,,,,,,,,,,,,,,,,,,,,,,,True,True,True,False,False,True,False,0.0,0.0,0.3333333333333333,0.15
miso,40,1.2,0.2,0.2,0.6,5.1,1.2,Fats & Oils,0.0,0.0,0.05,0.0,,,,,,,,,,,,,,,,,,,,,,,,True,True,True,False,False,True,False,0.0,0.0,0.12,0.26999999999999996
sprouted soybean cooked,76,4.2,0.6,0.9,2.4,6.1,0.4,Fats & Oils,0.0,0.0,0.05,0.0,,,,,,,,,,,,,,,,,,,,,,,,True,True,True,False,False,False,False,0.0,0.0,0.021052631578947368,0.4973684210526316
soy flour roasted,375,18.6,2.7,4.1,10.5,28.6,6.5,Fats & Oils,0.0,0.0,0.05,0.0,,,,,,,,,,,,,,,,,,,,,,,,True,True,True,False,False,False,False,0.0,0.0,0.06933333333333333,0.4464
soy flour low fat,330,7.8,1.1,1.3,3.7,30.7,9.3,Fats & Oils,0.0,0.0,0.05,0.0,,,,,,,,,,,,,,,,,,,,,,,,True,True,True,False,False,False,False,0.0,0.0,0.11272727272727273,0.21272727272727274
green soybean cooked,127,5.8,0.7,1.1,2.7,9.9,0.0,Fats & Oils,0.0,0.0,0.05,0.0,,,,,,,,,,,,,,,,,,,,,,,,True,True,True,False,False,False,False,0.0,0.0,0.0,0.4110236220472441
azumaya tofu vitasoy,316,16.6,2.0,4.7,9.9,9.1,1.6,Fats & Oils,0.0,0.0,0.05,0.0,,,,,,,,,,,,,,,,,,,,,,,,True,True,True,False,False,True,False,0.0,0.0,0.020253164556962026,0.4727848101265823
soy proteins isolate,96,1.0,0.1,0.2,0.5,2.1,0.0,Fats & Oils,0.0,0.0,0.05,0.0,,,,,,,,,,,,,,,,,,,,,,,,True,True,True,False,False,True,False,0.0,0.0,0.0,0.09375
tofu yogurt,246,4.7,0.7,1.0,2.7,41.8,3.2,Fats & Oils,0.0,0.0,0.05,0.0,,,,,,,,,,,,,,,,,,,,,,,,False,True,True,False,False,False,False,0.0,0.0,0.05203252032520325,0.17195121951219514
bacon meatless,446,42.5,6.7,10.2,22.2,9.1,0.0,Fats & Oils,0.0,0.0,0.05,0.0,,,,,,,,,,,,,,,,,,,,,,,,False,False,False,True,False,True,False,0.0,0.0,0.0,0.8576233183856502
meatless chicken fried,304,16.6,1.5,4.2,6.0,11.1,0.0,Fats & Oils,0.0,0.0,0.05,0.0,,,,,,,,,,,,,,,,,,,,,,,,False,False,False,True,False,True,False,0.0,0.0,0.0,0.49144736842105263
soymilk,109,4.8,0.5,1.0,2.9,8.4,6.1,Fats & Oils,0.0,0.0,0.05,0.0,,,,,,,,,,,,,,,,,,,,,,,,False,True,True,False,False,False,False,0.0,0.0,0.2238532110091743,0.39633027522935776
soy vermicelli,463,0.1,0.092,0.005,0.093,115.2,24.4,Fats & Oils,0.0,0.0,0.05,0.0,,,,,,,,,,,,,,,,,,,,,,,,True,True,True,False,False,False,False,0.0,0.0,0.21079913606911446,0.0019438444924406047
tofu fried,35,2.6,0.4,0.6,1.5,1.2,0.4,Fats & Oils,0.0,0.0,0.05,0.0,,,,,,,,,,,,,,,,,,,,,,,,True,True,True,False,False,True,False,0.0,0.0,0.045714285714285714,0.6685714285714286
tempeh,320,17.9,3.7,5.0,6.4,15.6,0.0,Fats & Oils,0.0,0.0,0.05,0.0,,,,,,,,,,,,,,,,,,,,,,,,True,True,True,False,False,True,False,0.0,0.0,0.0,0.5034375
koyadofu,81,5.2,0.7,1.1,2.9,1.7,0.0,Fats & Oils,0.0,0.0,0.05,0.0,,,,,,,,,,,,,,,,,,,,,,,,True,True,True,False,False,True,False,0.0,0.0,0.0,0.5777777777777778
meatless meatloaf,110,5.0,0.8,1.2,2.6,4.5,0.7,Fats & Oils,0.0,0.0,0.05,0.0,,,,,,,,,,,,,,,,,,,,,,,,False,False,False,True,False,True,False,0.0,0.0,0.025454545454545452,0.4090909090909091
soya vanille joghurt alpro,21,0.6,0.1,2.7,2.6,1.0,0.09,Fats & Oils,0.0,0.0,0.05,0.0,,,,,,,,,,,,,,,,,,,,,,,,True,True,True,False,False,True,False,0.0,0.0,0.017142857142857144,0.2571428571428571
soybean curd cheese,340,18.2,2.6,4.0,10.3,15.5,3.6,Fats & Oils,0.0,0.0,0.05,30.0,,,,,,,,,,,,,,,,,,,,,,,,False,True,True,False,False,True,False,0.0,0.0,0.042352941176470586,0.4817647058823529
soy sauce,8,0.054,0.025,0.059,0.099,0.8,0.097,Fats & Oils,0.0,0.0,0.05,0.0,,,,,,,,,,,,,,,,,,,,,,,,True,True,True,False,False,True,False,0.0,0.0,0.0485,0.06075
soybean dry roasted,419,20.1,2.9,4.4,11.4,30.4,0.0,Fats & Oils,0.0,0.0,0.05,0.0,,,,,,,,,,,,,,,,,,,,,,,,True,True,True,False,False,False,False,0.0,0.0,0.0,0.4317422434367542
soybean oil,120,13.6,2.1,3.1,7.9,0.0,0.0,Fats & Oils,0.0,0.0,0.05,0.0,,,,,,,,,,,,,,,,,,,,,,,,True,True,True,False,False,True,False,0.0,0.0,0.0,1.02
meatless chicken,376,21.4,3.1,4.6,12.2,6.1,0.0,Fats & Oils,0.0,0.0,0.05,0.0,,,,,,,,,,,,,,,,,,,,,,,,False,False,False,True,False,True,False,0.0,0.0,0.0,0.5122340425531915
soybean cooked,296,15.4,2.2,3.4,8.7,17.1,5.2,Fats & Oils,0.0,0.0,0.05,0.0,,,,,,,,,,,,,,,,,,,,,,,,True,True,True,False,False,True,False,0.0,0.0,0.07027027027027027,0.46824324324324323
soymilk nonfat,68,0.046,0.0,0.0,0.046,10.1,8.9,Fats & Oils,0.0,0.0,0.05,0.0,,,,,,,,,,,,,,,,,,,,,,,,False,True,True,False,False,False,False,0.0,0.0,0.5235294117647059,0.006088235294117647
soy flour,23,1.1,0.2,0.2,0.6,1.8,0.4,Fats & Oils,0.0,0.0,0.05,0.0,,,,,,,,,,,,,,,,,,,,,,,,True,True,True,False,False,True,False,0.0,0.0,0.06956521739130435,0.43043478260869567
soybean lecithin oil,104,13.6,2.0,1.5,6.2,0.0,0.0,Fats & Oils,0.0,0.0,0.05,0.0,,,,,,,,,,,,,,,,,,,,,,,,True,True,True,False,False,True,False,0.0,0.0,0.0,1.1769230769230767
tofu raw,188,11.9,1.7,2.6,6.7,4.7,0.0,Fats & Oils,0.0,0.0,0.05,0.0,,,,,,,,,,,,,,,,,,,,,,,,True,True,True,False,False,True,False,0.0,0.0,0.0,0.5696808510638298
soy chips,109,2.1,0.3,0.5,1.1,15.0,0.5,Fats & Oils,0.0,0.0,0.05,0.0,,,,,,,,,,,,,,,,,,,,,,,,True,True,True,False,False,False,False,0.0,0.0,0.01834862385321101,0.17339449541284405
green soybean raw,376,17.4,2.0,3.3,8.2,28.3,0.0,Fats & Oils,0.0,0.0,0.05,0.0,,,,,,,,,,,,,,,,,,,,,,,,True,True,True,False,False,False,False,0.0,0.0,0.0,0.41648936170212764
soy proteins concentrate,93,0.1,0.04,0.092,0.099,7.2,0.0,Fats & Oils,0.0,0.0,0.05,0.0,,,,,,,,,,,,,,,,,,,,,,,,True,True,True,False,False,False,False,0.0,0.0,0.0,0.00967741935483871
soybean margarine,34,3.8,0.8,1.8,1.0,0.043,0.0,Fats & Oils,0.0,0.0,0.05,0.0,,,,,,,,,,,,,,,,,,,,,,,,True,True,True,False,False,True,False,0.0,0.0,0.0,1.0058823529411764
chocolate soymilk nonfat,107,0.046,0.0,0.0,0.012,20.7,8.9,Fats & Oils,0.0,0.0,0.05,0.0,,,,,,,,,,,,,,,,,,,,,,,,False,True,True,False,False,False,False,0.0,0.0,0.33271028037383177,0.003869158878504673
okara,93,2.1,0.2,0.4,0.9,15.3,0.0,Fats & Oils,0.0,0.0,0.05,0.0,,,,,,,,,,,,,,,,,,,,,,,,True,True,True,False,False,False,False,0.0,0.0,0.0,0.20322580645161292
meatless meatballs,284,13.0,2.1,3.2,6.7,11.5,1.8,Fats & Oils,0.0,0.0,0.05,0.0,,,,,,,,,,,,,,,,,,,,,,,,False,False,False,True,False,True,False,0.0,0.0,0.02535211267605634,0.4119718309859155
vanilla soymilk,131,4.3,0.5,1.0,2.3,15.3,9.7,Fats & Oils,0.0,0.0,0.05,0.0,,,,,,,,,,,,,,,,,,,,,,,,False,True,True,False,False,False,False,0.0,0.0,0.2961832061068702,0.2954198473282442
soy meal raw,414,2.9,0.3,0.5,1.3,49.0,0.0,Fats & Oils,0.0,0.0,0.05,0.0,,,,,,,,,,,,,,,,,,,,,,,,True,True,True,False,False,False,False,0.0,0.0,0.0,0.06304347826086956
soymilk low fat,104,1.5,0.0,0.5,1.0,17.5,8.5,Fats & Oils,0.0,0.0,0.05,0.0,,,,,,,,,,,,,,,,,,,,,,,,False,True,True,False,False,False,False,0.0,0.0,0.3269230769230769,0.12980769230769232
sprouted soybean raw,85,4.7,0.7,1.1,2.6,6.7,0.0,Fats & Oils,0.0,0.0,0.05,0.0,,,,,,,,,,,,,,,,,,,,,,,,True,True,True,False,False,False,False,0.0,0.0,0.0,0.49764705882352944
soybean raw,830,37.1,5.4,8.2,20.9,56.1,13.6,Fats & Oils,0.0,0.0,0.05,0.0,,,,,,,,,,,,,,,,,,,,,,,,True,True,True,False,False,False,False,0.0,0.0,0.0655421686746988,0.40228915662650605
tempeh cooked,55,3.2,1.0,1.1,0.7,2.6,0.0,Fats & Oils,0.0,0.0,0.05,0.0,,,,,,,,,,,,,,,,,,,,,,,,True,True,True,False,False,True,False,0.0,0.0,0.0,0.5236363636363637
vanilla soymilk light,83,2.1,0.2,0.6,1.4,9.4,1.0,Fats & Oils,0.0,0.0,0.05,0.0,,,,,,,,,,,,,,,,,,,,,,,,False,True,True,False,False,False,False,0.0,0.0,0.04819277108433735,0.227710843373494
chocolate soymilk,153,3.7,0.6,0.9,2.0,24.2,19.1,Fats & Oils,0.0,0.0,0.05,0.0,,,,,,,,,,,,,,,,,,,,,,,,False,True,True,False,False,False,False,0.0,0.0,0.49934640522875823,0.21764705882352944
soy oil,120,13.6,3.4,8.3,1.3,0.0,0.0,Fats & Oils,0.0,0.0,0.05,0.0,,,,,,,,,,,,,,,,,,,,,,,,True,True,True,False,False,True,False,0.0,0.0,0.0,1.02
natto,169,8.8,1.3,1.9,5.0,11.5,3.9,Fats & Oils,0.0,0.0,0.05,0.0,,,,,,,,,,,,,,,,,,,,,,,,True,True,True,False,False,False,False,0.0,0.0,0.0923076923076923,0.4686390532544379
chrysanthemum raw,12,0.3,0.0,0.0,0.0,1.5,0.0,Fats & Oils,0.0,0.0,0.05,0.0,,,,,,,,,,,,,,,,,,,,,,,,True,True,True,False,False,True,False,0.0,0.0,0.0,0.22499999999999998
gourd cooked,100,0.6,0.035,0.1,0.3,25.5,9.2,Fats & Oils,0.0,0.0,0.05,0.0,,,,,,,,,,,,,,,,,,,,,,,,True,True,True,False,False,False,False,0.0,0.0,0.368,0.05399999999999999
cauliflower raw,3,0.081,0.094,0.061,0.07,0.6,0.2,Fats & Oils,0.0,0.0,0.05,0.0,,,,,,,,,,,,,,,,,,,,,,,,True,True,True,False,False,True,False,0.0,0.0,0.26666666666666666,0.243
red cabbage raw,53,0.3,0.002,0.028,0.1,12.5,6.5,Fats & Oils,0.0,0.0,0.05,0.0,,,,,,,,,,,,,,,,,,,,,,,,True,True,True,False,False,False,False,0.0,0.0,0.49056603773584906,0.05094339622641509
broccoli raab raw,9,0.2,0.047,0.027,0.097,1.1,0.2,Fats & Oils,0.0,0.0,0.05,0.0,,,,,,,,,,,,,,,,,,,,,,,,True,True,True,False,False,True,False,0.0,0.0,0.08888888888888889,0.2
napa cabbage cooked,13,0.2,0.0,0.0,0.0,2.4,0.0,Fats & Oils,0.0,0.0,0.05,0.0,,,,,,,,,,,,,,,,,,,,,,,,True,True,True,False,False,True,False,0.0,0.0,0.0,0.13846153846153847
kelp,2,0.067,0.037,0.064,0.044,0.5,0.069,Fats & Oils,0.0,0.0,0.05,0.0,,,,,,,,,,,,,,,,,,,,,,,,True,True,True,False,False,True,False,0.0,0.0,0.138,0.3015
shallots raw,18,0.061,0.041,0.015,0.074,4.2,2.0,Fats & Oils,0.0,0.0,0.05,0.0,,,,,,,,,,,,,,,,,,,,,,,,True,True,True,False,False,True,False,0.0,0.0,0.4444444444444444,0.030499999999999996
bamboo shoots raw,49,0.5,0.1,0.054,0.2,9.4,5.4,Fats & Oils,0.0,0.0,0.05,0.0,,,,,,,,,,,,,,,,,,,,,,,,True,True,True,False,False,False,False,0.0,0.0,0.44081632653061226,0.09183673469387756
jute cooked,32,0.2,0.004,0.022,0.022,6.3,0.9,Fats & Oils,0.0,0.0,0.05,0.0,,,,,,,,,,,,,,,,,,,,,,,,True,True,True,False,False,False,False,0.0,0.0,0.1125,0.05625
red lettuce,4,0.08,0.036,0.056,0.024,0.6,0.1,Fats & Oils,0.0,0.0,0.05,0.0,,,,,,,,,,,,,,,,,,,,,,,,True,True,True,False,False,True,False,0.0,0.0,0.1,0.18
broccoli cooked,98,1.1,0.2,0.1,0.5,20.1,3.9,Fats & Oils,0.0,0.0,0.05,0.0,,,,,,,,,,,,,,,,,,,,,,,,True,True,True,False,False,False,False,0.0,0.0,0.15918367346938775,0.10102040816326531
romanesco raw,20,0.2,0.038,0.085,0.006,3.9,1.9,Fats & Oils,0.0,0.0,0.05,0.0,,,,,,,,,,,,,,,,,,,,,,,,True,True,True,False,False,True,False,0.0,0.0,0.38,0.09
eggplant raw,115,0.8,0.2,0.047,0.3,26.9,16.2,Fats & Oils,0.0,0.0,0.05,0.0,,,,,,,,,,,,,,,,,,,,,,,,False,False,True,False,False,False,False,0.0,0.0,0.5634782608695652,0.06260869565217392
leeks raw,54,0.3,0.049,0.076,0.1,12.6,3.5,Fats & Oils,0.0,0.0,0.05,0.0,,,,,,,,,,,,,,,,,,,,,,,,True,True,True,False,False,False,False,0.0,0.0,0.25925925925925924,0.049999999999999996
lemongrass citronella,5,0.076,0.067,0.091,0.082,1.2,0.0,Fats & Oils,0.0,0.0,0.05,0.0,,,,,,,,,,,,,,,,,,,,,,,,True,True,True,False,False,True,False,0.0,0.0,0.0,0.13679999999999998
pumpkin cooked,49,0.2,0.019,0.1,0.085,12.0,5.1,Fats & Oils,0.0,0.0,0.05,0.0,,,,,,,,,,,,,,,,,,,,,,,,True,True,True,False,False,False,False,0.0,0.0,0.4163265306122449,0.036734693877551024
celery cooked,7,0.098,0.064,0.018,0.024,1.5,0.9,Fats & Oils,0.0,0.0,0.05,0.0,,,,,,,,,,,,,,,,,,,,,,,,True,True,True,False,False,True,False,0.0,0.0,0.5142857142857143,0.126
serrano pepper,2,0.075,0.072,0.002,0.028,0.4,0.2,Fats & Oils,0.0,0.0,0.05,0.0,,,,,,,,,,,,,,,,,,,,,,,,True,True,True,False,False,True,False,0.0,0.0,0.4,0.33749999999999997
nopales raw,14,0.063,0.018,0.039,0.044,2.9,1.0,Fats & Oils,0.0,0.0,0.05,0.0,,,,,,,,,,,,,,,,,,,,,,,,True,True,True,False,False,True,False,0.0,0.0,0.2857142857142857,0.040499999999999994
sweet potato leaves cooked,22,0.2,0.099,0.008,0.006,4.7,3.5,Fats & Oils,0.0,0.0,0.05,0.0,,,,,,,,,,,,,,,,,,,,,,,,True,True,True,False,False,True,False,0.0,0.0,0.6363636363636364,0.08181818181818182
eggplant cooked,33,0.2,0.049,0.056,0.09,8.1,3.2,Fats & Oils,0.0,0.0,0.05,0.0,,,,,,,,,,,,,,,,,,,,,,,,False,False,True,False,False,False,False,0.0,0.0,0.3878787878787879,0.05454545454545455
asparagus cooked,3,0.074,0.004,0.0,0.063,0.6,0.2,Fats & Oils,0.0,0.0,0.05,0.0,,,,,,,,,,,,,,,,,,,,,,,,True,True,True,False,False,True,False,0.0,0.0,0.26666666666666666,0.22199999999999998
rutabaga cooked,72,0.4,0.007,0.037,0.2,16.4,9.5,Fats & Oils,0.0,0.0,0.05,0.0,,,,,,,,,,,,,,,,,,,,,,,,True,True,True,False,False,False,False,0.0,0.0,0.5277777777777778,0.05
parsnips raw,128,0.5,0.1,0.2,0.023,30.6,8.2,Fats & Oils,0.0,0.0,0.05,0.0,,,,,,,,,,,,,,,,,,,,,,,,True,True,True,False,False,False,False,0.0,0.0,0.25625,0.03515625
sour pickles,17,0.3,0.079,0.018,0.1,3.5,1.6,Fats & Oils,0.0,0.0,0.05,0.0,,,,,,,,,,,,,,,,,,,,,,,,True,True,True,False,False,True,False,0.0,0.0,0.3764705882352941,0.1588235294117647
turnip greens cooked,29,0.3,0.091,0.065,0.1,6.3,0.8,Fats & Oils,0.0,0.0,0.05,0.0,,,,,,,,,,,,,,,,,,,,,,,,True,True,True,False,False,False,False,0.0,0.0,0.11034482758620691,0.09310344827586206
jerusalem artichokes,110,0.047,0.0,0.065,0.036,26.2,14.4,Fats & Oils,0.0,0.0,0.05,0.0,,,,,,,,,,,,,,,,,,,,,,,,True,True,True,False,False,False,False,0.0,0.0,0.5236363636363637,0.003845454545454545
collard raw,12,0.2,0.026,0.049,0.075,2.0,0.2,Fats & Oils,0.0,0.0,0.05,0.0,,,,,,,,,,,,,,,,,,,,,,,,False,False,False,True,False,True,False,0.0,0.0,0.06666666666666667,0.15
chrysanthemum cooked,20,0.036,0.0,0.0,0.0,4.3,2.0,Fats & Oils,0.0,0.0,0.05,0.0,,,,,,,,,,,,,,,,,,,,,,,,True,True,True,False,False,True,False,0.0,0.0,0.4,0.0162
oriental radish dried,314,0.8,0.3,0.1,0.4,73.5,43.3,Fats & Oils,0.0,0.0,0.05,0.0,,,,,,,,,,,,,,,,,,,,,,,,True,True,True,False,False,False,False,0.0,0.0,0.5515923566878981,0.022929936305732486
tomatillos,42,1.3,0.2,0.2,0.6,7.7,5.2,Fats & Oils,0.0,0.0,0.05,0.0,,,,,,,,,,,,,,,,,,,,,,,,True,True,True,False,False,False,False,0.0,0.0,0.49523809523809526,0.2785714285714286
taro shoots raw,9,0.069,0.016,0.071,0.042,2.0,0.0,Fats & Oils,0.0,0.0,0.05,0.0,,,,,,,,,,,,,,,,,,,,,,,,True,True,True,False,False,True,False,0.0,0.0,0.0,0.069
acorn squash raw,172,0.4,0.091,0.086,0.2,44.9,0.0,Fats & Oils,0.0,0.0,0.05,0.0,,,,,,,,,,,,,,,,,,,,,,,,True,True,True,False,False,False,False,0.0,0.0,0.0,0.020930232558139535
leeks dried,10,0.026,0.08,0.055,0.031,2.4,0.0,Fats & Oils,0.0,0.0,0.05,0.0,,,,,,,,,,,,,,,,,,,,,,,,True,True,True,False,False,True,False,0.0,0.0,0.0,0.023399999999999997
cabbage raw,70,0.3,0.054,0.066,0.021,16.2,9.0,Fats & Oils,0.0,0.0,0.05,0.0,,,,,,,,,,,,,,,,,,,,,,,,True,True,True,False,False,False,False,0.0,0.0,0.5142857142857142,0.03857142857142857
sweet red peppers cooked,19,0.1,0.012,0.094,0.087,4.5,3.2,Fats & Oils,0.0,0.0,0.05,0.0,,,,,,,,,,,,,,,,,,,,,,,,True,True,True,False,False,True,False,0.0,0.0,0.6736842105263158,0.04736842105263158
sweet red peppers raw,46,0.4,0.088,0.016,0.1,9.0,6.3,Fats & Oils,0.0,0.0,0.05,0.0,,,,,,,,,,,,,,,,,,,,,,,,True,True,True,False,False,False,False,0.0,0.0,0.5478260869565217,0.0782608695652174
cucumber peeled,16,0.2,0.1,0.068,0.087,2.9,1.8,Fats & Oils,0.0,0.0,0.05,0.0,,,,,,,,,,,,,,,,,,,,,,,,True,True,True,False,False,True,False,0.0,0.0,0.45,0.1125
purslane raw,9,0.2,0.0,0.0,0.0,1.5,0.0,Fats & Oils,0.0,0.0,0.05,0.0,,,,,,,,,,,,,,,,,,,,,,,,True,True,True,False,False,True,False,0.0,0.0,0.0,0.2
peas onions cooked,81,0.4,0.055,0.049,0.2,15.5,6.8,Fats & Oils,0.0,0.0,0.05,0.0,,,,,,,,,,,,,,,,,,,,,,,,True,True,True,False,False,False,False,0.0,0.0,0.3358024691358025,0.044444444444444446
tomato cooked,22,0.1,0.086,0.069,0.041,4.9,3.1,Fats & Oils,0.0,0.0,0.05,0.0,,,,,,,,,,,,,,,,,,,,,,,,True,True,True,False,False,True,False,0.0,0.0,0.5636363636363636,0.04090909090909091
taro shoots cooked,20,0.1,0.068,0.003,0.037,4.5,0.0,Fats & Oils,0.0,0.0,0.05,0.0,,,,,,,,,,,,,,,,,,,,,,,,True,True,True,False,False,True,False,0.0,0.0,0.0,0.045
scots kale raw,28,0.4,0.072,0.015,0.2,5.6,0.0,Fats & Oils,0.0,0.0,0.05,0.0,,,,,,,,,,,,,,,,,,,,,,,,True,True,True,False,False,True,False,0.0,0.0,0.0,0.1285714285714286
artichoke raw,60,0.2,0.056,0.019,0.01,13.5,1.3,Fats & Oils,0.0,0.0,0.05,0.0,,,,,,,,,,,,,,,,,,,,,,,,True,True,True,False,False,False,False,0.0,0.0,0.08666666666666667,0.030000000000000002
navy bean sprouts raw,70,0.7,0.05,0.042,0.4,13.6,0.0,Fats & Oils,0.0,0.0,0.05,0.0,,,,,,,,,,,,,,,,,,,,,,,,True,True,True,False,False,False,False,0.0,0.0,0.0,0.09
sweet pickles,146,0.7,0.1,0.021,0.2,33.8,29.2,Fats & Oils,0.0,0.0,0.05,0.0,,,,,,,,,,,,,,,,,,,,,,,,True,True,True,False,False,False,False,0.0,0.0,0.7999999999999999,0.043150684931506846
oriental radish cooked,25,0.4,0.1,0.026,0.2,5.0,2.7,Fats & Oils,0.0,0.0,0.05,0.0,,,,,,,,,,,,,,,,,,,,,,,,True,True,True,False,False,True,False,0.0,0.0,0.43200000000000005,0.14400000000000002
sweet potato leaves raw,15,0.2,0.088,0.045,0.049,3.1,0.0,Fats & Oils,0.0,0.0,0.05,0.0,,,,,,,,,,,,,,,,,,,,,,,,True,True,True,False,False,True,False,0.0,0.0,0.0,0.12000000000000001
irishmoss,2,0.049,0.06,0.096,0.091,0.6,0.098,Fats & Oils,0.0,0.0,0.05,0.0,,,,,,,,,,,,,,,,,,,,,,,,True,True,True,False,False,True,False,0.0,0.0,0.196,0.2205
drumstick leaves cooked,25,0.4,0.0,0.0,0.0,4.7,0.4,Fats & Oils,0.0,0.0,0.05,0.0,,,,,,,,,,,,,,,,,,,,,,,,True,True,True,False,False,True,False,0.0,0.0,0.064,0.14400000000000002
winter squash raw,39,0.2,0.019,0.089,0.086,10.0,2.6,Fats & Oils,0.0,0.0,0.05,0.0,,,,,,,,,,,,,,,,,,,,,,,,True,True,True,False,False,False,False,0.0,0.0,0.26666666666666666,0.046153846153846156
pumpkin raw,30,0.1,0.065,0.044,0.004,7.5,3.2,Fats & Oils,0.0,0.0,0.05,0.0,,,,,,,,,,,,,,,,,,,,,,,,True,True,True,False,False,False,False,0.0,0.0,0.4266666666666667,0.030000000000000002
chicory greens,7,0.096,0.078,0.06,0.018,1.4,0.2,Fats & Oils,0.0,0.0,0.05,0.0,,,,,,,,,,,,,,,,,,,,,,,,True,True,True,False,False,True,False,0.0,0.0,0.1142857142857143,0.12342857142857143
spinach cooked,41,0.5,0.042,0.01,0.2,6.8,0.8,Fats & Oils,0.0,0.0,0.05,0.0,,,,,,,,,,,,,,,,,,,,,,,,True,True,True,False,False,False,False,0.0,0.0,0.07804878048780488,0.10975609756097561
radish pickled,42,0.5,0.1,0.068,0.2,7.8,3.0,Fats & Oils,0.0,0.0,0.05,0.0,,,,,,,,,,,,,,,,,,,,,,,,True,True,True,False,False,False,False,0.0,0.0,0.2857142857142857,0.10714285714285714
sweet onion,106,0.3,0.0,0.0,0.0,25.0,16.6,Fats & Oils,0.0,0.0,0.05,0.0,,,,,,,,,,,,,,,,,,,,,,,,True,True,True,False,False,False,False,0.0,0.0,0.6264150943396227,0.025471698113207545
salsify cooked,92,0.2,0.0,0.0,0.0,20.7,3.9,Fats & Oils,0.0,0.0,0.05,0.0,,,,,,,,,,,,,,,,,,,,,,,,True,True,True,False,False,False,False,0.0,0.0,0.16956521739130434,0.01956521739130435
radish seeds sprouted,16,1.0,0.3,0.2,0.4,1.4,0.0,Fats & Oils,14.0,5.0,0.05,0.0,,,,,,,,,,,,,,,,,,,,,,,,True,True,True,False,True,True,True,3.5,31.25,0.0,0.5625
turnips raw,51,0.2,0.074,0.098,0.04,11.8,7.0,Fats & Oils,0.0,0.0,0.05,0.0,,,,,,,,,,,,,,,,,,,,,,,,True,True,True,False,False,False,False,0.0,0.0,0.5490196078431373,0.03529411764705882
burdock root raw,85,0.2,0.069,0.056,0.094,20.5,3.4,Fats & Oils,0.0,0.0,0.05,0.0,,,,,,,,,,,,,,,,,,,,,,,,True,True,True,False,False,False,False,0.0,0.0,0.16,0.021176470588235293
red cabbage cooked,49,0.2,0.058,0.001,0.095,11.8,5.6,Fats & Oils,0.0,0.0,0.05,0.0,,,,,,,,,,,,,,,,,,,,,,,,True,True,True,False,False,False,False,0.0,0.0,0.45714285714285713,0.036734693877551024
jute raw,10,0.046,0.0,0.026,0.08,1.6,0.0,Fats & Oils,0.0,0.0,0.05,0.0,,,,,,,,,,,,,,,,,,,,,,,,True,True,True,False,False,True,False,0.0,0.0,0.0,0.0414
hot chile pepper dried,2,0.054,0.001,0.011,0.077,0.3,0.2,Fats & Oils,0.0,0.0,0.05,0.0,,,,,,,,,,,,,,,,,,,,,,,,True,True,True,False,False,True,False,0.0,0.0,0.4,0.243
salsify raw,109,0.3,0.0,0.0,0.0,24.7,0.0,Fats & Oils,0.0,0.0,0.05,0.0,,,,,,,,,,,,,,,,,,,,,,,,True,True,True,False,False,False,False,0.0,0.0,0.0,0.02477064220183486
crookneck squash raw,24,0.3,0.1,0.057,0.1,4.9,4.5,Fats & Oils,0.0,0.0,0.05,0.0,,,,,,,,,,,,,,,,,,,,,,,,True,True,True,False,False,True,False,0.0,0.0,0.75,0.11249999999999999
indian squash cooked,38,0.4,0.0,0.0,0.0,7.6,4.7,Fats & Oils,0.0,0.0,0.05,0.0,,,,,,,,,,,,,,,,,,,,,,,,True,True,True,False,False,False,False,0.0,0.0,0.4947368421052632,0.09473684210526316
poi,269,0.3,0.063,0.058,0.1,65.4,0.9,Fats & Oils,0.0,0.0,0.05,0.0,,,,,,,,,,,,,,,,,,,,,,,,True,True,True,False,False,False,False,0.0,0.0,0.013382899628252789,0.01003717472118959
sesbania flower cooked,22,0.007,0.0,0.0,0.0,5.3,0.0,Fats & Oils,0.0,0.0,0.05,0.0,,,,,,,,,,,,,,,,,,,,,,,,True,True,True,False,False,True,False,0.0,0.0,0.0,0.0028636363636363638
acorn squash cooked,115,0.3,0.023,0.072,0.1,29.9,0.0,Fats & Oils,0.0,0.0,0.05,0.0,,,,,,,,,,,,,,,,,,,,,,,,True,True,True,False,False,False,False,0.0,0.0,0.0,0.023478260869565216
cauliflower cooked,29,0.6,0.055,0.019,0.3,5.1,2.6,Fats & Oils,0.0,0.0,0.05,0.0,,,,,,,,,,,,,,,,,,,,,,,,True,True,True,False,False,True,False,0.0,0.0,0.3586206896551724,0.18620689655172412
crookneck squash cooked,34,0.7,0.1,0.089,0.2,6.8,4.5,Fats & Oils,0.0,0.0,0.05,0.0,,,,,,,,,,,,,,,,,,,,,,,,True,True,True,False,False,False,False,0.0,0.0,0.5294117647058824,0.18529411764705883
laver seaweed,1,0.012,0.066,0.045,0.052,0.1,0.071,Fats & Oils,0.0,0.0,0.05,0.0,,,,,,,,,,,,,,,,,,,,,,,,True,True,True,False,False,True,False,0.0,0.0,0.284,0.108
mountain yam cooked,119,0.1,0.014,0.007,0.099,29.0,0.0,Fats & Oils,0.0,0.0,0.05,0.0,,,,,,,,,,,,,,,,,,,,,,,,True,True,True,False,False,False,False,0.0,0.0,0.0,0.007563025210084034
pumpkin flowers raw,5,0.084,0.049,0.099,0.05,1.1,0.0,Fats & Oils,0.0,0.0,0.05,0.0,,,,,,,,,,,,,,,,,,,,,,,,True,True,True,False,False,True,False,0.0,0.0,0.0,0.1512
mustard greens raw,15,0.2,0.072,0.071,0.035,2.6,0.7,Fats & Oils,0.0,0.0,0.05,0.0,,,,,,,,,,,,,,,,,,,,,,,,True,True,True,False,False,True,False,0.0,0.0,0.18666666666666665,0.12000000000000001
arrowhead,12,0.084,0.0,0.0,0.0,2.4,0.0,Fats & Oils,0.0,0.0,0.05,0.0,,,,,,,,,,,,,,,,,,,,,,,,True,True,True,False,False,True,False,0.0,0.0,0.0,0.063
japanese cabbage,45,0.2,0.092,0.081,0.092,8.5,2.0,Fats & Oils,0.0,0.0,0.05,0.0,,,,,,,,,,,,,,,,,,,,,,,,True,True,True,False,False,False,False,0.0,0.0,0.17777777777777778,0.04
mung bean sprouts cooked,24,0.1,0.05,0.007,0.062,4.5,3.5,Fats & Oils,0.0,0.0,0.05,0.0,,,,,,,,,,,,,,,,,,,,,,,,True,True,True,False,False,True,False,0.0,0.0,0.5833333333333334,0.0375
scallop squash cooked,29,0.3,0.034,0.081,0.1,5.9,2.7,Fats & Oils,0.0,0.0,0.05,0.0,,,,,,,,,,,,,,,,,,,,,,,,True,True,True,False,False,True,False,0.0,0.0,0.3724137931034483,0.09310344827586206
pumpkin leaves cooked,15,0.2,0.092,0.017,0.093,2.4,0.5,Fats & Oils,0.0,0.0,0.05,0.0,,,,,,,,,,,,,,,,,,,,,,,,True,True,True,False,False,True,False,0.0,0.0,0.13333333333333333,0.12000000000000001
hungarian pepper,8,0.1,0.082,0.086,0.099,1.8,1.0,Fats & Oils,0.0,0.0,0.05,0.0,,,,,,,,,,,,,,,,,,,,,,,,True,True,True,False,False,True,False,0.0,0.0,0.5,0.1125
sweet potato baked,103,0.2,0.013,0.072,0.1,23.6,7.4,Fats & Oils,0.0,0.0,0.05,0.0,,,,,,,,,,,,,,,,,,,,,,,,True,True,True,False,False,False,False,0.0,0.0,0.28737864077669906,0.017475728155339806
chinese cabbage pe tsai raw,12,0.2,0.033,0.087,0.004,2.5,1.1,Fats & Oils,0.0,0.0,0.05,0.0,,,,,,,,,,,,,,,,,,,,,,,,True,True,True,False,False,True,False,0.0,0.0,0.3666666666666667,0.15
taro raw,116,0.2,0.099,0.062,0.01,27.5,0.4,Fats & Oils,0.0,0.0,0.05,0.0,,,,,,,,,,,,,,,,,,,,,,,,True,True,True,False,False,False,False,0.0,0.0,0.013793103448275864,0.015517241379310345
yam bean jicama,49,0.1,0.061,0.088,0.093,11.5,2.3,Fats & Oils,0.0,0.0,0.05,0.0,,,,,,,,,,,,,,,,,,,,,,,,True,True,True,False,False,False,False,0.0,0.0,0.1877551020408163,0.018367346938775512
olives,10,0.9,0.2,0.6,0.043,0.5,0.0,Fats & Oils,0.0,0.0,0.05,0.0,,,,,,,,,,,,,,,,,,,,,,,,True,True,True,False,False,True,False,0.0,0.0,0.0,0.8099999999999999
mustard greens cooked,36,0.7,0.053,0.2,0.008,6.3,2.0,Fats & Oils,0.0,0.0,0.05,0.0,,,,,,,,,,,,,,,,,,,,,,,,True,True,True,False,False,False,False,0.0,0.0,0.2222222222222222,0.175
pumpkin flowers cooked,20,0.1,0.057,0.007,0.084,4.4,3.2,Fats & Oils,0.0,0.0,0.05,0.0,,,,,,,,,,,,,,,,,,,,,,,,True,True,True,False,False,True,False,0.0,0.0,0.64,0.045
tree fern cooked,57,0.096,0.0,0.0,0.0,15.3,0.0,Fats & Oils,0.0,0.0,0.05,0.0,,,,,,,,,,,,,,,,,,,,,,,,True,True,True,False,False,False,False,0.0,0.0,0.0,0.015157894736842105
yellow corn raw,606,7.9,1.1,2.1,3.6,123.3,1.1,Fats & Oils,0.0,0.0,0.05,0.0,,,,,,,,,,,,,,,,,,,,,,,,True,True,True,False,False,False,False,0.0,0.0,0.007260726072607262,0.11732673267326735
endive,9,0.1,0.022,0.044,0.072,1.7,0.1,Fats & Oils,0.0,0.0,0.05,0.0,,,,,,,,,,,,,,,,,,,,,,,,True,True,True,False,False,True,False,0.0,0.0,0.044444444444444446,0.1
wakame,36,0.5,0.1,0.002,0.2,7.3,0.5,Fats & Oils,0.0,0.0,0.05,0.0,,,,,,,,,,,,,,,,,,,,,,,,True,True,True,False,False,False,False,0.0,0.0,0.05555555555555555,0.125
tahitian taro raw,55,1.2,0.2,0.022,0.5,8.6,0.0,Fats & Oils,0.0,0.0,0.05,0.0,,,,,,,,,,,,,,,,,,,,,,,,True,True,True,False,False,False,False,0.0,0.0,0.0,0.19636363636363635
broccoli raw,31,0.3,0.053,0.028,0.015,6.0,1.5,Fats & Oils,0.0,0.0,0.05,0.0,,,,,,,,,,,,,,,,,,,,,,,,True,True,True,False,False,True,False,0.0,0.0,0.1935483870967742,0.08709677419354837
sweet green peppers raw,30,0.3,0.053,0.043,0.037,6.9,3.6,Fats & Oils,0.0,0.0,0.05,0.0,,,,,,,,,,,,,,,,,,,,,,,,True,True,True,False,False,False,False,0.0,0.0,0.48000000000000004,0.09
chinese cabbage pak choi cooked,20,0.3,0.014,0.046,0.1,3.0,1.4,Fats & Oils,0.0,0.0,0.05,0.0,,,,,,,,,,,,,,,,,,,,,,,,True,True,True,False,False,True,False,0.0,0.0,0.27999999999999997,0.13499999999999998
agar,1,0.058,0.087,0.01,0.028,0.3,0.005,Fats & Oils,0.0,0.0,0.05,0.0,,,,,,,,,,,,,,,,,,,,,,,,True,True,True,False,False,True,False,0.0,0.0,0.02,0.522
watercress,4,0.006,0.071,0.027,0.0,0.4,0.099,Fats & Oils,0.0,0.0,0.05,0.0,,,,,,,,,,,,,,,,,,,,,,,,True,True,True,False,False,True,False,0.0,0.0,0.099,0.0135
beet greens cooked,39,0.3,0.025,0.067,0.1,7.9,0.9,Fats & Oils,0.0,0.0,0.05,0.0,,,,,,,,,,,,,,,,,,,,,,,,True,True,True,False,False,False,False,0.0,0.0,0.09230769230769231,0.06923076923076922
winter squash cooked,76,0.7,0.1,0.083,0.3,18.1,6.8,Fats & Oils,0.0,0.0,0.05,0.0,,,,,,,,,,,,,,,,,,,,,,,,True,True,True,False,False,False,False,0.0,0.0,0.35789473684210527,0.08289473684210526
new zealand spinach raw,8,0.1,0.077,0.078,0.043,1.4,0.2,Fats & Oils,0.0,0.0,0.05,0.0,,,,,,,,,,,,,,,,,,,,,,,,True,True,True,False,False,True,False,0.0,0.0,0.1,0.1125
okra,4,0.082,0.001,0.019,0.053,0.9,0.2,Fats & Oils,0.0,0.0,0.05,0.0,,,,,,,,,,,,,,,,,,,,,,,,True,True,True,False,False,True,False,0.0,0.0,0.2,0.1845
yautia tannier,132,0.5,0.1,0.0,0.0,31.9,0.0,Fats & Oils,0.0,0.0,0.05,0.0,,,,,,,,,,,,,,,,,,,,,,,,True,True,True,False,False,False,False,0.0,0.0,0.0,0.03409090909090909
mustard spinach cooked,29,0.4,0.0,0.0,0.0,5.0,0.0,Fats & Oils,0.0,0.0,0.05,0.0,,,,,,,,,,,,,,,,,,,,,,,,True,True,True,False,False,True,False,0.0,0.0,0.0,0.12413793103448276
rhubarb cooked,278,0.1,0.08,0.009,0.067,74.9,68.9,Fats & Oils,0.0,0.0,0.05,0.0,,,,,,,,,,,,,,,,,,,,,,,,True,True,True,False,False,False,False,0.0,0.0,0.9913669064748202,0.003237410071942446
beets raw,58,0.2,0.028,0.032,0.067,13.0,9.2,Fats & Oils,0.0,0.0,0.05,0.0,,,,,,,,,,,,,,,,,,,,,,,,True,True,True,False,False,False,False,0.0,0.0,0.6344827586206896,0.03103448275862069
drumstick pods raw,37,0.2,0.025,0.1,0.037,8.5,0.0,Fats & Oils,0.0,0.0,0.05,0.0,,,,,,,,,,,,,,,,,,,,,,,,True,True,True,False,False,False,False,0.0,0.0,0.0,0.04864864864864865
baby zucchini,2,0.089,0.02,0.047,0.006,0.3,0.0,Fats & Oils,0.0,0.0,0.05,0.0,,,,,,,,,,,,,,,,,,,,,,,,True,True,True,False,False,True,False,0.0,0.0,0.0,0.40049999999999997
onion raw,16,0.048,0.077,0.091,0.007,3.7,1.7,Fats & Oils,0.0,0.0,0.05,0.0,,,,,,,,,,,,,,,,,,,,,,,,True,True,True,False,False,True,False,0.0,0.0,0.425,0.027
romanesco cooked,39,0.4,0.028,0.077,0.2,7.7,0.0,Fats & Oils,0.0,0.0,0.05,0.0,,,,,,,,,,,,,,,,,,,,,,,,True,True,True,False,False,False,False,0.0,0.0,0.0,0.09230769230769231
butternut squash raw,90,0.2,0.044,0.046,0.019,23.4,4.4,Fats & Oils,14.0,5.0,0.05,30.0,,,,,,,,,,,,,,,,,,,,,,,,False,True,True,False,True,False,True,0.6222222222222222,5.555555555555555,0.19555555555555557,0.02
amaranth leaves,6,0.075,0.072,0.033,0.025,1.1,0.0,Fats & Oils,0.0,0.0,0.05,0.0,,,,,,,,,,,,,,,,,,,,,,,,True,True,True,False,False,True,False,0.0,0.0,0.0,0.11249999999999999
turnip greens raw,18,0.2,0.009,0.04,0.066,3.9,0.4,Fats & Oils,0.0,0.0,0.05,0.0,,,,,,,,,,,,,,,,,,,,,,,,True,True,True,False,False,True,False,0.0,0.0,0.08888888888888889,0.1
spaghetti squash raw,31,0.6,0.1,0.026,0.2,7.0,2.8,Fats & Oils,0.0,0.0,0.05,0.0,,,,,,,,,,,,,,,,,,,,,,,,True,True,True,False,False,False,False,0.0,0.0,0.36129032258064514,0.17419354838709675
seaweed dry,52,0.3,0.006,0.076,0.2,9.2,0.0,Fats & Oils,0.0,0.0,0.05,0.0,,,,,,,,,,,,,,,,,,,,,,,,True,True,True,False,False,False,False,0.0,0.0,0.0,0.05192307692307692
yam cooked,158,0.2,0.061,0.018,0.059,37.4,0.7,Fats & Oils,0.0,0.0,0.05,0.0,,,,,,,,,,,,,,,,,,,,,,,,True,True,True,False,False,False,False,0.0,0.0,0.01772151898734177,0.01139240506329114
corn dried,119,3.0,0.6,1.1,1.3,18.8,6.0,Fats & Oils,0.0,0.0,0.05,0.0,,,,,,,,,,,,,,,,,,,,,,,,True,True,True,False,False,False,False,0.0,0.0,0.20168067226890757,0.226890756302521
cucumber,23,0.2,0.068,0.044,0.041,5.4,2.5,Fats & Oils,0.0,0.0,0.05,0.0,,,,,,,,,,,,,,,,,,,,,,,,True,True,True,False,False,True,False,0.0,0.0,0.43478260869565216,0.0782608695652174
arrowroot,78,0.2,0.094,0.083,0.1,16.1,0.0,Fats & Oils,0.0,0.0,0.05,0.0,,,,,,,,,,,,,,,,,,,,,,,,True,True,True,False,False,False,False,0.0,0.0,0.0,0.023076923076923078
cardoon raw,30,0.2,0.072,0.05,0.054,7.2,0.0,Fats & Oils,0.0,0.0,0.05,0.0,,,,,,,,,,,,,,,,,,,,,,,,True,True,True,False,False,False,False,0.0,0.0,0.0,0.060000000000000005
bamboo shoots cooked,14,0.3,0.007,0.059,0.1,2.3,0.0,Fats & Oils,0.0,0.0,0.05,0.0,,,,,,,,,,,,,,,,,,,,,,,,True,True,True,False,False,True,False,0.0,0.0,0.0,0.19285714285714284
summer squash raw,42,0.5,0.1,0.048,0.2,8.7,5.7,Fats & Oils,0.0,0.0,0.05,0.0,,,,,,,,,,,,,,,,,,,,,,,,True,True,True,False,False,False,False,0.0,0.0,0.5428571428571429,0.10714285714285714
sweet potato raw,112,0.002,0.036,0.008,0.015,26.2,5.4,Fats & Oils,0.0,0.0,0.05,0.0,,,,,,,,,,,,,,,,,,,,,,,,True,True,True,False,False,False,False,0.0,0.0,0.19285714285714287,0.00016071428571428573
green tomato,42,0.4,0.024,0.018,0.1,9.3,7.3,Fats & Oils,0.0,0.0,0.05,0.0,,,,,,,,,,,,,,,,,,,,,,,,True,True,True,False,False,False,False,0.0,0.0,0.6952380952380952,0.08571428571428572
beet greens raw,8,0.078,0.026,0.037,0.015,1.6,0.2,Fats & Oils,0.0,0.0,0.05,0.0,,,,,,,,,,,,,,,,,,,,,,,,True,True,True,False,False,True,False,0.0,0.0,0.1,0.08775
savoy cabbage cooked,41,0.2,0.076,0.023,0.003,9.2,0.0,Fats & Oils,0.0,0.0,0.05,0.0,,,,,,,,,,,,,,,,,,,,,,,,True,True,True,False,False,False,False,0.0,0.0,0.0,0.04390243902439025
witloof chicory,9,0.031,0.076,0.077,0.027,2.1,0.0,Fats & Oils,0.0,0.0,0.05,0.0,,,,,,,,,,,,,,,,,,,,,,,,True,True,True,False,False,True,False,0.0,0.0,0.0,0.031000000000000003
turnips cooked,34,0.1,0.082,0.089,0.076,7.9,4.7,Fats & Oils,0.0,0.0,0.05,0.0,,,,,,,,,,,,,,,,,,,,,,,,True,True,True,False,False,False,False,0.0,0.0,0.5529411764705883,0.026470588235294117
dried tomatoes,5,0.053,0.032,0.032,0.086,1.1,0.8,Fats & Oils,0.0,0.0,0.05,0.0,,,,,,,,,,,,,,,,,,,,,,,,True,True,True,False,False,True,False,0.0,0.0,0.64,0.0954
radicchio,15,0.2,0.031,0.048,0.024,2.9,0.4,Fats & Oils,0.0,0.0,0.05,0.0,,,,,,,,,,,,,,,,,,,,,,,,True,True,True,False,False,True,False,0.0,0.0,0.10666666666666667,0.12000000000000001
mixed vegetables cooked,118,0.3,0.0,0.09,0.1,23.8,5.7,Fats & Oils,0.0,0.0,0.05,0.0,,,,,,,,,,,,,,,,,,,,,,,,True,True,True,False,False,False,False,0.0,0.0,0.19322033898305085,0.022881355932203386
yellow tomato,32,0.6,0.03,0.003,0.2,6.3,0.0,Fats & Oils,0.0,0.0,0.05,0.0,,,,,,,,,,,,,,,,,,,,,,,,True,True,True,False,False,False,False,0.0,0.0,0.0,0.16874999999999998
cardoon cooked,26,0.1,0.014,0.058,0.092,6.4,0.0,Fats & Oils,0.0,0.0,0.05,0.0,,,,,,,,,,,,,,,,,,,,,,,,True,True,True,False,False,False,False,0.0,0.0,0.0,0.03461538461538462
spinach raw,7,0.1,0.024,0.049,0.087,1.1,0.1,Fats & Oils,0.0,0.0,0.05,0.0,,,,,,,,,,,,,,,,,,,,,,,,True,True,True,False,False,True,False,0.0,0.0,0.05714285714285715,0.1285714285714286
kale raw,7,0.3,0.057,0.014,0.1,0.9,0.2,Fats & Oils,0.0,0.0,0.05,0.0,,,,,,,,,,,,,,,,,,,,,,,,True,True,True,False,False,True,False,0.0,0.0,0.1142857142857143,0.3857142857142857
drumstick pods cooked,42,0.2,0.0,0.0,0.0,9.7,0.0,Fats & Oils,0.0,0.0,0.05,0.0,,,,,,,,,,,,,,,,,,,,,,,,True,True,True,False,False,False,False,0.0,0.0,0.0,0.04285714285714286
kohlrabi raw,72,0.3,0.007,0.072,0.1,16.4,6.9,Fats & Oils,0.0,0.0,0.05,0.0,,,,,,,,,,,,,,,,,,,,,,,,True,True,True,False,False,False,False,0.0,0.0,0.38333333333333336,0.0375
lentil sprouts,82,0.4,0.067,0.053,0.2,17.0,0.0,Fats & Oils,0.0,0.0,0.05,0.0,,,,,,,,,,,,,,,,,,,,,,,,True,True,True,False,False,False,False,0.0,0.0,0.0,0.04390243902439025
carrots raw,25,0.1,0.046,0.043,0.069,5.8,2.9,Fats & Oils,0.0,0.0,0.05,0.0,,,,,,,,,,,,,,,,,,,,,,,,True,True,True,False,False,True,False,0.0,0.0,0.46399999999999997,0.036000000000000004
red chili peppers,18,0.2,0.088,0.05,0.1,4.0,2.4,Fats & Oils,0.0,0.0,0.05,0.0,,,,,,,,,,,,,,,,,,,,,,,,True,True,True,False,False,True,False,0.0,0.0,0.5333333333333333,0.1
fennel,73,0.5,0.0,0.0,0.0,17.1,0.0,Fats & Oils,0.0,0.0,0.05,0.0,,,,,,,,,,,,,,,,,,,,,,,,True,True,True,False,False,False,False,0.0,0.0,0.0,0.06164383561643835
sweet corn white,63,0.9,0.1,0.3,0.4,13.9,2.4,Fats & Oils,0.0,0.0,0.05,0.0,,,,,,,,,,,,,,,,,,,,,,,,True,True,True,False,False,False,False,0.0,0.0,0.15238095238095237,0.12857142857142856
celeriac raw,66,0.5,0.1,0.052,0.2,14.4,2.5,Fats & Oils,0.0,0.0,0.05,0.0,,,,,,,,,,,,,,,,,,,,,,,,True,True,True,False,False,False,False,0.0,0.0,0.15151515151515152,0.06818181818181818
hubbard squash raw,46,0.6,0.1,0.096,0.2,10.1,4.6,Fats & Oils,0.0,0.0,0.05,0.0,,,,,,,,,,,,,,,,,,,,,,,,True,True,True,False,False,False,False,0.0,0.0,0.39999999999999997,0.11739130434782608
brussels sprouts cooked,8,0.1,0.099,0.044,0.062,1.5,0.4,Fats & Oils,0.0,0.0,0.05,0.0,,,,,,,,,,,,,,,,,,,,,,,,True,True,True,False,False,True,False,0.0,0.0,0.2,0.1125
carrots cooked,16,0.092,0.096,0.074,0.008,3.8,1.6,Fats & Oils,0.0,0.0,0.05,0.0,,,,,,,,,,,,,,,,,,,,,,,,True,True,True,False,False,True,False,0.0,0.0,0.4,0.05175
lambs quarters raw,0,0.067,0.0,0.0,0.0,0.069,0.0,Fats & Oils,0.0,0.0,0.05,0.0,,,,,,,,,,,,,,,,,,,,,,,,False,False,False,True,False,True,False,0.0,0.0,0.0,0.603
lotus root cooked,6,0.056,0.029,0.092,0.016,1.4,0.0,Fats & Oils,0.0,0.0,0.05,0.0,,,,,,,,,,,,,,,,,,,,,,,,True,True,True,False,False,True,False,0.0,0.0,0.0,0.084
split peas raw,672,2.3,0.3,0.5,1.0,118.9,15.8,Fats & Oils,0.0,0.0,0.05,0.0,,,,,,,,,,,,,,,,,,,,,,,,True,True,True,False,False,False,False,0.0,0.0,0.09404761904761905,0.030803571428571427
scots kale cooked,36,0.5,0.014,0.0,0.3,7.3,0.0,Fats & Oils,0.0,0.0,0.05,0.0,,,,,,,,,,,,,,,,,,,,,,,,True,True,True,False,False,False,False,0.0,0.0,0.0,0.125
corn cooked,99,1.5,0.2,0.4,0.6,21.6,4.7,Fats & Oils,0.0,0.0,0.05,0.0,,,,,,,,,,,,,,,,,,,,,,,,True,True,True,False,False,False,False,0.0,0.0,0.1898989898989899,0.13636363636363635
radish raw,1,0.026,0.084,0.086,0.021,0.2,0.066,Fats & Oils,0.0,0.0,0.05,0.0,,,,,,,,,,,,,,,,,,,,,,,,True,True,True,False,False,True,False,0.0,0.0,0.264,0.23399999999999999
stinging nettles,37,0.007,0.0,0.0,0.0,6.7,0.2,Fats & Oils,0.0,0.0,0.05,0.0,,,,,,,,,,,,,,,,,,,,,,,,True,True,True,False,False,False,False,0.0,0.0,0.021621621621621623,0.0017027027027027026
baby carrots,5,0.053,0.015,0.043,0.002,1.2,0.7,Fats & Oils,0.0,0.0,0.05,0.0,,,,,,,,,,,,,,,,,,,,,,,,True,True,True,False,False,True,False,0.0,0.0,0.5599999999999999,0.0954
sweet yellow peppers,50,0.4,0.012,0.0,0.0,11.8,0.0,Fats & Oils,0.0,0.0,0.05,0.0,,,,,,,,,,,,,,,,,,,,,,,,True,True,True,False,False,False,False,0.0,0.0,0.0,0.07200000000000001
taro leaves raw,12,0.2,0.013,0.075,0.043,1.9,0.8,Fats & Oils,0.0,0.0,0.05,0.0,,,,,,,,,,,,,,,,,,,,,,,,True,True,True,False,False,True,False,0.0,0.0,0.26666666666666666,0.15
corn raw,123,1.9,0.5,0.6,0.7,26.7,9.0,Fats & Oils,0.0,0.0,0.05,0.0,,,,,,,,,,,,,,,,,,,,,,,,True,True,True,False,False,False,False,0.0,0.0,0.2926829268292683,0.13902439024390242
roselle,28,0.4,0.0,0.0,0.0,6.4,0.0,Fats & Oils,0.0,0.0,0.05,0.0,,,,,,,,,,,,,,,,,,,,,,,,True,True,True,False,False,False,False,0.0,0.0,0.0,0.1285714285714286
drumstick leaves raw,13,0.3,0.0,0.0,0.0,1.7,0.0,Fats & Oils,0.0,0.0,0.05,0.0,,,,,,,,,,,,,,,,,,,,,,,,True,True,True,False,False,True,False,0.0,0.0,0.0,0.20769230769230768
scallop squash raw,23,0.3,0.097,0.018,0.1,5.0,3.1,Fats & Oils,0.0,0.0,0.05,0.0,,,,,,,,,,,,,,,,,,,,,,,,True,True,True,False,False,True,False,0.0,0.0,0.5391304347826087,0.11739130434782608
chicory roots,65,0.2,0.052,0.054,0.041,15.8,7.9,Fats & Oils,0.0,0.0,0.05,0.0,,,,,,,,,,,,,,,,,,,,,,,,True,True,True,False,False,False,False,0.0,0.0,0.48615384615384616,0.027692307692307693
brussels sprouts raw,8,0.077,0.072,0.028,0.026,1.7,0.4,Fats & Oils,0.0,0.0,0.05,0.0,,,,,,,,,,,,,,,,,,,,,,,,True,True,True,False,False,True,False,0.0,0.0,0.2,0.086625
kale cooked,42,1.4,0.2,0.1,0.8,6.3,1.4,Fats & Oils,0.0,0.0,0.05,0.0,,,,,,,,,,,,,,,,,,,,,,,,True,True,True,False,False,False,False,0.0,0.0,0.13333333333333333,0.3
pupusas con frijoles,289,11.4,2.8,3.8,3.7,39.7,1.6,Fats & Oils,0.0,0.0,0.05,0.0,,,,,,,,,,,,,,,,,,,,,,,,True,True,True,False,False,False,False,0.0,0.0,0.022145328719723186,0.35501730103806234
mustard cabbage,36,0.1,0.016,0.057,0.033,7.2,1.8,Fats & Oils,0.0,0.0,0.05,0.0,,,,,,,,,,,,,,,,,,,,,,,,True,True,True,False,False,False,False,0.0,0.0,0.2,0.025
gourd raw,19,0.2,0.07,0.076,0.041,4.1,1.9,Fats & Oils,0.0,0.0,0.05,0.0,,,,,,,,,,,,,,,,,,,,,,,,True,True,True,False,False,True,False,0.0,0.0,0.39999999999999997,0.09473684210526316
butternut squash cooked,80,0.2,0.013,0.076,0.036,21.0,3.9,Fats & Oils,14.0,5.0,0.05,30.0,,,,,,,,,,,,,,,,,,,,,,,,False,True,True,False,True,False,True,0.7,6.25,0.195,0.0225
burdock root cooked,146,0.2,0.0,0.0,0.0,35.1,5.9,Fats & Oils,0.0,0.0,0.05,0.0,,,,,,,,,,,,,,,,,,,,,,,,True,True,True,False,False,False,False,0.0,0.0,0.16164383561643836,0.012328767123287671
cassava,330,0.6,0.2,0.2,0.061,78.4,3.5,Fats & Oils,0.0,0.0,0.05,0.0,,,,,,,,,,,,,,,,,,,,,,,,True,True,True,False,False,False,False,0.0,0.0,0.04242424242424243,0.01636363636363636
peas carrots cooked,77,0.7,0.1,0.004,0.3,16.2,7.0,Fats & Oils,0.0,0.0,0.05,0.0,,,,,,,,,,,,,,,,,,,,,,,,True,True,True,False,False,False,False,0.0,0.0,0.36363636363636365,0.08181818181818182
romaine lettuce,8,0.1,0.049,0.085,0.079,1.5,0.6,Fats & Oils,0.0,0.0,0.05,0.0,,,,,,,,,,,,,,,,,,,,,,,,True,True,True,False,False,True,False,0.0,0.0,0.3,0.1125
yam raw,177,0.3,0.067,0.019,0.1,41.8,0.8,Fats & Oils,0.0,0.0,0.05,0.0,,,,,,,,,,,,,,,,,,,,,,,,True,True,True,False,False,False,False,0.0,0.0,0.01807909604519774,0.015254237288135592
chowchow pickles,296,2.2,0.4,0.4,1.0,65.3,58.5,Fats & Oils,0.0,0.0,0.05,0.0,,,,,,,,,,,,,,,,,,,,,,,,True,True,True,False,False,False,False,0.0,0.0,0.7905405405405406,0.06689189189189189
prairie turnips raw,20,0.029,0.0,0.0,0.0,4.5,0.1,Fats & Oils,0.0,0.0,0.05,0.0,,,,,,,,,,,,,,,,,,,,,,,,True,True,True,False,False,True,False,0.0,0.0,0.02,0.01305
savoy cabbage raw,19,0.017,0.091,0.008,0.014,4.3,1.6,Fats & Oils,0.0,0.0,0.05,0.0,,,,,,,,,,,,,,,,,,,,,,,,True,True,True,False,False,True,False,0.0,0.0,0.3368421052631579,0.00805263157894737
celery raw,6,0.045,0.005,0.033,0.091,1.2,0.5,Fats & Oils,0.0,0.0,0.05,0.0,,,,,,,,,,,,,,,,,,,,,,,,True,True,True,False,False,True,False,0.0,0.0,0.3333333333333333,0.06749999999999999
celeriac cooked,42,0.3,0.0,0.0,0.0,9.1,0.0,Fats & Oils,0.0,0.0,0.05,0.0,,,,,,,,,,,,,,,,,,,,,,,,True,True,True,False,False,False,False,0.0,0.0,0.0,0.06428571428571428
mustard spinach raw,33,0.5,0.087,0.2,0.073,5.9,0.0,Fats & Oils,0.0,0.0,0.05,0.0,,,,,,,,,,,,,,,,,,,,,,,,True,True,True,False,False,True,False,0.0,0.0,0.0,0.13636363636363635
zucchini raw,44,0.8,0.2,0.074,0.2,8.1,6.5,Fats & Oils,0.0,0.0,0.05,0.0,,,,,,,,,,,,,,,,,,,,,,,,True,True,True,False,False,False,False,0.0,0.0,0.5909090909090909,0.16363636363636364
okra cooked,35,0.3,0.032,0.033,0.034,7.2,3.8,Fats & Oils,0.0,0.0,0.05,0.0,,,,,,,,,,,,,,,,,,,,,,,,True,True,True,False,False,False,False,0.0,0.0,0.4342857142857143,0.07714285714285714
white icicle radish,14,0.1,0.076,0.083,0.091,2.6,0.0,Fats & Oils,0.0,0.0,0.05,0.0,,,,,,,,,,,,,,,,,,,,,,,,True,True,True,False,False,True,False,0.0,0.0,0.0,0.0642857142857143
orange tomato,18,0.2,0.097,0.062,0.046,3.5,0.0,Fats & Oils,0.0,0.0,0.05,0.0,,,,,,,,,,,,,,,,,,,,,,,,True,True,True,False,False,True,False,0.0,0.0,0.0,0.1
pumpkin leaves raw,7,0.2,0.053,0.063,0.039,0.9,0.0,Fats & Oils,0.0,0.0,0.05,0.0,,,,,,,,,,,,,,,,,,,,,,,,True,True,True,False,False,True,False,0.0,0.0,0.0,0.2571428571428572
spaghetti squash cooked,42,0.4,0.091,0.0,0.2,10.0,3.9,Fats & Oils,0.0,0.0,0.05,0.0,,,,,,,,,,,,,,,,,,,,,,,,True,True,True,False,False,False,False,0.0,0.0,0.37142857142857144,0.08571428571428572
white corn cooked,100,1.5,0.2,0.4,0.6,22.4,8.0,Fats & Oils,0.0,0.0,0.05,0.0,,,,,,,,,,,,,,,,,,,,,,,,True,True,True,False,False,False,False,0.0,0.0,0.32,0.135
artichoke cooked,64,0.4,0.059,0.077,0.2,14.3,1.2,Fats & Oils,0.0,0.0,0.05,0.0,,,,,,,,,,,,,,,,,,,,,,,,True,True,True,False,False,False,False,0.0,0.0,0.075,0.05625
avocado,432,39.6,5.7,26.5,4.9,23.0,1.8,Fats & Oils,0.0,0.0,0.05,0.0,,,,,,,,,,,,,,,,,,,,,,,,True,True,True,False,False,True,False,0.0,0.0,0.016666666666666666,0.8250000000000001
string beans wellsley farms,8,0.0,0.0,0.0,0.0,1.7,0.3,Fats & Oils,0.0,0.0,0.05,0.0,,,,,,,,,,,,,,,,,,,,,,,,True,True,True,False,False,True,False,0.0,0.0,0.15,0.0
lambs quarters cooked,58,1.3,0.085,0.2,0.6,9.0,1.1,Fats & Oils,0.0,0.0,0.05,0.0,,,,,,,,,,,,,,,,,,,,,,,,False,False,False,True,False,False,False,0.0,0.0,0.07586206896551725,0.2017241379310345
peas cooked,134,0.4,0.065,0.05,0.2,25.0,9.5,Fats & Oils,0.0,0.0,0.05,0.0,,,,,,,,,,,,,,,,,,,,,,,,True,True,True,False,False,False,False,0.0,0.0,0.2835820895522388,0.026865671641791045
beets cooked,22,0.085,0.026,0.024,0.07,5.0,4.0,Fats & Oils,0.0,0.0,0.05,0.0,,,,,,,,,,,,,,,,,,,,,,,,True,True,True,False,False,True,False,0.0,0.0,0.7272727272727273,0.034772727272727275
shallots dried,3,0.013,0.063,0.043,0.061,0.7,0.3,Fats & Oils,0.0,0.0,0.05,0.0,,,,,,,,,,,,,,,,,,,,,,,,True,True,True,False,False,True,False,0.0,0.0,0.39999999999999997,0.039
green lettuce,23,0.2,0.027,0.075,0.1,4.3,1.2,Fats & Oils,0.0,0.0,0.05,0.0,,,,,,,,,,,,,,,,,,,,,,,,True,True,True,False,False,True,False,0.0,0.0,0.20869565217391303,0.0782608695652174
kohlrabi cooked,48,0.2,0.041,0.004,0.094,11.0,4.6,Fats & Oils,0.0,0.0,0.05,0.0,,,,,,,,,,,,,,,,,,,,,,,,True,True,True,False,False,False,False,0.0,0.0,0.3833333333333333,0.0375
kanpyo dried,139,0.3,0.041,0.012,0.1,35.1,0.0,Fats & Oils,0.0,0.0,0.05,0.0,,,,,,,,,,,,,,,,,,,,,,,,True,True,True,False,False,False,False,0.0,0.0,0.0,0.019424460431654675
prairie turnips boiled,18,0.086,0.0,0.0,0.0,4.2,0.7,Fats & Oils,0.0,0.0,0.05,0.0,,,,,,,,,,,,,,,,,,,,,,,,True,True,True,False,False,True,False,0.0,0.0,0.15555555555555556,0.043
broccoli raab cooked,21,0.4,0.086,0.017,0.1,2.7,0.5,Fats & Oils,0.0,0.0,0.05,0.0,,,,,,,,,,,,,,,,,,,,,,,,True,True,True,False,False,True,False,0.0,0.0,0.09523809523809523,0.17142857142857143
summer squash cooked,49,1.0,0.2,0.031,0.3,9.9,6.4,Fats & Oils,0.0,0.0,0.05,0.0,,,,,,,,,,,,,,,,,,,,,,,,True,True,True,False,False,False,False,0.0,0.0,0.5224489795918368,0.1836734693877551
taro cooked,187,0.1,0.012,0.064,0.056,45.7,0.6,Fats & Oils,0.0,0.0,0.05,0.0,,,,,,,,,,,,,,,,,,,,,,,,True,True,True,False,False,False,False,0.0,0.0,0.012834224598930482,0.004812834224598931
spring onion scallions,6,0.077,0.029,0.055,0.031,1.5,0.5,Fats & Oils,0.0,0.0,0.05,0.0,,,,,,,,,,,,,,,,,,,,,,,,True,True,True,False,False,True,False,0.0,0.0,0.3333333333333333,0.11549999999999999
hubbard squash cooked,57,0.7,0.1,0.042,0.3,12.3,5.6,Fats & Oils,0.0,0.0,0.05,0.0,,,,,,,,,,,,,,,,,,,,,,,,True,True,True,False,False,False,False,0.0,0.0,0.3929824561403509,0.11052631578947368
jalapeno pepper,4,0.002,0.06,0.018,0.095,0.9,0.6,Fats & Oils,0.0,0.0,0.05,0.0,,,,,,,,,,,,,,,,,,,,,,,,True,True,True,False,False,True,False,0.0,0.0,0.6,0.0045000000000000005
new zealand spinach cooked,22,0.3,0.027,0.028,0.1,3.8,0.5,Fats & Oils,0.0,0.0,0.05,0.0,,,,,,,,,,,,,,,,,,,,,,,,True,True,True,False,False,True,False,0.0,0.0,0.09090909090909091,0.12272727272727271
sesbania flower raw,1,0.095,0.0,0.0,0.0,0.2,0.0,Fats & Oils,0.0,0.0,0.05,0.0,,,,,,,,,,,,,,,,,,,,,,,,True,True,True,False,False,True,False,0.0,0.0,0.0,0.855
spirulina dried,20,0.5,0.2,0.019,0.1,1.7,0.2,Fats & Oils,0.0,0.0,0.05,0.0,,,,,,,,,,,,,,,,,,,,,,,,True,True,True,False,False,True,False,0.0,0.0,0.04,0.225
chinese cabbage pe tsai cooked,17,0.2,0.011,0.059,0.086,2.9,0.0,Fats & Oils,0.0,0.0,0.05,0.0,,,,,,,,,,,,,,,,,,,,,,,,True,True,True,False,False,True,False,0.0,0.0,0.0,0.10588235294117647
zucchini cooked,27,0.6,0.1,0.095,0.3,4.8,3.1,Fats & Oils,0.0,0.0,0.05,0.0,,,,,,,,,,,,,,,,,,,,,,,,True,True,True,False,False,True,False,0.0,0.0,0.45925925925925926,0.19999999999999998
green olives pickled,4,0.4,0.064,0.3,0.047,0.1,0.051,Fats & Oils,0.0,0.0,0.05,0.0,,,,,,,,,,,,,,,,,,,,,,,,True,True,True,False,False,True,False,0.0,0.0,0.051,0.9
lotus root raw,85,0.1,0.057,0.089,0.04,19.8,0.0,Fats & Oils,0.0,0.0,0.05,0.0,,,,,,,,,,,,,,,,,,,,,,,,True,True,True,False,False,False,False,0.0,0.0,0.0,0.010588235294117647
grape leaves,13,0.3,0.085,0.063,0.1,2.4,0.9,Fats & Oils,0.0,0.0,0.05,0.0,,,,,,,,,,,,,,,,,,,,,,,,True,True,True,False,False,True,False,0.0,0.0,0.27692307692307694,0.20769230769230768
dill pickled cucumber,17,0.2,0.08,0.055,0.065,3.7,1.9,Fats & Oils,0.0,0.0,0.05,0.0,,,,,,,,,,,,,,,,,,,,,,,,True,True,True,False,False,True,False,0.0,0.0,0.44705882352941173,0.10588235294117647
skunk cabbage,11,0.1,0.0,0.0,0.0,1.8,0.0,Fats & Oils,0.0,0.0,0.05,0.0,,,,,,,,,,,,,,,,,,,,,,,,True,True,True,False,False,True,False,0.0,0.0,0.0,0.08181818181818182
banana pepper,9,0.1,0.018,0.073,0.098,1.8,0.6,Fats & Oils,0.0,0.0,0.05,0.0,,,,,,,,,,,,,,,,,,,,,,,,True,True,True,False,False,True,False,0.0,0.0,0.26666666666666666,0.1
oriental radish raw,61,0.3,0.1,0.01,0.2,13.9,8.5,Fats & Oils,0.0,0.0,0.05,0.0,,,,,,,,,,,,,,,,,,,,,,,,True,True,True,False,False,False,False,0.0,0.0,0.5573770491803278,0.04426229508196721
purslane cooked,21,0.2,0.0,0.0,0.0,4.1,0.0,Fats & Oils,0.0,0.0,0.05,0.0,,,,,,,,,,,,,,,,,,,,,,,,True,True,True,False,False,True,False,0.0,0.0,0.0,0.08571428571428572
rhubarb raw,11,0.1,0.043,0.018,0.045,2.3,0.6,Fats & Oils,0.0,0.0,0.05,0.0,,,,,,,,,,,,,,,,,,,,,,,,True,True,True,False,False,True,False,0.0,0.0,0.21818181818181817,0.08181818181818182
swamp cabbage,20,0.2,0.0,0.0,0.0,3.6,0.0,Fats & Oils,0.0,0.0,0.05,0.0,,,,,,,,,,,,,,,,,,,,,,,,True,True,True,False,False,True,False,0.0,0.0,0.0,0.09
mung bean sprouts raw,6,0.044,0.036,0.026,0.085,1.2,0.8,Fats & Oils,0.0,0.0,0.05,0.0,,,,,,,,,,,,,,,,,,,,,,,,True,True,True,False,False,True,False,0.0,0.0,0.5333333333333333,0.06599999999999999
onion cooked,7,0.034,0.095,0.098,0.092,1.5,0.7,Fats & Oils,0.0,0.0,0.05,0.0,,,,,,,,,,,,,,,,,,,,,,,,True,True,True,False,False,True,False,0.0,0.0,0.39999999999999997,0.04371428571428572
swiss chard raw,7,0.042,0.065,0.092,0.013,1.3,0.4,Fats & Oils,0.0,0.0,0.05,0.0,,,,,,,,,,,,,,,,,,,,,,,,True,True,True,False,False,True,False,0.0,0.0,0.2285714285714286,0.054
peas raw,117,0.6,0.1,0.086,0.3,21.0,8.2,Fats & Oils,0.0,0.0,0.05,0.0,,,,,,,,,,,,,,,,,,,,,,,,True,True,True,False,False,False,False,0.0,0.0,0.28034188034188035,0.04615384615384615
cabbage cooked,35,0.019,0.0,0.012,0.061,8.3,4.2,Fats & Oils,0.0,0.0,0.05,0.0,,,,,,,,,,,,,,,,,,,,,,,,True,True,True,False,False,False,False,0.0,0.0,0.48000000000000004,0.004885714285714285
taro leaves cooked,35,0.6,0.1,0.065,0.2,5.6,0.0,Fats & Oils,0.0,0.0,0.05,0.0,,,,,,,,,,,,,,,,,,,,,,,,True,True,True,False,False,True,False,0.0,0.0,0.0,0.15428571428571428
leeks cooked,38,0.2,0.086,0.098,0.1,9.4,2.6,Fats & Oils,0.0,0.0,0.05,0.0,,,,,,,,,,,,,,,,,,,,,,,,True,True,True,False,False,False,False,0.0,0.0,0.2736842105263158,0.04736842105263158
split peas cooked,227,0.8,0.1,0.2,0.3,40.2,5.7,Fats & Oils,0.0,0.0,0.05,0.0,,,,,,,,,,,,,,,,,,,,,,,,True,True,True,False,False,False,False,0.0,0.0,0.10044052863436123,0.03171806167400881
sweet corn yellow,58,0.4,0.029,0.1,0.2,14.2,2.6,Fats & Oils,0.0,0.0,0.05,0.0,,,,,,,,,,,,,,,,,,,,,,,,True,True,True,False,False,False,False,0.0,0.0,0.1793103448275862,0.06206896551724138
asparagus raw,2,0.037,0.012,0.0,0.083,0.5,0.2,Fats & Oils,0.0,0.0,0.05,0.0,,,,,,,,,,,,,,,,,,,,,,,,True,True,True,False,False,True,False,0.0,0.0,0.4,0.16649999999999998
collard cooked,63,1.4,0.049,0.095,0.3,10.7,0.0,Fats & Oils,0.0,0.0,0.05,0.0,,,,,,,,,,,,,,,,,,,,,,,,False,False,False,True,False,False,False,0.0,0.0,0.0,0.19999999999999998
swiss chard cooked,35,0.1,0.0,0.0,0.0,7.2,1.9,Fats & Oils,0.0,0.0,0.05,0.0,,,,,,,,,,,,,,,,,,,,,,,,True,True,True,False,False,False,False,0.0,0.0,0.21714285714285714,0.025714285714285714
nopales cooked,22,0.003,0.064,0.007,0.071,4.9,1.7,Fats & Oils,0.0,0.0,0.05,0.0,,,,,,,,,,,,,,,,,,,,,,,,True,True,True,False,False,True,False,0.0,0.0,0.3090909090909091,0.0012272727272727272
tahitian taro cooked,60,0.9,0.2,0.015,0.4,9.4,0.0,Fats & Oils,0.0,0.0,0.05,0.0,,,,,,,,,,,,,,,,,,,,,,,,True,True,True,False,False,False,False,0.0,0.0,0.0,0.13499999999999998
chinese cabbage pak choi raw,9,0.1,0.013,0.03,0.034,1.5,0.8,Fats & Oils,0.0,0.0,0.05,0.0,,,,,,,,,,,,,,,,,,,,,,,,True,True,True,False,False,True,False,0.0,0.0,0.35555555555555557,0.1
green chili pepper,18,0.097,0.067,0.088,0.034,4.3,2.3,Fats & Oils,0.0,0.0,0.05,0.0,,,,,,,,,,,,,,,,,,,,,,,,True,True,True,False,False,True,False,0.0,0.0,0.5111111111111111,0.0485
mountain yam raw,91,0.1,0.015,0.047,0.027,22.2,0.4,Fats & Oils,0.0,0.0,0.05,0.0,,,,,,,,,,,,,,,,,,,,,,,,True,True,True,False,False,False,False,0.0,0.0,0.017582417582417582,0.00989010989010989
parsnips cooked,114,0.5,0.081,0.2,0.018,27.2,7.7,Fats & Oils,0.0,0.0,0.05,0.0,,,,,,,,,,,,,,,,,,,,,,,,True,True,True,False,False,False,False,0.0,0.0,0.27017543859649124,0.039473684210526314
tomato stewed,97,3.3,0.6,1.3,1.1,16.1,0.0,Fats & Oils,0.0,0.0,0.05,0.0,,,,,,,,,,,,,,,,,,,,,,,,True,True,True,False,False,False,False,0.0,0.0,0.0,0.30618556701030925
sweet green peppers cooked,19,0.1,0.037,0.031,0.039,4.5,2.3,Fats & Oils,0.0,0.0,0.05,0.0,,,,,,,,,,,,,,,,,,,,,,,,True,True,True,False,False,True,False,0.0,0.0,0.4842105263157894,0.04736842105263158
white corn raw,143,2.0,0.3,0.6,0.9,31.6,5.3,Fats & Oils,0.0,0.0,0.05,0.0,,,,,,,,,,,,,,,,,,,,,,,,True,True,True,False,False,False,False,0.0,0.0,0.14825174825174825,0.1258741258741259
rutabaga raw,286,1.2,0.2,0.2,0.7,66.5,34.4,Fats & Oils,0.0,0.0,0.05,0.0,,,,,,,,,,,,,,,,,,,,,,,,True,True,True,False,False,False,False,0.0,0.0,0.4811188811188811,0.037762237762237756
jalapeno peppers canned,37,1.3,0.1,0.031,0.7,6.4,2.9,Fats & Oils,0.0,0.0,0.05,0.0,,,,,,,,,,,,,,,,,,,,,,,,True,True,True,False,False,False,False,0.0,0.0,0.31351351351351353,0.31621621621621626
pumpkin canned,83,0.7,0.4,0.098,0.032,19.8,8.1,Fats & Oils,0.0,0.0,0.05,0.0,,,,,,,,,,,,,,,,,,,,,,,,True,True,True,False,False,False,False,0.0,0.0,0.39036144578313253,0.07590361445783132
peas onions canned,61,0.5,0.064,0.009,0.2,10.3,0.0,Fats & Oils,0.0,0.0,0.05,0.0,,,,,,,,,,,,,,,,,,,,,,,,True,True,True,False,False,False,False,0.0,0.0,0.0,0.07377049180327869
sweet mashed potato canned,258,0.5,0.1,0.042,0.2,59.1,13.9,Fats & Oils,0.0,0.0,0.05,0.0,,,,,,,,,,,,,,,,,,,,,,,,True,True,True,False,False,False,False,0.0,0.0,0.21550387596899226,0.01744186046511628
hominy canned,119,1.5,0.2,0.4,0.7,23.5,3.0,Fats & Oils,0.0,0.0,0.05,0.0,,,,,,,,,,,,,,,,,,,,,,,,True,True,True,False,False,False,False,0.0,0.0,0.10084033613445378,0.1134453781512605
tomato puree canned,95,0.5,0.098,0.028,0.2,22.5,12.1,Fats & Oils,0.0,0.0,0.05,0.0,,,,,,,,,,,,,,,,,,,,,,,,True,True,True,False,False,False,False,0.0,0.0,0.5094736842105263,0.04736842105263158
dried tomatoes canned in oil,6,0.4,0.072,0.3,0.076,0.7,0.0,Fats & Oils,0.0,0.0,0.05,0.0,,,,,,,,,,,,,,,,,,,,,,,,True,True,True,False,False,True,False,0.0,0.0,0.0,0.6
mixed vegetables canned,88,0.6,0.1,0.039,0.3,17.5,0.0,Fats & Oils,0.0,0.0,0.05,0.0,,,,,,,,,,,,,,,,,,,,,,,,True,True,True,False,False,False,False,0.0,0.0,0.0,0.061363636363636356
straw mushrooms canned,2,0.09,0.1,0.06,0.027,0.3,0.0,Fats & Oils,0.0,0.0,0.05,0.0,,,,,,,,,,,,,,,,,,,,,,,,True,True,True,False,False,True,False,0.0,0.0,0.0,0.40499999999999997
capers canned,2,0.089,0.021,0.098,0.089,0.4,0.011,Fats & Oils,0.0,0.0,0.05,0.0,,,,,,,,,,,,,,,,,,,,,,,,True,True,True,False,False,True,False,0.0,0.0,0.022,0.40049999999999997
red peppers canned,15,0.058,0.03,0.069,0.098,3.7,2.4,Fats & Oils,0.0,0.0,0.05,0.0,,,,,,,,,,,,,,,,,,,,,,,,True,True,True,False,False,True,False,0.0,0.0,0.64,0.034800000000000005
carrots canned,104,0.6,0.1,0.009,0.3,24.4,11.2,Fats & Oils,0.0,0.0,0.05,0.0,,,,,,,,,,,,,,,,,,,,,,,,True,True,True,False,False,False,False,0.0,0.0,0.43076923076923074,0.05192307692307692
tomatoes in tomato juice canned,41,0.3,0.08,0.013,0.1,9.6,5.7,Fats & Oils,0.0,0.0,0.05,0.0,,,,,,,,,,,,,,,,,,,,,,,,True,True,True,False,False,False,False,0.0,0.0,0.5560975609756098,0.06585365853658535
asparagus canned,62,0.7,0.2,0.015,0.3,10.2,4.1,Fats & Oils,0.0,0.0,0.05,0.0,,,,,,,,,,,,,,,,,,,,,,,,True,True,True,False,False,False,False,0.0,0.0,0.264516129032258,0.10161290322580645
sweet red peppers canned,25,0.4,0.013,0.006,0.2,5.5,0.0,Fats & Oils,0.0,0.0,0.05,0.0,,,,,,,,,,,,,,,,,,,,,,,,True,True,True,False,False,True,False,0.0,0.0,0.0,0.14400000000000002
onions canned,12,0.084,0.045,0.06,0.042,2.5,1.4,Fats & Oils,0.0,0.0,0.05,0.0,,,,,,,,,,,,,,,,,,,,,,,,True,True,True,False,False,True,False,0.0,0.0,0.4666666666666666,0.063
turnip greens canned,27,0.4,0.1,0.047,0.2,4.0,0.6,Fats & Oils,0.0,0.0,0.05,0.0,,,,,,,,,,,,,,,,,,,,,,,,True,True,True,False,False,True,False,0.0,0.0,0.08888888888888889,0.13333333333333333
hearts of palm,9,0.2,0.056,0.029,0.02,1.5,0.0,Fats & Oils,0.0,0.0,0.05,0.0,,,,,,,,,,,,,,,,,,,,,,,,True,True,True,False,False,True,False,0.0,0.0,0.0,0.2
spinach canned,44,0.9,0.1,0.074,0.4,6.8,0.0,Fats & Oils,0.0,0.0,0.05,0.0,,,,,,,,,,,,,,,,,,,,,,,,True,True,True,False,False,False,False,0.0,0.0,0.0,0.18409090909090908
sweet potato canned,568,1.3,0.3,0.08,0.5,133.5,98.3,Fats & Oils,0.0,0.0,0.05,0.0,,,,,,,,,,,,,,,,,,,,,,,,True,True,True,False,False,False,False,0.0,0.0,0.6922535211267605,0.020598591549295775
corn canned,49,0.6,0.032,0.1,0.2,11.1,3.3,Fats & Oils,0.0,0.0,0.05,0.0,,,,,,,,,,,,,,,,,,,,,,,,True,True,True,False,False,False,False,0.0,0.0,0.2693877551020408,0.11020408163265305
peas carrots canned,97,0.7,0.1,0.052,0.3,21.6,7.2,Fats & Oils,0.0,0.0,0.05,0.0,,,,,,,,,,,,,,,,,,,,,,,,True,True,True,False,False,False,False,0.0,0.0,0.29690721649484536,0.06494845360824741
crookneck squash canned,27,0.1,0.088,0.065,0.027,6.2,2.5,Fats & Oils,0.0,0.0,0.05,0.0,,,,,,,,,,,,,,,,,,,,,,,,True,True,True,False,False,False,False,0.0,0.0,0.37037037037037035,0.03333333333333333
tomatoes canned,77,0.7,0.062,0.1,0.3,17.6,10.6,Fats & Oils,0.0,0.0,0.05,0.0,,,,,,,,,,,,,,,,,,,,,,,,True,True,True,False,False,False,False,0.0,0.0,0.5506493506493506,0.08181818181818182
pimento canned,44,0.6,0.004,0.081,0.3,9.8,5.2,Fats & Oils,0.0,0.0,0.05,0.0,,,,,,,,,,,,,,,,,,,,,,,,True,True,True,False,False,False,False,0.0,0.0,0.4727272727272727,0.12272727272727271
sweet green peppers canned,25,0.4,0.037,0.015,0.2,5.5,0.0,Fats & Oils,0.0,0.0,0.05,0.0,,,,,,,,,,,,,,,,,,,,,,,,True,True,True,False,False,True,False,0.0,0.0,0.0,0.14400000000000002
peas canned,57,0.8,0.1,0.021,0.4,9.5,0.0,Fats & Oils,0.0,0.0,0.05,0.0,,,,,,,,,,,,,,,,,,,,,,,,True,True,True,False,False,False,False,0.0,0.0,0.0,0.12631578947368421
chili peppers canned,29,0.4,0.013,0.053,0.2,6.4,0.0,Fats & Oils,0.0,0.0,0.05,0.0,,,,,,,,,,,,,,,,,,,,,,,,True,True,True,False,False,False,False,0.0,0.0,0.0,0.12413793103448276
green peppers canned,15,0.074,0.096,0.015,0.062,3.7,2.3,Fats & Oils,0.0,0.0,0.05,0.0,,,,,,,,,,,,,,,,,,,,,,,,True,True,True,False,False,True,False,0.0,0.0,0.6133333333333333,0.044399999999999995
grape leaves canned,20,0.6,0.065,0.016,0.3,3.3,0.0,Fats & Oils,0.0,0.0,0.05,0.0,,,,,,,,,,,,,,,,,,,,,,,,True,True,True,False,False,True,False,0.0,0.0,0.0,0.26999999999999996
sauerkraut canned,27,0.2,0.023,0.056,0.01,6.1,2.5,Fats & Oils,0.0,0.0,0.05,0.0,,,,,,,,,,,,,,,,,,,,,,,,True,True,True,False,False,False,False,0.0,0.0,0.37037037037037035,0.06666666666666667
beets canned,69,0.2,0.017,0.06,0.099,16.2,13.2,Fats & Oils,0.0,0.0,0.05,0.0,,,,,,,,,,,,,,,,,,,,,,,,True,True,True,False,False,False,False,0.0,0.0,0.7652173913043477,0.026086956521739132
stewed tomatoes canned,66,0.5,0.078,0.058,0.2,15.8,9.0,Fats & Oils,0.0,0.0,0.05,0.0,,,,,,,,,,,,,,,,,,,,,,,,True,True,True,False,False,False,False,0.0,0.0,0.5454545454545454,0.06818181818181818
tomato paste canned,215,1.2,0.3,0.2,0.4,49.5,31.9,Fats & Oils,0.0,0.0,0.05,0.0,,,,,,,,,,,,,,,,,,,,,,,,True,True,True,False,False,False,False,0.0,0.0,0.5934883720930232,0.05023255813953488
bacon ranch salad mcdonalds,389,20.1,5.2,7.9,5.2,19.4,4.9,Fats & Oils,0.0,0.0,0.05,0.0,,,,,,,,,,,,,,,,,,,,,,,,False,False,False,True,False,True,False,0.0,0.0,0.05038560411311054,0.4650385604113111
caesar salad with grilled chicken mcdonalds,201,5.6,3.0,1.5,0.6,11.3,4.8,Fats & Oils,0.0,0.0,0.05,0.0,,,,,,,,,,,,,,,,,,,,,,,,False,False,False,True,False,True,False,0.0,0.0,0.0955223880597015,0.2507462686567164
caesar salad mcdonalds,94,4.4,2.5,1.0,0.3,9.1,4.4,Fats & Oils,0.0,0.0,0.05,0.0,,,,,,,,,,,,,,,,,,,,,,,,True,True,True,False,False,False,False,0.0,0.0,0.1872340425531915,0.42127659574468085
vegetable salad,22,0.054,0.053,0.03,0.016,4.4,0.0,Fats & Oils,0.0,0.0,0.05,0.0,,,,,,,,,,,,,,,,,,,,,,,,True,True,True,False,False,True,False,0.0,0.0,0.0,0.02209090909090909
vegetable salad with chicken,70,1.5,0.4,0.5,0.4,2.5,0.0,Fats & Oils,0.0,0.0,0.05,0.0,,,,,,,,,,,,,,,,,,,,,,,,False,False,False,True,False,True,False,0.0,0.0,0.0,0.19285714285714287
potato salad,358,20.5,3.6,6.2,9.3,27.9,0.0,Fats & Oils,0.0,0.0,0.05,0.0,,,,,,,,,,,,,,,,,,,,,,,,True,True,True,False,False,False,False,0.0,0.0,0.0,0.5153631284916201
taco salad taco bell,906,48.9,15.9,21.2,4.0,80.5,0.0,Fats & Oils,0.0,0.0,0.05,0.0,,,,,,,,,,,,,,,,,,,,,,,,True,True,True,False,False,False,False,0.0,0.0,0.0,0.48576158940397346
iceberg lettuce,8,0.045,0.089,0.015,0.076,1.7,1.1,Fats & Oils,0.0,0.0,0.05,0.0,,,,,,,,,,,,,,,,,,,,,,,,True,True,True,False,False,True,False,0.0,0.0,0.55,0.050624999999999996
cornsalad,12,0.2,0.0,0.0,0.0,2.0,0.0,Fats & Oils,0.0,0.0,0.05,0.0,,,,,,,,,,,,,,,,,,,,,,,,True,True,True,False,False,True,False,0.0,0.0,0.0,0.15
potato salad with egg,393,23.5,3.6,5.0,12.5,40.5,12.4,Fats & Oils,0.0,0.0,0.05,0.0,,,,,,,,,,,,,,,,,,,,,,,,False,False,True,False,False,False,False,0.0,0.0,0.12620865139949108,0.5381679389312977
side salad mcdonalds,17,0.2,0.014,0.061,0.031,3.7,1.9,Fats & Oils,0.0,0.0,0.05,0.0,,,,,,,,,,,,,,,,,,,,,,,,True,True,True,False,False,True,False,0.0,0.0,0.44705882352941173,0.10588235294117647
caesar salad with crispy chicken mcdonalds,349,16.4,4.3,6.5,4.7,19.2,4.5,Fats & Oils,0.0,0.0,0.05,0.0,,,,,,,,,,,,,,,,,,,,,,,,False,False,False,True,False,True,False,0.0,0.0,0.05157593123209169,0.42292263610315184
grape apple salad with walnuts,191,8.2,1.1,1.4,5.3,25.6,20.3,Fats & Oils,14.0,5.0,0.05,0.0,,,,,,,,,,,,,,,,,,,,,,,,True,True,True,False,True,False,True,0.2931937172774869,2.6178010471204187,0.42513089005235605,0.3863874345549738
vegetable salad with cheese egg,68,3.9,2.0,1.2,0.3,3.2,0.0,Fats & Oils,0.0,0.0,0.05,30.0,,,,,,,,,,,,,,,,,,,,,,,,False,False,True,False,False,True,False,0.0,0.0,0.0,0.5161764705882353
celtuce,1,0.088,0.0,0.0,0.0,0.3,0.0,Fats & Oils,0.0,0.0,0.05,0.0,,,,,,,,,,,,,,,,,,,,,,,,True,True,True,False,False,True,False,0.0,0.0,0.0,0.7919999999999999
arugula,5,0.1,0.029,0.015,0.057,0.7,0.4,Fats & Oils,0.0,0.0,0.05,0.0,,,,,,,,,,,,,,,,,,,,,,,,True,True,True,False,False,True,False,0.0,0.0,0.32,0.18
vegetable salad with shrimp,71,1.7,0.4,0.5,0.3,4.4,0.0,Fats & Oils,0.0,0.0,0.05,0.0,,,,,,,,,,,,,,,,,,,,,,,,False,False,False,True,False,True,False,0.0,0.0,0.0,0.21549295774647886
coleslaw,292,18.9,3.1,5.1,10.2,28.4,23.3,Fats & Oils,0.0,0.0,0.05,0.0,,,,,,,,,,,,,,,,,,,,,,,,True,True,True,False,False,False,False,0.0,0.0,0.31917808219178084,0.5825342465753425
shiitake mushrooms cooked,10,0.007,0.061,0.051,0.064,2.6,0.7,Fats & Oils,0.0,0.0,0.05,0.0,,,,,,,,,,,,,,,,,,,,,,,,True,True,True,False,False,True,False,0.0,0.0,0.27999999999999997,0.0063
shiitake mushrooms raw,6,0.039,0.0,0.0,0.0,1.3,0.5,Fats & Oils,0.0,0.0,0.05,0.0,,,,,,,,,,,,,,,,,,,,,,,,True,True,True,False,False,True,False,0.0,0.0,0.3333333333333333,0.058499999999999996
crimini mushrooms,1,0.018,0.054,0.014,0.025,0.3,0.1,Fats & Oils,0.0,0.0,0.05,0.0,,,,,,,,,,,,,,,,,,,,,,,,True,True,True,False,False,True,False,0.0,0.0,0.4,0.16199999999999998
mushrooms raw,15,0.2,0.052,0.0,0.1,2.3,1.4,Fats & Oils,0.0,0.0,0.05,0.0,,,,,,,,,,,,,,,,,,,,,,,,True,True,True,False,False,True,False,0.0,0.0,0.3733333333333333,0.12000000000000001
portabella mushrooms grilled,35,0.7,0.023,0.021,0.3,5.4,2.7,Fats & Oils,0.0,0.0,0.05,0.0,,,,,,,,,,,,,,,,,,,,,,,,True,True,True,False,False,True,False,0.0,0.0,0.3085714285714286,0.18
maitake mushrooms,0,0.017,0.011,0.059,0.022,0.072,0.043,Fats & Oils,0.0,0.0,0.05,0.0,,,,,,,,,,,,,,,,,,,,,,,,True,True,True,False,False,True,False,0.0,0.0,0.172,0.15300000000000002
shiitake mushrooms dried,11,0.061,0.014,0.004,0.058,2.7,0.046,Fats & Oils,0.0,0.0,0.05,0.0,,,,,,,,,,,,,,,,,,,,,,,,True,True,True,False,False,True,False,0.0,0.0,0.016727272727272726,0.0499090909090909
chanterelle mushrooms,2,0.063,0.0,0.0,0.0,0.4,0.076,Fats & Oils,0.0,0.0,0.05,0.0,,,,,,,,,,,,,,,,,,,,,,,,True,True,True,False,False,True,False,0.0,0.0,0.152,0.2835
cloud ear fungus dried,80,0.2,0.0,0.0,0.0,20.4,0.0,Fats & Oils,0.0,0.0,0.05,0.0,,,,,,,,,,,,,,,,,,,,,,,,True,True,True,False,False,False,False,0.0,0.0,0.0,0.0225
mushrooms cooked,44,0.7,0.05,0.004,0.3,8.3,3.7,Fats & Oils,0.0,0.0,0.05,0.0,,,,,,,,,,,,,,,,,,,,,,,,True,True,True,False,False,False,False,0.0,0.0,0.33636363636363636,0.1431818181818182
pepeao dried,72,0.1,0.0,0.0,0.0,19.4,0.0,Fats & Oils,0.0,0.0,0.05,0.0,,,,,,,,,,,,,,,,,,,,,,,,True,True,True,False,False,False,False,0.0,0.0,0.0,0.0125
truffles,61,4.1,2.2,1.5,0.1,5.4,4.6,Fats & Oils,0.0,0.0,0.05,0.0,,,,,,,,,,,,,,,,,,,,,,,,True,True,True,False,False,True,False,0.0,0.0,0.30163934426229505,0.6049180327868853
jews ear,25,0.095,0.0,0.0,0.0,6.7,0.0,Fats & Oils,0.0,0.0,0.05,0.0,,,,,,,,,,,,,,,,,,,,,,,,True,True,True,False,False,False,False,0.0,0.0,0.0,0.0342
enoki mushrooms,1,0.099,0.027,0.0,0.01,0.2,0.034,Fats & Oils,0.0,0.0,0.05,0.0,,,,,,,,,,,,,,,,,,,,,,,,True,True,True,False,False,True,False,0.0,0.0,0.136,0.891
morel mushrooms,4,0.07,0.056,0.031,0.007,0.7,0.096,Fats & Oils,0.0,0.0,0.05,0.0,,,,,,,,,,,,,,,,,,,,,,,,True,True,True,False,False,True,False,0.0,0.0,0.096,0.15750000000000003
portabella mushrooms raw,19,0.3,0.036,0.016,0.1,3.3,2.2,Fats & Oils,0.0,0.0,0.05,0.0,,,,,,,,,,,,,,,,,,,,,,,,True,True,True,False,False,True,False,0.0,0.0,0.46315789473684216,0.14210526315789473
oyster mushroom,5,0.035,0.016,0.039,0.099,0.9,0.2,Fats & Oils,0.0,0.0,0.05,0.0,,,,,,,,,,,,,,,,,,,,,,,,True,True,True,False,False,True,False,0.0,0.0,0.16,0.06300000000000001
